sha256,canonical_path,canonical_extension,duplicate_count
6b92407827e500e114f984e36f627f99ff11e12d32c4c0ef872565ea4ef09a53,SMQ BIBLES\nsmq 2021.zip,.zip,1
3ebd286c2ea0e51d090a8cb17222a6fa67791e6591277f72fe7a3c74d54b2d58,SMQ BIBLES\NSMQ 2022.zip,.zip,1
075185f797cc6d0423fcfd79e88305d8c2fe4e1bf3bb3ce8e5f4d55c1872cb2d,SMQ BIBLES\NSMQ2020.zip,.zip,1
8c41bb31e9d1e5b0b34f5bd850a4021eee1c8ff3432eb9527df86bf772b661be,SMQ BIBLES\2018 Eastern Regional Contests\CONTEST 1.docx,.docx,1
3e7a643b51c6f14c043f9ed082ef9804f8895d8ad5bca77696056659216dd97a,SMQ BIBLES\2018 Eastern Regional Contests\CONTEST 10.docx,.docx,1
cf0f5e69c4dab4987d0b06289527d8e2d837c8cf81e9c4c5f8d753a307b52796,SMQ BIBLES\2018 Eastern Regional Contests\CONTEST 11.docx,.docx,1
87010c1401678b9b121089facbe893b4fc803a171ef0e6950103b61114f3ffa8,SMQ BIBLES\2018 Eastern Regional Contests\CONTEST 12.docx,.docx,1
477d97c9c055da12e1f1e0405731ded98308c34c56ddab7a740d6a6359844e1a,SMQ BIBLES\2018 Eastern Regional Contests\CONTEST 13.docx,.docx,1
bb26b592dccd9bd0c43053ac4c2d07bc75f1fd3ef0e9e1ed8f565bed80c92aae,SMQ BIBLES\2018 Eastern Regional Contests\CONTEST 14.docx,.docx,1
32074815763913d2696c91cbd8e6f853e2be96bbd4e4d549b7e982cfe12675a5,SMQ BIBLES\2018 Eastern Regional Contests\CONTEST 15.docx,.docx,1
6a7639c3943472bb86b0d8236dfb70c006fcae738a28db8c1af6f1e1f9aa08bf,SMQ BIBLES\2018 Eastern Regional Contests\CONTEST 16.docx,.docx,1
65d421c224a4669fbf6b1ccce295ec61967807f6097a22281541eb1a5bded24a,SMQ BIBLES\2018 Eastern Regional Contests\CONTEST 17.docx,.docx,1
1f52f7b9e4e84e642ab7de790d68df3686881ca00f1b20885c6aef8ce81ca08d,SMQ BIBLES\2018 Eastern Regional Contests\CONTEST 18.docx,.docx,1
dfc1f2ae7a96f29b38dc9937809252fa85d67798adcce66119be736e0cd170f8,SMQ BIBLES\2018 Eastern Regional Contests\CONTEST 19.docx,.docx,1
c5829942bb9d48bddf3d07be21af1ec28b6adc8fbecb17c286be633bf03d8030,SMQ BIBLES\2018 Eastern Regional Contests\CONTEST 2.docx,.docx,1
5bfdf07e08a7704cc93af7375ab93a8ec382a914ae91ce41d47cf627b22cf4c8,SMQ BIBLES\2018 Eastern Regional Contests\CONTEST 20.docx,.docx,1
f19b3b8ec04cbee155b7c5340df0afc1c1b2024e93d875f880220c4c32da7e99,SMQ BIBLES\2018 Eastern Regional Contests\CONTEST 21.docx,.docx,1
e1822b2be74b3eee24d5ed7b24931f6863a290697063f00307178030f204103d,SMQ BIBLES\2018 Eastern Regional Contests\CONTEST 22.docx,.docx,1
b74741784488a5d6df06eaae2f3bd3c7014c1a73bb094095393f3f5e7ccf5c5c,SMQ BIBLES\2018 Eastern Regional Contests\CONTEST 23.docx,.docx,1
6dfd9167a3fda1d7eaf0bcc6d75bb75177a26808e69d3e7ac13834e434820730,SMQ BIBLES\2018 Eastern Regional Contests\CONTEST 24.docx,.docx,1
c2eb0fbed9868169d3f9e1f8856efcca70a67ba59a32fd76527a1f6ac66015d6,SMQ BIBLES\2018 Eastern Regional Contests\CONTEST 3.docx,.docx,1
ecf12cebbd6059b37eafe120cc4db0bc26cec7154c982ba29958f9d3a4fd6720,SMQ BIBLES\2018 Eastern Regional Contests\CONTEST 4.docx,.docx,1
1d708b8bb3e7a0f9f6ec17bbdcca0f336a27e049adeafe053b2665628c1bb1fb,SMQ BIBLES\2018 Eastern Regional Contests\CONTEST 5.docx,.docx,1
ec66ef030e9415e70de5bb2326b20029683d185fc5d75d5fb6cd3da7505e9146,SMQ BIBLES\2018 Eastern Regional Contests\CONTEST 6.docx,.docx,1
29942d235777e6aa22c39ad8c4941a6b74866c688a02ac03cb58510a1c1cb353,SMQ BIBLES\2018 Eastern Regional Contests\CONTEST 7.docx,.docx,1
ec83a78f16efe10342b5e2b7bad556cb90f2abce3a8a6b1af948300911039c83,SMQ BIBLES\2018 Eastern Regional Contests\CONTEST 8.docx,.docx,1
0c0d8d25ddeef2d0b00231f8c3b8a254ffb2e2345104a566f430b9541f0d473c,SMQ BIBLES\2018 Eastern Regional Contests\CONTEST 9.docx,.docx,1
ff4dbd22cfbb790e5d229ed9a9fc23998b517371b33d0315dc26f5bdcd9c5c51,SMQ BIBLES\NSMQ 2009\CONTEST13.docx,.docx,1
af98f847f66fd0402c764d94cea1cec6c94790e65cc2cfc1ba090087be4c9730,SMQ BIBLES\NSMQ 2009\List of who and what.xls,.xls,1
845d118f7ecb1c37bd74015b45c29499174299878b17b29f69b378fd9a5b235b,SMQ BIBLES\NSMQ 2009\NSMQ 2009contest 17.docx,.docx,1
c2d8a4b7bfc475d65aa2975972d60e1f78fc6b9f066068b1d83ddf7cb408ebc1,SMQ BIBLES\NSMQ 2009\Residue from Contest8.doc,.doc,1
aa0c4adadac14fdcdc8a66b90d4e2db7b9dfbc380401595de5831b64087c18ca,SMQ BIBLES\NSMQ 2012 questions and Answers\Contest 1.doc,.doc,2
b1a0aa9d4fcb8edf782e563239a31a108ed255e0e7161a55983fc30a18ea8849,SMQ BIBLES\NSMQ 2012 questions and Answers\Contest 10.doc,.doc,2
5fcfc8e435d16d51b2b3e2eaefaf42497fba0c529d5626b12f9471ce65a2f11a,SMQ BIBLES\NSMQ 2012 questions and Answers\Contest 11.doc,.doc,3
444b337794ba7d9b6d4751732d2fa08ecbdaa50b211673c985950d826f581adf,SMQ BIBLES\NSMQ 2012 questions and Answers\Contest 12.doc,.doc,3
e064ec730216bf1fb6da2890dfdaf650f3b60ec1f24ceea44fb3a0c543f0949f,SMQ BIBLES\NSMQ 2012 questions and Answers\Contest 13.doc,.doc,2
6487ccbae074a9d695c49ff60a7e0e546e13ee089f4b9832489206621b3a2d2e,SMQ BIBLES\NSMQ 2012 questions and Answers\Contest 14.doc,.doc,3
89771e37767bc4f7be1c73573c118b7c70ab50cc9d940d40add80be70a92c025,SMQ BIBLES\NSMQ 2012 questions and Answers\Contest 15.doc,.doc,3
4b737bc36e18fdee0a198cfbcb4f3519654b7e44591c6067beed52a14c9eec4b,SMQ BIBLES\NSMQ 2012 questions and Answers\Contest 16.doc,.doc,3
b53ef1e07758b8ebe17daf27ac6dbea76394f21e00a7208fd2d3c3d8baa638ea,SMQ BIBLES\NSMQ 2012 questions and Answers\Contest 17.doc,.doc,3
3aca36b97fc795f3f43794a2271edf1de04b7a7c711c98f09d12d19c0c9ccde4,SMQ BIBLES\NSMQ 2012 questions and Answers\Contest 18.doc,.doc,3
5f0b5bb5392f9ea3d59dc21796a7acec97b87fbf05508e71c77573c45ecd45f7,SMQ BIBLES\NSMQ 2012 questions and Answers\Contest 19.doc,.doc,3
d434df579ab92c0f12d61ae55fa0b246da868516ed5fff83447bce48999086a9,SMQ BIBLES\NSMQ 2012 questions and Answers\Contest 2.doc,.doc,2
ff904c07b010108998a33d9caaaf3fce5a13d382e9e950854d1f341a9f4a07ef,SMQ BIBLES\NSMQ 2012 questions and Answers\Contest 20.doc,.doc,3
971ce222fb9559c51cdfb17eed91611ae95eeae84c19e124bf3321252465748e,SMQ BIBLES\NSMQ 2012 questions and Answers\Contest 21.doc,.doc,3
f17f5953e01993c01c7841ec7547c58ead5b7f264816b53cc39672b9dcb0ed65,SMQ BIBLES\NSMQ 2012 questions and Answers\Contest 21.docx,.docx,3
fec6901e35c1297b039bd711f1e6c0885077b140d53f9be7052f33bdc04a1d04,SMQ BIBLES\NSMQ 2012 questions and Answers\Contest 22.doc,.doc,3
b0048c5025d5495eb412d792c1c060b46768c6608358922ccbd2144e4fe7edd6,SMQ BIBLES\NSMQ 2012 questions and Answers\Contest 22.docx,.docx,3
bd3a7f8a555deaf73c22021a33ea53af95cf8a31b0c45d676c7280973bc9e6f4,SMQ BIBLES\NSMQ 2012 questions and Answers\Contest 23.doc,.doc,3
dce7c2b1d4a844255f53ec42e04030a3823273e25d6a8c0079c05ecb5f523733,SMQ BIBLES\NSMQ 2012 questions and Answers\Contest 24.doc,.doc,3
b1a0d6ffb80f990df19abd711cc5568b2adb6494be887b8a988ba20f829b0dc5,SMQ BIBLES\NSMQ 2012 questions and Answers\Contest 25.doc,.doc,1
35312a8f3123704cee7edac426dddba03ac30b1477ef6f3e88d3d0f23fd59f88,SMQ BIBLES\NSMQ 2012 questions and Answers\Contest 25.docx,.docx,2
3f122af2af5a47ebff57f97b0edbc9989bcc9d232f1bdda3370847c881a0e9e6,SMQ BIBLES\NSMQ 2012 questions and Answers\Contest 26.doc,.doc,2
9503943a879443024a2954a024ba2f6f7c0c91de8140b3a39319cc4878293494,SMQ BIBLES\NSMQ 2012 questions and Answers\Contest 27.doc,.doc,2
6e8e6ef03092a688a82db020b9330865620fe09c2cd83cc38628a18cf44b1c52,SMQ BIBLES\NSMQ 2012 questions and Answers\Contest 28.doc,.doc,2
7a3380c1e9199650c0d64840cd4b999c249316960571444a3b082eb794665610,SMQ BIBLES\NSMQ 2012 questions and Answers\Contest 29.doc,.doc,1
b5dec1b2c8b09c764ee5f974d9396ddbb41f9c0bcafa6c08e9800d9ac568dda8,SMQ BIBLES\NSMQ 2012 questions and Answers\Contest 3.doc,.doc,3
978959fb88d268d4294a79e98c26af9af88d1992285bd9772e2c21db2f0dcd05,SMQ BIBLES\NSMQ 2012 questions and Answers\Contest 30.doc,.doc,2
2d68de2dee8edbdbe1fc9e0465d527f324523144102b0624dcc9c5e28f29a674,SMQ BIBLES\NSMQ 2012 questions and Answers\Contest 31.doc,.doc,1
89dd69f9117993cc39eb47dbaaa3a8fdc9fa8f17b12a86c770335fc2508bf6e5,SMQ BIBLES\NSMQ 2012 questions and Answers\Contest 32.doc,.doc,2
655bea01f899c529c89432164db6bf45f4675cf5470d9afc162eefa55921266e,SMQ BIBLES\NSMQ 2012 questions and Answers\Contest 33.doc,.doc,1
fde989a9ca3c6169b6bd5cdaab12d48487beefd16d17b504d1e3356c87d9b648,SMQ BIBLES\NSMQ 2012 questions and Answers\Contest 34.doc,.doc,2
f365af0cf45a1feba7158a44608801dd138de5d946416a5afd3c4db88280e188,SMQ BIBLES\NSMQ 2012 questions and Answers\Contest 35.doc,.doc,1
3f17f86f1bf5b53fd6f097e1ca7b536c8a30277ee678e0e2dbfd80a32db338e7,SMQ BIBLES\NSMQ 2012 questions and Answers\Contest 36.doc,.doc,1
5fc8c51053cf0f864614955aa1c6b8ad7a5868291312cafc510c21d2a7279f0a,SMQ BIBLES\NSMQ 2012 questions and Answers\Contest 37.doc,.doc,1
92ddafd46b4727d6c234d0793071ee796c728bfb6dfd7742a21084b3a127c85c,SMQ BIBLES\NSMQ 2012 questions and Answers\Contest 4.doc,.doc,3
a96b6707f4cbd6f6411c8c28125eeabfc10f1606ba6d7ba999bfaa8def682121,SMQ BIBLES\NSMQ 2012 questions and Answers\Contest 5.doc,.doc,2
cfcac7c7a633e00dd18be1f12f90ce30e5695247fba6db4522636e84ba41c4fe,SMQ BIBLES\NSMQ 2012 questions and Answers\Contest 6.doc,.doc,3
c8c6d79ddaf2b2129b2ae8b058b0a17ef23af01f3aa9eed8324aaddfcf00f220,SMQ BIBLES\NSMQ 2012 questions and Answers\Contest 7.doc,.doc,3
17ff7ab6ac4d1896ceffb3440fb9c7b73f07528b824e9e88c369e5318882e101,SMQ BIBLES\NSMQ 2012 questions and Answers\Contest 8.doc,.doc,3
aad86eaedb83dfe9a029a0ad874a32f07aa5b6182743895dfac77e9998d0a7a6,SMQ BIBLES\NSMQ 2012 questions and Answers\Contest 9.doc,.doc,1
9fabcbb6b3d615f39fd8f7ec6cae2c0b389970ee01eae1cd5784b5620f5473ac,SMQ BIBLES\NSMQ 2013 Questions COMPLETE\2013 NSMQ  Biology - Sorted.docx,.docx,1
c9ca38743ca526d804b039a545d5e309b0fbe86adc9b0a7c09e5910f76f8d69b,SMQ BIBLES\NSMQ 2013 Questions COMPLETE\CONTEST 1.doc,.doc,2
860a5105b813ae9dc242a7e5faf7c20e0dc87fe01bb01bc1bbeaf07fe8a1c680,SMQ BIBLES\NSMQ 2013 Questions COMPLETE\CONTEST 10.doc,.doc,2
39fdff2aace5707189c2afc4b2789fb2d67bd38dd75537eb35a9a76735de5752,SMQ BIBLES\NSMQ 2013 Questions COMPLETE\CONTEST 11.docx,.docx,2
6a2a8229240e5cbe5b2e3436b70d87b5eb13806873e35dabeb0fcaf4097facaf,SMQ BIBLES\NSMQ 2013 Questions COMPLETE\CONTEST 12.docx,.docx,2
5986b14e4495f55dd130f66f08848f9da097c384c1acd5574b8852724bc0811b,SMQ BIBLES\NSMQ 2013 Questions COMPLETE\CONTEST 13.docx,.docx,2
4d2ade4d25a3a3d063e19d9c75fa8bec092ab5d7f6f9e3b361a3030f7ad6250c,SMQ BIBLES\NSMQ 2013 Questions COMPLETE\CONTEST 14.docx,.docx,2
938bb27e2ec553bf543a9bda000d975ad1b73f75d1a0d7a8dc9f057b140ab66b,SMQ BIBLES\NSMQ 2013 Questions COMPLETE\CONTEST 15.doc,.doc,2
5c3d886cef8eb9d9f970d0b075b4d8219e14ccae53d2b16f8cbaf9e9350ad456,SMQ BIBLES\NSMQ 2013 Questions COMPLETE\CONTEST 15.docx,.docx,2
e147321319e869a12dd81b70b0281bf33ab0f8cb29e1e12a1c68b7a213d9931a,SMQ BIBLES\NSMQ 2013 Questions COMPLETE\CONTEST 16.docx,.docx,2
cee32ece77e6646dd8b35a114be82b417a53b9751bdac44fac66d58ab65511aa,SMQ BIBLES\NSMQ 2013 Questions COMPLETE\CONTEST 17.docx,.docx,2
d28f9ca1c91adb4400297ba0111ea4d3bb1ecbce85d572f19bdd780941b4b522,SMQ BIBLES\NSMQ 2013 Questions COMPLETE\CONTEST 18.docx,.docx,2
9bb622f644c3364b285e75e81ff6c8af77e231c57112f202bba65893841c1c3f,SMQ BIBLES\NSMQ 2013 Questions COMPLETE\CONTEST 19.docx,.docx,2
555b19df34a54d82cf12304c27cde38c7c20c0738362b41a109473b0d053a476,SMQ BIBLES\NSMQ 2013 Questions COMPLETE\CONTEST 2.doc,.doc,2
a151cd705adaf00f60a8bced66e5d96dd586d89492a2d762da5bb1a121925b0f,SMQ BIBLES\NSMQ 2013 Questions COMPLETE\CONTEST 20.docx,.docx,2
ebeb6c841f9ff2cc872600a72791b7a61e55ed5b717b742a939c62efc59521b8,SMQ BIBLES\NSMQ 2013 Questions COMPLETE\CONTEST 21.doc,.doc,2
4cdb3868820018fc992900b3f62e9aed4f4945f0a0db000861fb8687be56d765,SMQ BIBLES\NSMQ 2013 Questions COMPLETE\CONTEST 21.docx,.docx,2
df4d3102d1e09aeef2eb20da0f5f36a0da2a8b6a0040afaf02bcc38517cd0d59,SMQ BIBLES\NSMQ 2013 Questions COMPLETE\CONTEST 22.doc,.doc,2
e340d3effe60d0eaa509a38df7a6c2dec8e4bc8298859bbdc75ecf0410530c12,SMQ BIBLES\NSMQ 2013 Questions COMPLETE\CONTEST 23.doc,.doc,2
cc8badd7753598da80c7c2b97c856c77a1c4eea94475c6792d18509d64a421a4,SMQ BIBLES\NSMQ 2013 Questions COMPLETE\CONTEST 23.docx,.docx,2
c6ac4d0d4541290989d62d8629e947941b7d3086d7b7eb72808546151f62f62d,SMQ BIBLES\NSMQ 2013 Questions COMPLETE\CONTEST 24.doc,.doc,2
6e9d8796a6cb1cc4cf20b04c50623957034649cab376142a22247bcea0676ae2,SMQ BIBLES\NSMQ 2013 Questions COMPLETE\CONTEST 25.doc,.doc,2
119c6279cc263dbd50c6a58f32103bcc09fd5f27909d9a89bb61cdcabbbe7b62,SMQ BIBLES\NSMQ 2013 Questions COMPLETE\CONTEST 26.doc,.doc,2
b9de5d795b14387c313254b5846efbf371cd087792fd3b6474c4918e11306dd5,SMQ BIBLES\NSMQ 2013 Questions COMPLETE\CONTEST 27.doc,.doc,2
cdd835dabdbf2097c11bc288afff528ad53c0b7f0b38ad400d88cb4fae61defb,SMQ BIBLES\NSMQ 2013 Questions COMPLETE\CONTEST 27.docx,.docx,1
1aa52bb16aa8b396e734eff0e3d1ba96fa8bfd0d0827d2871410e92bd2ef874a,SMQ BIBLES\NSMQ 2013 Questions COMPLETE\CONTEST 28.doc,.doc,2
3d86ea74bc1b3700fc7b12aae2fdbbb7c0cff1101003a36d7d15ecbe73251cb8,SMQ BIBLES\NSMQ 2013 Questions COMPLETE\CONTEST 29.doc,.doc,1
ce4e99dc5479fcbdd1352593bf0a63a64c275e20ce520c20b4d04b96f94559ab,SMQ BIBLES\NSMQ 2013 Questions COMPLETE\CONTEST 3.doc,.doc,2
04c1857e4d7e84c4be12a574e205721b68fcfb6f914d8181c17a4d449f42a72b,SMQ BIBLES\NSMQ 2013 Questions COMPLETE\CONTEST 30.doc,.doc,1
c83f052d4993912fd489a70d44231ef7e3844c3beaee9c6fb306173d9fc771ee,SMQ BIBLES\NSMQ 2013 Questions COMPLETE\CONTEST 31.doc,.doc,1
915f3e5da07ebf9beeff0d2a57f74bab5bc8b0982688f37230aa75bc354692bf,SMQ BIBLES\NSMQ 2013 Questions COMPLETE\CONTEST 32.doc,.doc,1
49841a919779489bbdf7aa63561cc54e3d5edee6eafa46dbe733a23dd7791d8c,SMQ BIBLES\NSMQ 2013 Questions COMPLETE\CONTEST 32i.doc,.doc,1
498ca56d742fa90309f7efc8477801c9d3f47da39b63c79457fd82bdce9df973,SMQ BIBLES\NSMQ 2013 Questions COMPLETE\CONTEST 33.doc,.doc,1
06cbfc12510ff23f3abcb9a6ae0de34ac60127227f28677d9d1cfc64d3ca488c,SMQ BIBLES\NSMQ 2013 Questions COMPLETE\CONTEST 34.doc,.doc,1
0c1acb5cc19737687dbc0404c99ad090d56e42294f97fbb401ea7bc0223901a3,SMQ BIBLES\NSMQ 2013 Questions COMPLETE\CONTEST 35.doc,.doc,1
54f803699fe87eee086d36f820af1015beded34fbf93186fdbd7f8f27df6bd29,SMQ BIBLES\NSMQ 2013 Questions COMPLETE\CONTEST 36.doc,.doc,1
2e1db553290e8d5eafe47f08a311e31deee36330adacbdfb6043182ae27d3dcc,SMQ BIBLES\NSMQ 2013 Questions COMPLETE\CONTEST 37.doc,.doc,1
8c32b1321b89733e3d70ce0918fe7b5683502984ced392a1a8a888e5e70e7213,SMQ BIBLES\NSMQ 2013 Questions COMPLETE\CONTEST 38.doc,.doc,1
cfc61e496d53a5c59231a99b79ab8b868a662e308288e85a77cafbed965e9b40,SMQ BIBLES\NSMQ 2013 Questions COMPLETE\CONTEST 39.doc,.doc,1
19a413f3223cd2c3d06608b76b0cdf0c5f19b5b731f628e66ba47f3a5217d3cb,SMQ BIBLES\NSMQ 2013 Questions COMPLETE\CONTEST 4.doc,.doc,2
98e819aadfa89e5c1193fc9affbaff5d955b6bcc7628216debeef3fd49afa8e2,SMQ BIBLES\NSMQ 2013 Questions COMPLETE\CONTEST 40 DIAGRAM.docx,.docx,1
06c3803fb046fe5c000bd7b413be7cf4d6f41ef36800931ab15ebaf80fbce2ce,SMQ BIBLES\NSMQ 2013 Questions COMPLETE\CONTEST 40.doc,.doc,1
ff4b2c544cb88ef3caabb17f1ef14e9d4bac4cc684f1477a8b160ef4632f9a5d,SMQ BIBLES\NSMQ 2013 Questions COMPLETE\CONTEST 5.doc,.doc,2
349afa8b03fc5213a44bde5c500e3b4df0bf96f4b8e4e7ce0d2ed1bbcbd05f35,SMQ BIBLES\NSMQ 2013 Questions COMPLETE\CONTEST 6.doc,.doc,2
7999da031bfbaac68b34eb2f854f2b883e86ebcfd2cf7e0ea71f8a133141805a,SMQ BIBLES\NSMQ 2013 Questions COMPLETE\CONTEST 7.doc,.doc,2
d49f978b6cd2c4de67257b6d75ed66be705a49f67116a005760ed0855f90ca30,SMQ BIBLES\NSMQ 2013 Questions COMPLETE\CONTEST 8.doc,.doc,2
82d8e4198c0d86b1213b3b271457589854b170eab0deeffddd753c3a1b6937a4,SMQ BIBLES\NSMQ 2013 Questions COMPLETE\CONTEST 9.doc,.doc,2
7f583449b43a7b73a5b4484c2a726435a571143cb5ba83e003de695ca7796994,SMQ BIBLES\NSMQ 2013 Questions COMPLETE\TIE-BREAKER RIDDLES.doc,.doc,1
bbdfea74d06d26838505ba1cf5e7198eaea0b9b4adb9af3fdc9bfe2b9e41786f,SMQ BIBLES\NSMQ 2014\CONTEST 1.doc,.doc,3
15d01e5743945ad3f13ce4981d107c69cc9d12807e154f5c13c4b8ddef38caf0,SMQ BIBLES\NSMQ 2014\CONTEST 10.docx,.docx,4
5ed8f28653ba77f0f7ecae6ef214d7b63cd7c6a7b70676bf70476a643e9759f3,SMQ BIBLES\NSMQ 2014\CONTEST 11.doc,.doc,3
8af6959ad1175b0f24591be26fce1b78d461766bc4009ddc1f3a505f8e5cd68e,SMQ BIBLES\NSMQ 2014\CONTEST 12.docx,.docx,4
3b80a0b94ccedfa010596babf5da701ec005446617a5ea8feae127f4dd0aad57,SMQ BIBLES\NSMQ 2014\CONTEST 13.docx,.docx,4
789961a758530a6782b007cd8613e77905f6413510a0cdadb093da3867c77c63,SMQ BIBLES\NSMQ 2014\CONTEST 14.docx,.docx,4
bf8cbbdafdb99d041f686e912066ab0ef41bbfc0a8843bcedaeb8625f5e3ca0f,SMQ BIBLES\NSMQ 2014\CONTEST 15.docx,.docx,4
d9460729d920490e58f9c3aa22496a2fa6bbe3bbe0c11624f4deb5fcb053ade4,SMQ BIBLES\NSMQ 2014\CONTEST 16.docx,.docx,4
01911499dd677d30b570fd4cb9fb25dee525421f43ca5804f63289db09b362ee,SMQ BIBLES\NSMQ 2014\CONTEST 17.docx,.docx,4
872585df18bc430820e12a5c20bb7c008b37a260c9ecf0c048c95c2f06eec729,SMQ BIBLES\NSMQ 2014\CONTEST 18.docx,.docx,4
9be8d542f204def2c03bf3b8db3dc53d7e9a98ef998a3c5f4f0f73eaf20bc631,SMQ BIBLES\NSMQ 2014\CONTEST 19.docx,.docx,3
d3d402c89c60ffbfcf1bccb05497ff5243c71b299f9cf59586bde79bc8bd0f83,SMQ BIBLES\NSMQ 2014\CONTEST 2.doc,.doc,3
34e9379c167bb5f35fa740fb6ff6fdc0d030f34cd251f8b8362dadf72897543c,SMQ BIBLES\NSMQ 2014\CONTEST 20.docx,.docx,4
31e1d7a8cf3a48241d1d3127fa7588694925324f53211e023bb9b98fc678f2fd,SMQ BIBLES\NSMQ 2014\CONTEST 21.docx,.docx,4
22ce42f83df3222970a165abfe035e6b2d55bf6202b6c87aec548f8d36a89c38,SMQ BIBLES\NSMQ 2014\CONTEST 22.docx,.docx,4
ed08f75fe574ed28bdac2cb185bbea57cf38cd478d13d84dbfd79ae7239f8365,SMQ BIBLES\NSMQ 2014\CONTEST 23.docx,.docx,4
3ae85e50aa78c2f190185477dfbeb2b5920fe84db123dce1d7e28fe31d1fffe6,SMQ BIBLES\NSMQ 2014\CONTEST 24.docx,.docx,4
651016885e8655789a72fbddd430c84e1713bdc6b8d8062b6c5d39030ddda406,SMQ BIBLES\NSMQ 2014\CONTEST 25.docx,.docx,4
1310af1eb540997e2ddc0b19550737cff9315f5ad76d773c5f581d9fbf872da2,SMQ BIBLES\NSMQ 2014\CONTEST 26.docx,.docx,4
085743c6d169bb38ab32ac9c430d798c036c96fc024dc66e988d6cfc70284d71,SMQ BIBLES\NSMQ 2014\CONTEST 27.docx,.docx,4
b0a74a08490d56202310bce543d7980a884e89c59102227688a961129825f278,SMQ BIBLES\NSMQ 2014\CONTEST 28.docx,.docx,3
d537395c9bad5568881f9e9948ab5463d23b26120ca46ba0caa5f593d2a78944,SMQ BIBLES\NSMQ 2014\CONTEST 29.docx,.docx,3
a005abe2517195bfdb754fbaf5f372df45d6b43cdd05073bf0737ef043449641,SMQ BIBLES\NSMQ 2014\CONTEST 3.docx,.docx,4
03c0c9a550df985dc3a6a82e7fa1b8bb567bb800ba0f7debe30379124e59cf93,SMQ BIBLES\NSMQ 2014\CONTEST 30.docx,.docx,3
ad9ae7a21c1f1b1ec88744b61543a4b1b34832b8f408abaacb346426e92afb9a,SMQ BIBLES\NSMQ 2014\CONTEST 31.docx,.docx,3
c1aca3e009e155f4879a5005717849e4574aeb2cc513f58f651b3c65cf6117fc,SMQ BIBLES\NSMQ 2014\CONTEST 32.docx,.docx,3
22a6b8786fa9e6fea0dc28f821d515fa0e2a533c4510f13fe050d33ad9b12b50,SMQ BIBLES\NSMQ 2014\CONTEST 33.docx,.docx,3
3ffd78f601e1461f4edd4dd4c756fc8d87f34c72298ede40b3c77d0a3f6f2a66,SMQ BIBLES\NSMQ 2014\CONTEST 34.docx,.docx,3
13d79d210bb04640ccde7ea5d1106b7b479d4577134dd5a65c2c7170fd5dec4b,SMQ BIBLES\NSMQ 2014\CONTEST 35.docx,.docx,3
368169c981eddc4bfdd5e268b057e90aa7f8b8c581953fa8334a960a14f79d0e,SMQ BIBLES\NSMQ 2014\CONTEST 36.docx,.docx,3
244197cfb9a96978d98e197c183905b2a3173546cc2efa03288db62357b2cffc,SMQ BIBLES\NSMQ 2014\CONTEST 37.docx,.docx,3
5c68a9f217060f96c88e1d652c903e6e27ca1d06e8c788a5eb95fa0f3360f046,SMQ BIBLES\NSMQ 2014\CONTEST 38.docx,.docx,3
c4dd2904ac459cca81fc003715185c5bad89bc09ee1416cf60d85ee415b27ea8,SMQ BIBLES\NSMQ 2014\CONTEST 39.docx,.docx,3
703d9278e82fee232402bacaa97df91994c95de504c8039ec57160bc73b38ae6,SMQ BIBLES\NSMQ 2014\CONTEST 4.doc,.doc,3
0bb2efe14a8764bd7696625c096d496b448430ddaf3bfef1a119dd5847fe8047,SMQ BIBLES\NSMQ 2014\CONTEST 40.docx,.docx,3
155316665832a72050aaf86ef6f04ce82aa4efb53f4042fc16e11c364b9d480e,SMQ BIBLES\NSMQ 2014\CONTEST 41.docx,.docx,3
6c872f96b125fddff71fb55b6fabff7fb34388f0a19119abec82191e88c5ef44,SMQ BIBLES\NSMQ 2014\CONTEST 42.docx,.docx,3
30625fac62c3230ada0647bc9a418a117a48a238b1527db5be5de81e0a0d058f,SMQ BIBLES\NSMQ 2014\CONTEST 43.docx,.docx,3
35e1decae5c6e3a63d01e562064cb3beded24f3b3e58ff93962291c8c5f38139,SMQ BIBLES\NSMQ 2014\CONTEST 44.docx,.docx,3
9e3bd1a4a66b4179aeb435119483bcb2823de826b47f2fa6a1bf3318fc5dceda,SMQ BIBLES\NSMQ 2014\CONTEST 45.docx,.docx,3
e8883c27030f0ba4b8f12786ea7b9cb6f12451a8c416bec3d04d71d7ddff866b,SMQ BIBLES\NSMQ 2014\CONTEST 46.docx,.docx,3
eba8b88771c1cf97c433be4e23cc4540ce9a765cf46c11ad85d1aedf36625838,SMQ BIBLES\NSMQ 2014\CONTEST 47.docx,.docx,3
c610a2e86308d3bf6968a4f88daeaae6ec10016bf5152bf9d60ea71992c97333,SMQ BIBLES\NSMQ 2014\CONTEST 48.docx,.docx,3
accb87c01424a1f1b2fd2e1eb53321308c25a4c65a5d31f8a96252517bd67d51,SMQ BIBLES\NSMQ 2014\CONTEST 49.docx,.docx,3
5b04e66e333ce9a6262bb0b78f07e882a10233c9743663dea39f07c6c230da9f,SMQ BIBLES\NSMQ 2014\CONTEST 5.docx,.docx,4
e9133c22e3411d08812ae4eea020e39b8b39a54f966a56182e20760ac1f63096,SMQ BIBLES\NSMQ 2014\CONTEST 50.docx,.docx,3
74066e19035779ffd2e3191d327fa0c3cae8ec9e525bc02d1f5d46a0c3587d9d,SMQ BIBLES\NSMQ 2014\CONTEST 51.docx,.docx,3
4e197bfc96689e2c5f4dcec22ef7efa55f3449708c15c342b4820b98935166c3,SMQ BIBLES\NSMQ 2014\CONTEST 52.docx,.docx,3
0903cdc11cb5e8f4fe304430e60631c2dccdc02a0481e81d962f5b7886fb8370,SMQ BIBLES\NSMQ 2014\CONTEST 53.docx,.docx,3
1a4f400e8c8590f12e473c65d1009f3ccffcabf6226c52eb896c5ca42df07fa8,SMQ BIBLES\NSMQ 2014\CONTEST 54.docx,.docx,3
d3d7b31212fbe4fb333847184833e6f5760b6620f61ac12140fbf166084bad06,SMQ BIBLES\NSMQ 2014\CONTEST 55.docx,.docx,3
b7d566c178dac0c218c57cab90f888cbb0f40a4bd718e32ac18abef65bd996de,SMQ BIBLES\NSMQ 2014\CONTEST 56.docx,.docx,3
a916e27a475e1eed1fb95426731b0c6b584db1add7f9ba94bea5b1c652ce4eb2,SMQ BIBLES\NSMQ 2014\CONTEST 57.docx,.docx,3
a6928ca4845a658a4b3b687e349a1c49578d4d66f6f195f28dded185607b1e9d,SMQ BIBLES\NSMQ 2014\CONTEST 58.docx,.docx,3
aef878d042b4ae57623729cc478df235e1c07106e1150ace19cf0aeace0406a2,SMQ BIBLES\NSMQ 2014\CONTEST 59.docx,.docx,3
0a72b5ba8a9f6bc0386388bff139a5f08f1ae1e73bb2144cf8fb5596135ac017,SMQ BIBLES\NSMQ 2014\CONTEST 6.docx,.docx,4
43d86f22987a3ebea2293b32279ebb47d245576f9d00fa9e1f285b47c33e4f1c,SMQ BIBLES\NSMQ 2014\CONTEST 60.docx,.docx,3
981563f989d449d4b0e66862641d1fb35eeccce43bf1fcd2465d1cce5470a9a2,SMQ BIBLES\NSMQ 2014\CONTEST 61.docx,.docx,3
1bd0e486309562eec9f630b7a5af7eb4cb9d5a4d4c4cc5f07d71e64aabb6ff86,SMQ BIBLES\NSMQ 2014\CONTEST 62.docx,.docx,3
032f4b000530f427892e6cdd53a5b3e8c036f58f59453b6cfa9bb1aee79a0f44,SMQ BIBLES\NSMQ 2014\CONTEST 63.docx,.docx,3
852585f80c7c93f9c657991711b945b4be5d6943bdd2e06f37429c8793504674,SMQ BIBLES\NSMQ 2014\CONTEST 64.docx,.docx,3
77c52378d8aa297ef9260481c368c648b941fafb7c461c81cfed2156115f279b,SMQ BIBLES\NSMQ 2014\CONTEST 65.docx,.docx,3
b7116bb8e43b20e2703d9247468e9031d5ef0e254913710c6b22d032f7a87d4f,SMQ BIBLES\NSMQ 2014\CONTEST 66.docx,.docx,3
771ec5563f9eecf034519a746a1ac76a33ce5b5eeca10683b73b31cf258033a7,SMQ BIBLES\NSMQ 2014\CONTEST 67.docx,.docx,3
05144808d3cb046d2b0fbcf6542b005f039ba4a02a3e1dbcf9752385988937c4,SMQ BIBLES\NSMQ 2014\CONTEST 7.docx,.docx,4
e3652a3fda0eb8d035def54797c661b94d482c7871d329bbeaf847bb1f549cfd,SMQ BIBLES\NSMQ 2014\CONTEST 8.docx,.docx,4
8429a3cc6050df7c67dad1b25a63b8bacbbcaca4318ba8e54e9de8e59c5d6c09,SMQ BIBLES\NSMQ 2014\CONTEST 9.docx,.docx,4
7eb4c4d2e828c0705380e29c9ccc7930158e0ffc27115cd2bbe2e3e1a6c7e0fc,SMQ BIBLES\NSMQ 2014 Questions\CONTEST 1.docx,.docx,3
0cf8f4af766d59362f6007499239ab824a88768763cce587848824b09a2e76b1,SMQ BIBLES\NSMQ 2014 Questions\CONTEST 10 (2).docx,.docx,2
30d4d26a29b89d438e721856878d65cbea930317199c30f0a24a421b3012b87c,SMQ BIBLES\NSMQ QUESTIONS  - 2014\CONTEST 11.doc,.doc,3
915a481b22af174c200338c5928b5879349ee7d3fa003b832b911a7ecacb0da2,SMQ BIBLES\NSMQ 2014 Questions\CONTEST 11.docx,.docx,3
914edc06988e78f8833098e7aa360af685fb0edf5cfa3351af5fee629eaab047,SMQ BIBLES\NSMQ 2014 Questions\CONTEST 2.docx,.docx,3
7e87f1f4d83001ef4b6254886593c037b211fdee15afc0289cb7a2283492a392,SMQ BIBLES\NSMQ 2014 Questions\CONTEST 4.docx,.docx,3
e97b1c6661a1c13e23252f289525af74c39b31527eca3dec9f565754a7844fb1,SMQ BIBLES\NSMQ 2014 Questions\Contest 52 - Diagram.pdf,.pdf,2
ec3d09936ed914f6be633b542792205bc2b5f72d253b29c2da07894dd9deeac0,SMQ BIBLES\NSMQ 2014 Questions\MAIN CONTEST 28.docx,.docx,2
59eee1fc4a517b26f03287b4482b5f800741d3b336307651e539fca74268efc3,SMQ BIBLES\NSMQ 2014 Questions\MAIN CONTEST 29.docx,.docx,2
997102e0c00211e6bdee50b6e7c870e9bce86f67daec7bd3372f491d7844bdd6,SMQ BIBLES\NSMQ 2014 Questions\MAIN CONTEST 30.docx,.docx,2
9822c625e1282079b6693c5e8fb90c377dbcc03c0418129a2a579dee09cdca60,SMQ BIBLES\NSMQ 2014 Questions\MAIN CONTEST 31.docx,.docx,2
ddb098c3c9dcdfeb69ce09d4e5a7e5881aca2da27c997b32e0be8f72fd13eb1a,SMQ BIBLES\NSMQ 2014 Questions\MAIN CONTEST 32.docx,.docx,2
f3b7461fc0542cb7d4c8e7ad1a4d2a773d14b0b0ff38c4d96af89d20ac47adaa,SMQ BIBLES\NSMQ 2014 Questions\MAIN CONTEST 33.docx,.docx,2
6bbb2e4db777c22c9fe7eb7d0a3de36d9bc09d343e407764b7bf78a31df5e2a2,SMQ BIBLES\NSMQ 2014 Questions\MAIN CONTEST 34.docx,.docx,2
b352160eb9375cb5408a6b1bccc18634c47683d583c89ad911d76cc879313af2,SMQ BIBLES\NSMQ 2014 Questions\MAIN CONTEST 35.docx,.docx,2
4eab341936c9297b0a06747397860cc1ef211da6fc69d6c196000d2a6ef41986,SMQ BIBLES\NSMQ 2014 Questions\MAIN CONTEST 36.docx,.docx,2
09fa9741a8d3cf7a7cf6b4acbef7b3477aeec8474f75d1bd3920e83114bb2cf1,SMQ BIBLES\NSMQ 2014 Questions\MAIN CONTEST 37.docx,.docx,2
2310da0f8f12cdf5780726a8548de4fe257197bf124249e43ec5e4f35870cfd5,SMQ BIBLES\NSMQ 2014 Questions\MAIN CONTEST 38.docx,.docx,2
8c58d2131c6c0dabb459466ab541eaf065c6e3110cf145cdb0e91a49f0341a82,SMQ BIBLES\NSMQ 2014 Questions\MAIN CONTEST 39.docx,.docx,2
8b8cd61ea227d408b8ee68e0d6773feba90122a9829edb36094cb36237100f9a,SMQ BIBLES\NSMQ 2014 Questions\MAIN CONTEST 40.docx,.docx,2
3929eea944f899c4ef8bd8ad503089dc44c92f585934991998e23ecf6ae5c130,SMQ BIBLES\NSMQ 2014 Questions\MAIN CONTEST 41.docx,.docx,2
6d03d6d54ea998c5f59c77739ed95b6e7574dc78ebcd038fe7787c69e64f3b4e,SMQ BIBLES\NSMQ 2014 Questions\MAIN CONTEST 42.docx,.docx,2
ad906de330189b4e6302501f3dc68cd92618315e547edaee262e7b9bc1f02bd6,SMQ BIBLES\NSMQ 2014 Questions\MAIN CONTEST 43.docx,.docx,2
b9ded9d65daa423f7e97ec4d9f0c3277690224648bd15652374b7676fa21db5b,SMQ BIBLES\NSMQ 2014 Questions\MAIN CONTEST 44.docx,.docx,2
aea47e11242662d0f40a717b6b55e94889f0e06c0dfbbb360025ada1e429320d,SMQ BIBLES\NSMQ 2014 Questions\MAIN CONTEST 45.docx,.docx,2
592b7925e9a33ce17a6eae44dabccf69fd3f4bbc322eb5c701038cbfd02bdd30,SMQ BIBLES\NSMQ 2014 Questions\MAIN CONTEST 46.docx,.docx,2
55a44ca748d1fdf43cb9b9f9764aa2b5e5b0aa5ce32639a866ec4fa044e89561,SMQ BIBLES\NSMQ 2014 Questions\MAIN CONTEST 47.docx,.docx,2
f8fab7e2f323dbf046fc2474cafdc7735fbae3a9216276506676f274710c58f2,SMQ BIBLES\NSMQ 2014 Questions\MAIN CONTEST 48.docx,.docx,2
f18df0dd91d16eaa6081c20607406926361e54da6ded42da726c87eee52e5552,SMQ BIBLES\NSMQ 2014 Questions\MAIN CONTEST 49.docx,.docx,2
ae7bcdc04318c20264d305c18a283c4395db4949f1b4758df45f3b4b5aeada04,SMQ BIBLES\NSMQ 2014 Questions\MAIN CONTEST 50.docx,.docx,2
608e5b7f0fbb3fa483aea444ed0e1fb3c8ca8d7921a3783484488102b721b82c,SMQ BIBLES\NSMQ 2014 Questions\MAIN CONTEST 51.docx,.docx,2
f0fa78c43bc5ea64092d9822250656f87e2782b7dc717795b2976cb0b22b3253,SMQ BIBLES\NSMQ 2014 Questions\MAIN CONTEST 52.docx,.docx,2
d478f7b38479eb9abf3ee95e3e2b896f9f57719e64eca8ac482475c58c4eb4da,SMQ BIBLES\NSMQ 2014 Questions\MAIN CONTEST 53.docx,.docx,2
19984ca10a9c85fe7c68df8bb08f7c0765775775be5c17baa7d760dd9716ee88,SMQ BIBLES\NSMQ 2014 Questions\MAIN CONTEST 54.docx,.docx,2
8e5a04133816ddc945795f8f34c2e04c19ce885ff4ab36ef3576f6f3f7c1a3b2,SMQ BIBLES\NSMQ 2014 Questions\MAIN CONTEST 55.docx,.docx,2
be370dfa30d27a69fcf3a5699f1f8c5b843ec55f1c50f4f28704c97ea2bdc517,SMQ BIBLES\NSMQ 2014 Questions\MAIN CONTEST 56.docx,.docx,2
b1807f4a1f8a9b8038c444107f1ce086562d468b9aa133e27bc3d854509739af,SMQ BIBLES\NSMQ 2014 Questions\MAIN CONTEST 57.docx,.docx,2
4955beb0a184ac2550ad03066165fba4832e126658e33f351404149a7526fee0,SMQ BIBLES\NSMQ 2014 Questions\MAIN CONTEST 58.docx,.docx,2
f801e1c78a4821f1010d9df1583f6dc76f32bfa2e7cce25bd52df4fa5b08b437,SMQ BIBLES\NSMQ 2014 Questions\MAIN CONTEST 59.docx,.docx,2
00742c19ca5686e1141df9f5d826abc2ac1cf4577a6d3d93e1ae91060c73e996,SMQ BIBLES\NSMQ 2014 Questions\MAIN CONTEST 60.docx,.docx,2
be55681c0d116b1e991dc976e0e2570742ba6294c8b5e8315eeefdf49c0d124c,SMQ BIBLES\NSMQ 2014 Questions\MAIN CONTEST 61.docx,.docx,2
63a34fe5ad0ea21a0f9097e07947d5076207da7acfa994cf52aefb50289c9075,SMQ BIBLES\NSMQ 2014 Questions\MAIN CONTEST 62.docx,.docx,2
c2eb6397beb52e68ae6d95f0c8549a5fcf1d106f9d2cd0be343ebc18ad0389de,SMQ BIBLES\NSMQ 2014 Questions\MAIN CONTEST 63.docx,.docx,2
7ad0b8734a9900cbd6966f83ff170a5c7b4bd2e2ab643291cf367e09f464ba1b,SMQ BIBLES\NSMQ 2014 Questions\MAIN CONTEST 64.docx,.docx,2
9c2bb662b2897e00b25452ffa1ac2d33669aa338098071b0a0040996a991a4d9,SMQ BIBLES\NSMQ 2014 Questions\MAIN CONTEST 65.docx,.docx,2
b5063ba7a704de7e3496847b03ffc1181abd2747ecb594bdb4858e4b0c08a63d,SMQ BIBLES\NSMQ 2014 Questions\MAIN CONTEST 66.docx,.docx,2
5d7ea0355c1a1c6ca61654cf4caa72a848b3c1e7d6b148c6e04588f4b22e2533,SMQ BIBLES\NSMQ 2014 Questions\MAIN CONTEST 67.docx,.docx,2
cebb8073b599ea367eefd8b18430749fdaae12456511854f483d95611c8cd56e,SMQ BIBLES\NSMQ 2014 Questions\Problem of the day.doc,.doc,3
a6157a610f3081636145ef4d1ed792afd55a10c732436f1302fad739cbd925dd,SMQ BIBLES\NSMQ 2014 Questions\PROBLEM OF THE DAY.docx,.docx,2
295da1a314a7477268666a0bc19d1704fb66922c9387a704c1c62c798b6fe3dc,SMQ BIBLES\NSMQ 2014 Questions\Problems of the day 2.docx,.docx,2
7053acbbebbbb3d9ffa71eb715f6f642cc402f0a1680c3ea20bca931c85eecbd,SMQ BIBLES\NSMQ 2014 Questions\Problems of the Day.docx,.docx,2
c3a6cdbd096e3063e1e4a468b4aba7a2370bf7ea02f152e8091d2a6740e8b5cf,SMQ BIBLES\NSMQ 2014 Questions\Riddle - Contest 1 to 67.doc,.doc,1
cf1177999c803bb5421d8c5cce4661b30d96a62a01bfc45a7029cb885b37fcb7,SMQ BIBLES\NSMQ 2014 Questions\Round 1 - Contest 1 to 67.doc,.doc,3
e76984fafd133f221bad4c558c19110412948dd42d483b5a33ecbc737faa1e92,SMQ BIBLES\NSMQ 2014 Questions\True or False - Contest 1 to  67.doc,.doc,3
f95bcc8c1f4bf3aa843d6bc218374b969a12aee4193d1c7de9029bfbc6975ee6,SMQ BIBLES\NSMQ 2015 Questions\CONTEST 01.doc,.doc,1
db5abea390880fdf98731fa6a4a450f3914c44908aaef9da5929cf511b119d12,SMQ BIBLES\NSMQ 2015 Questions\CONTEST 02 (2).doc,.doc,1
41c9bf1615975842bdc5699a59ca3543f84f1b451ccfd30ff5e34db57e509366,SMQ BIBLES\NSMQ 2015 Questions\CONTEST 02.docx,.docx,1
41b3d228b029ce9ef6ea79f649e5063a5ff7e6bff80679b01b28d9dab0d59e18,SMQ BIBLES\NSMQ 2015 Questions\CONTEST 03.doc,.doc,1
1a8eba9f746ff232bc8a909603498a7121ca1bed1160b6b74f37c0f5fd06d13d,SMQ BIBLES\NSMQ 2015 Questions\CONTEST 04.docx,.docx,1
342d1126bc9dedea185c051d190adee9f8df4c0e9fe7050f2fe59bad61a72f0f,SMQ BIBLES\NSMQ 2015 Questions\CONTEST 05.docx,.docx,1
f1165fd101515cd5858ba0dc67796a753bb8830e4c71f2b3a344d4ec427397b4,SMQ BIBLES\NSMQ 2015 Questions\CONTEST 06.docx,.docx,1
47bc32fc4f2c4768cac1c6b86f046ff81ab544194485872937e32d83b85e2d7e,SMQ BIBLES\NSMQ 2015 Questions\CONTEST 07.docx,.docx,1
bda85f3bb2efa96729e54cab0e90c9038be6fcdf206a05e50a4880f86549814e,SMQ BIBLES\NSMQ 2015 Questions\CONTEST 08.doc,.doc,1
847b947e8e98804df8186a1ab31bcf5c95fcd4ecc619c816dc15f9ceb259e86b,SMQ BIBLES\NSMQ 2015 Questions\CONTEST 09.docx,.docx,1
f24a63d671b131a5e6260e414e8b22ebc00612edb41d14e31efa14958d7161e7,SMQ BIBLES\NSMQ 2015 Questions\CONTEST 10.doc,.doc,1
d0429da3422b4d3780df05bd70fc6e40dfb68fa81b82387e7a09d3d40c579acc,SMQ BIBLES\NSMQ 2015 Questions\CONTEST 11.doc,.doc,1
5370ad274beb5c05f5b18299250654e5bc62d7e4b1b6046c324bc3e7688699f6,SMQ BIBLES\NSMQ 2015 Questions\CONTEST 12.doc,.doc,1
000d7629bbe0b3e96e54ed25ca95f1b9af35257b0b986dc3a17a4c8b48048e0f,SMQ BIBLES\NSMQ 2015 Questions\CONTEST 13.doc,.doc,1
802db3b0a66764979c5d6f9b201d9ef7214a8e9be8355d02fb50855400a05082,SMQ BIBLES\NSMQ 2015 Questions\CONTEST 14.doc,.doc,1
1f2b0abb591f7670b8c3659dc8dc6d28fb84f34dfd5ddc19aa94c75404d1c1dc,SMQ BIBLES\NSMQ 2015 Questions\CONTEST 15.doc,.doc,1
88261cf23c12fb67cc7ab324075abecb1b9df0d3123dde5af4ef392014ebc1c3,SMQ BIBLES\NSMQ 2015 Questions\CONTEST 16.doc,.doc,1
0d189766353614a79189a439c116c7de7111031fa4b024022fbed861bdda7e9d,SMQ BIBLES\NSMQ 2015 Questions\CONTEST 17.doc,.doc,1
16fe310f36e5bfa7cae5c094eed024f3cbf0ee931d322aebfa7fcc2b00a0682e,SMQ BIBLES\NSMQ 2015 Questions\CONTEST 18.doc,.doc,1
4fbfc6ec1f802bc8ddfe2d3da05376cee154f11a746b2c4e740bd62953b1701e,SMQ BIBLES\NSMQ 2015 Questions\CONTEST 19.doc,.doc,1
99ba7e374889bb2902ecbe31be84f66e5b2dcacca12d752b66b697001c2c30a4,SMQ BIBLES\NSMQ 2015 Questions\CONTEST 20.doc,.doc,1
802c514ea8d1f9a23231fa8da6f07a05b475208f56d6fc251f5d479c4eda98bf,SMQ BIBLES\NSMQ 2015 Questions\CONTEST 21.doc,.doc,1
8ae8ddfdd03359add8f3a8968988b70713f7436dd122b205d5c0a0f6370ef9ca,SMQ BIBLES\NSMQ 2015 Questions\CONTEST 22.doc,.doc,1
5e29c64f14ae5e89bac1213626d5879ceedaa74b8f680962b1bb1851f32bbeeb,SMQ BIBLES\NSMQ 2015 Questions\CONTEST 23.docx,.docx,1
7d3fff716f5bd45ff1c3e60fbc3ded7ed39d7a12c1a6459b352e4236315501e2,SMQ BIBLES\NSMQ 2015 Questions\CONTEST 24.docx,.docx,1
5cebbc6438b3e8dc81c6adb484a4ea9bc999622ff032c96f677d1cdfffbd1bda,SMQ BIBLES\NSMQ 2015 Questions\CONTEST 25.docx,.docx,1
10cdc302afda995371055db724fc1d4fa669d1825b91b8a46c65e84a57cfba27,SMQ BIBLES\NSMQ 2015 Questions\CONTEST 26.docx,.docx,2
b620ddc93e6b5a1c0d66a99de6fdc8d3854d43c7e52fc91f19ac449886d5c205,SMQ BIBLES\NSMQ 2015 Questions\CONTEST 27.docx,.docx,2
ab354fddb12e5164dcf40db1e0c13b4a7a50ec2f1366f474f31cdf1e5166e682,SMQ BIBLES\NSMQ 2015 Questions\CONTEST 28.docx,.docx,1
e69544b89798b46281e655681cc8e41fef4fd0d179a36b28396f1d2babc95c5f,SMQ BIBLES\NSMQ 2015 Questions\CONTEST 29.docx,.docx,1
8f8689b6ab9378a98213ab4e654bbbb2bffacbaa1eae271f49a5ecadecc9a80b,SMQ BIBLES\NSMQ 2015 Questions\CONTEST 30.docx,.docx,1
66597c299d7ab028cab91068a5578b0c20871b4bd9952350e7155af7ad88b94a,SMQ BIBLES\NSMQ 2015 Questions\CONTEST 31.docx,.docx,1
a4fe45a86e6bc669df3e62be82f99cca44c67dd5b1ed63cad0f9685cbde15b7f,SMQ BIBLES\NSMQ 2015 Questions\CONTEST 32.docx,.docx,1
4a4250801eefd1483a0a64bb698a6305706c6b343666e6554329b6cd31a6b17d,SMQ BIBLES\NSMQ 2015 Questions\CONTEST 33.docx,.docx,1
8e6529c01e4047ee1cfa23c6a19ad9c15fbe861bad3ab3117db5cc686b50d611,SMQ BIBLES\NSMQ 2015 Questions\CONTEST 34.docx,.docx,1
29e0c83431d9ac0aa4327e56c97211511aad8fd63581d636a35b318fbb334db8,SMQ BIBLES\NSMQ 2015 Questions\CONTEST 35.docx,.docx,1
60c7559effbf3b8655c9af3164e2d9f11fc7504d8e3438c324945acc7586a534,SMQ BIBLES\NSMQ 2015 Questions\CONTEST 36.docx,.docx,1
c46b6ceb6b47dd8f5926e5be2b6f2e336cbcce25ac2adf401760e0df4e3fb6c5,SMQ BIBLES\NSMQ 2015 Questions\CONTEST 37.docx,.docx,1
a786f0f3efe0e960d17aa60cacb3ceadba4d7d596a2d577e78e8cc3d4e4478f7,SMQ BIBLES\NSMQ 2015 Questions\CONTEST 38.docx,.docx,1
1d0c8a286875a93b1c9c8ee4f1db701ee64be8ea9973bbe81a3ae87490213299,SMQ BIBLES\NSMQ 2015 Questions\CONTEST 39.docx,.docx,1
a19dd340968cbee1c97223547e3663c00ad92264bef0af68094fd558a9a25b94,SMQ BIBLES\NSMQ 2015 Questions\CONTEST 40.docx,.docx,1
768c806016f38f014c8692e8b61821cf95b6d50768d09af6b330fa1bc31063ac,SMQ BIBLES\NSMQ 2015 Questions\CONTEST 41.docx,.docx,1
219284ad3ebf565894a0ce11534e0968c20913de6d9de1ab6bd5eab86eeacb85,SMQ BIBLES\NSMQ 2015 Questions\CONTEST 42.docx,.docx,1
14055d002cf46e768cac5c993f17cc3ab4d8bfe15827dacbba7d6c8fd970a0f5,SMQ BIBLES\NSMQ 2015 Questions\CONTEST 43.docx,.docx,1
a66db80dd46bd00e532f49f6c74a5c6d4e242cc577bb78464e421a424a49105c,SMQ BIBLES\NSMQ 2015 Questions\CONTEST 44.docx,.docx,1
ea909abc1d7842c6c1df64960e0427d88cd5a7575318b1cf0b6cbb0585f7b52c,SMQ BIBLES\NSMQ 2015 Questions\CONTEST 45.docx,.docx,1
24155421442cfb9a98da68963e4e6e555afad6a57b53cad447fe235c29b71903,SMQ BIBLES\NSMQ 2015 Questions\CONTEST 46.docx,.docx,1
e571537140acdc68f936860f0f20bfe6d389033970f7f2a489f1910750e4dadf,SMQ BIBLES\NSMQ 2015 Questions\CONTEST 47.docx,.docx,1
597bb4ee87bf375ef340f41ddf9df390349a4f804208de6fa2e182d577b5add4,SMQ BIBLES\NSMQ 2015 Questions\CONTEST 48.docx,.docx,1
95cb5909fd7c7c47ed4a62371fe5543aa4590f7764832e5ed1430ec5b108b9ac,SMQ BIBLES\NSMQ 2015 Questions\CONTEST 49.docx,.docx,1
9c7d3b8a19f4c15c4eac330dc390df8c482ee9becef3140c00ced389fd2b42a1,SMQ BIBLES\NSMQ 2015 Questions\CONTEST 50.docx,.docx,1
f2b52400b17a34935a16e16735c212669ac6296b8713011fff525f9ffb0e2659,SMQ BIBLES\NSMQ 2015 Questions\CONTEST 51 (2).docx,.docx,2
2269940b82cd9861fbcf8b838ef29b1a926c6a8e497ba25dc1541b22d47ded97,SMQ BIBLES\NSMQ 2015 Questions\CONTEST 51.docx,.docx,1
baf4d67fca7f3dccf59791a11049f4461ab8778a202a4126addd2652d44d170f,SMQ BIBLES\NSMQ 2015 Questions\CONTEST 52.docx,.docx,1
7bd6d1cf2e115b98531a18311bd86ff42af0b06da4e08d918288828892cf6368,SMQ BIBLES\NSMQ 2015 Questions\CONTEST 53.docx,.docx,1
f36a02144302d12a29200c7babfb997825ce8e04c90551781f877d7300c4b3d8,SMQ BIBLES\NSMQ 2015 Questions\CONTEST 54.docx,.docx,1
2da154edb321a04b0e51932630b72e29e202076662aa3e80afbcf89bc0d4497d,SMQ BIBLES\NSMQ 2015 Questions\CONTEST 55.docx,.docx,1
3c310ee75b1ca98f5ad71469fdfa6ca5a34fbe462ac4beb4d6fd7cef870f4127,SMQ BIBLES\NSMQ 2015 Questions\CONTEST 56.docx,.docx,1
be72f860693f7546f79bb55e10ee7f01a2a7b5436372396d4c1492c04ff1331e,SMQ BIBLES\NSMQ 2015 Questions\CONTEST 57.docx,.docx,1
43e5fe14f3ac31a026d19c50bf40acc0a40bf207e4454dbea40207200f4944dc,SMQ BIBLES\NSMQ 2015 Questions\CONTEST 58.docx,.docx,1
e8453f372ad7e1e3fdbd5f34a0699ff28edfa962dbc70b489e740c7329d531af,SMQ BIBLES\NSMQ 2015 Questions\CONTEST 59.docx,.docx,1
533a898d79020205bad9ea87ae85f01c7c9a9298c03abfbdcf808552c595cd9f,SMQ BIBLES\NSMQ 2015 Questions\CONTEST 60.docx,.docx,1
791931654c2e820c9bc25fc9df589f6806c9cec063c9b3191f7f4ac93b9282bf,SMQ BIBLES\NSMQ 2015 Questions\CONTEST 61.docx,.docx,1
bebc47b65db0ba016fbe29b94814a81670980dd5abec8bf33059d873b595776f,SMQ BIBLES\NSMQ 2015 Questions\CONTEST 62.docx,.docx,1
6c18822e72dda27264f514398adb950324c7c51cf27d6ca737d03e0459bef53e,SMQ BIBLES\NSMQ 2015 Questions\CONTEST 63.docx,.docx,1
b85bc40552adfdfce52c068fa97e0404411e348f55c16a274eae21b11d88daa0,SMQ BIBLES\NSMQ 2015 Questions\CONTEST 64.docx,.docx,1
d8f90c28554452b6f2c81113b19edb45890f36445848227bf2fa4fc4425affed,SMQ BIBLES\NSMQ 2015 Questions\CONTEST 65.docx,.docx,1
95a269d7f802fd9bb21d68ca625dcc60f185897e7bd1eccd7a3e7b2b57e61885,SMQ BIBLES\NSMQ 2015 Questions\CONTEST 66.docx,.docx,1
f68ee8f1a5cdbc085481bdaa73a5140baac4183f286310f4455d128d9ef3f2f1,SMQ BIBLES\NSMQ 2015 Questions\CONTEST 67.docx,.docx,1
d55caf618303da4ec49bf5dd34b59a88fe5b1dcb0995aa1319f9c119084cd7f8,SMQ BIBLES\NSMQ 2016 Questions\CONTEST 01.doc,.doc,1
0e71cbd0a307a810cd024efc634111b2470bf353812279b5749b8caf231a575e,SMQ BIBLES\NSMQ 2016 Questions\CONTEST 02.doc,.doc,1
bd91e4f4bc0c4718c0f36568f5d1ab2bcd415f2bc7f10d3f951d9ad2cc719104,SMQ BIBLES\NSMQ 2016 Questions\CONTEST 03.doc,.doc,1
b8feae3dab0fab6baf3bf4ddc15b6e628a98af1bedeb082e96c84b778e9e9da4,SMQ BIBLES\NSMQ 2016 Questions\CONTEST 04.doc,.doc,1
f1aaba6e78895c93276fefadab04b8e21dcb1e50c3d0378932145f9ce55b8a74,SMQ BIBLES\NSMQ 2016 Questions\CONTEST 05.doc,.doc,1
c08023fe0368019d94a9823d60c7376031af769041d5c3770550bf38ca9aba04,SMQ BIBLES\NSMQ 2016 Questions\CONTEST 06.doc,.doc,1
e5fe5b970a12069bdc7d938cc540196edd4434fdf8457c6e980a8207c8ab67e4,SMQ BIBLES\NSMQ 2016 Questions\CONTEST 07.doc,.doc,1
d8005af5203bdd060d0f69beaf77b5fc5e1e64e3165050b28d962e4b0a145321,SMQ BIBLES\NSMQ 2016 Questions\CONTEST 08.doc,.doc,1
0b1b3e74108d126e0150b2d333c80d3cec955c2367694f313c68bb7f52d370df,SMQ BIBLES\NSMQ 2016 Questions\CONTEST 09.doc,.doc,1
1735a6dfdc168d339f82fa30f7b948c1be674d17baf11df9e14db8c8b74d919a,SMQ BIBLES\NSMQ 2016 Questions\CONTEST 10.doc,.doc,1
d1b9fdad5a969e80be8b7f2f85086fff78d13ce3e6cf4508f2033061be51a9d9,SMQ BIBLES\NSMQ 2016 Questions\CONTEST 11.doc,.doc,1
f318ee8573fc01e17064dbf2efe37f77573569f2bdfb9cc73ef2cbaccf4660c3,SMQ BIBLES\NSMQ 2016 Questions\CONTEST 12.doc,.doc,1
0df517a142580bc0572fdf455be4da0691c04ed42c5554ebc2578206a97cbf1b,SMQ BIBLES\NSMQ 2016 Questions\CONTEST 13.doc,.doc,1
c60dd3444265dcb6830438488964ee2eebf0e60e6881372dd2d64270019f9b04,SMQ BIBLES\NSMQ 2016 Questions\CONTEST 14.doc,.doc,1
860dfe7794e9151013cbd38d40a3cf4b8f1bee63d92c8ba90ecc8ec0db743af5,SMQ BIBLES\NSMQ 2016 Questions\CONTEST 15.doc,.doc,1
df99eb530b2c3cbfdfd9443130af4ae1625527e3150a946f7a92939b00e9d32b,SMQ BIBLES\NSMQ 2016 Questions\CONTEST 16.doc,.doc,1
b93b294534a694e45a0abb3b2865fb8e82045178796d4541d431908a68654e0e,SMQ BIBLES\NSMQ 2016 Questions\CONTEST 17.doc,.doc,1
7cb34900c3526bcd7e7936058577731ec7ef65cae7009274a33786e5710ae8ea,SMQ BIBLES\NSMQ 2016 Questions\CONTEST 18.doc,.doc,1
bf6b1bf8992b80ff35ca052b85cb9b3d72c10fe9cc05d331d3e414c9eec5ca3c,SMQ BIBLES\NSMQ 2016 Questions\CONTEST 19.doc,.doc,1
25c22b008ca7493ecfe8faa132077e2462ff56d8eba9e29f1d01fae7a2b7d5d0,SMQ BIBLES\NSMQ 2016 Questions\CONTEST 20.doc,.doc,1
a7b888311fb03c21f1074fbb127c67f7fac31bd0ea542975059d93c0e860133c,SMQ BIBLES\NSMQ 2016 Questions\CONTEST 21.doc,.doc,1
2e6643c64d0f6f21efc8f1639c85a33cd15d63368d6209431f21943201615796,SMQ BIBLES\NSMQ 2016 Questions\CONTEST 22.doc,.doc,1
60f31bbe49e910659ed8768ea715299c4436c56fc4f48c2743e182ba74f70cbf,SMQ BIBLES\NSMQ 2016 Questions\CONTEST 23.doc,.doc,1
149278d475ede3927e8f6d86a54e854d9deb1cbcf4903d9dee651e3f7db75e8a,SMQ BIBLES\NSMQ 2016 Questions\CONTEST 24.doc,.doc,1
b9e69fe536ac0fee014037c941c11b3ec4d78cd1557e813295bc93b271726810,SMQ BIBLES\NSMQ 2016 Questions\CONTEST 25.doc,.doc,1
43130839785c9b2516db76251b366366943b88f9cacada27dd0788d35c02f447,SMQ BIBLES\NSMQ 2016 Questions\CONTEST 26.doc,.doc,1
0d6651453a9437f1d135253d7f0e6a397ba71aed9a9aeb28f726bd0ce5f66085,SMQ BIBLES\NSMQ 2016 Questions\CONTEST 27.doc,.doc,1
9407e2ce005d69a9d0588188a4cbd71f6eff731ce9f490775005bd61d9d85430,SMQ BIBLES\NSMQ 2016 Questions\CONTEST 28.doc,.doc,1
c727178da1f8015516cdd0bdefee91a0409a04fa64567e723a147deb71cac831,SMQ BIBLES\NSMQ 2016 Questions\CONTEST 29.docx,.docx,1
e015b6382b667a1dcc3d17e24abaf74af0bfb8adccc77c136f562aec10d43cd7,SMQ BIBLES\NSMQ 2016 Questions\CONTEST 30.doc,.doc,1
eb79bfb2b2e5592197e493c131986079e6371e21ff2e9d6e9e6deae4fe6ce192,SMQ BIBLES\NSMQ 2016 Questions\CONTEST 31.doc,.doc,1
18f397698c261c8875b6b098c67f0c19809ac4c3149dc9664ce9448317ff5b22,SMQ BIBLES\NSMQ 2016 Questions\CONTEST 32.docx,.docx,1
01cb91be753995dd1860ece242496509fd49bb18048c221dabb44285adc04b51,SMQ BIBLES\NSMQ 2016 Questions\CONTEST 33.doc,.doc,1
a045bc71cd49e72927fd43d860a7aad672d032e68cbdd8361ad8e6f9b9dd4c3c,SMQ BIBLES\NSMQ 2016 Questions\CONTEST 34.doc,.doc,1
a9be173e50b0fdb175be896726fea9d8155c754211388ff868a9075cddd74e1a,SMQ BIBLES\NSMQ 2016 Questions\CONTEST 35.doc,.doc,1
d3afdc2a37bac6f859084b27b99f535731aa5e895f624f5fc2701aa811b60ea4,SMQ BIBLES\NSMQ 2016 Questions\CONTEST 36.doc,.doc,1
700958d248262da9557f319e898220538a42114e1329d7e73798754bd6bbd5d7,SMQ BIBLES\NSMQ 2016 Questions\CONTEST 37.doc,.doc,1
6e7c809a74039ff922dddb9411a9b4c97a6f0c04431d9ec68045adaefdb9e4a4,SMQ BIBLES\NSMQ 2016 Questions\CONTEST 38.doc,.doc,1
1c1b6393c491de2a08704430d50748c3971de3a5f33f29067e95825019882072,SMQ BIBLES\NSMQ 2016 Questions\CONTEST 39.doc,.doc,1
459d3f9fdd844c284a86b27afeec1b4911f5d04d31ce801c0179f57cc0f16561,SMQ BIBLES\NSMQ 2016 Questions\CONTEST 40.doc,.doc,1
5daa75b73fb48dc53434def372406dad928fb3d73b6e93de0d865e399de69752,SMQ BIBLES\NSMQ 2016 Questions\Copy of CONTEST 32.docx.docx,.docx,1
8b86c11f3d61b213bd6de81647fa18c9dfafd325a1131e50e84a0fe6af5ca001,SMQ BIBLES\NSMQ 2016 Questions\Diverisity sorted.docx,.docx,1
cfcc076c26286b1277b44a59b18306a66ffcf54f2e13898262e627dd2071f9de,SMQ BIBLES\NSMQ 2016 Questions\physics questions 2016.docx,.docx,1
d944217dbef9665c02ba178c47fd4599babe5d6b37162b3d8cc292788b151792,SMQ BIBLES\NSMQ 2017\2017 National Finals - Maths Questions.docx,.docx,1
18f78c47addaa3d489eae21ff63033b0115d5a6e46113625a10865ef50a77132,SMQ BIBLES\NSMQ 2017\Biology 2017 Questions Riddles.docx,.docx,2
69540e4fa69bca3d47021f12de6eea4294ffe965ce02f6239fd567f9238deafa,SMQ BIBLES\NSMQ 2017\Biology 2017 Questions True or false.docx,.docx,2
202fbfa60eb032f075b846d02199b681e2fc83fdef8bc79f147c4ea9930d9818,SMQ BIBLES\NSMQ 2017\Biology 2017(Problem of the Day) - one-eighth to finals.docx,.docx,2
b90a9d8cb1918e952ad1a77cbae82481053f25dfcf066fa0d3007c95e05b8bc6,SMQ BIBLES\NSMQ 2017\Contest 1.docx,.docx,3
1c97d27b0617118fec9dc28fc66c3c53a27e0a60017427ce6b781ac337539652,SMQ BIBLES\NSMQ 2017\Contest 10.docx,.docx,3
930dd98566c16b962e5210f9913bc81cf506ddbda6f17c137d606d501c2f57a0,SMQ BIBLES\NSMQ 2017\Contest 11.docx,.docx,3
382dc4415fefc57a1be66967431cca300c739738bbce2c344d51df47441bc5df,SMQ BIBLES\NSMQ 2017\Contest 12.docx,.docx,3
cfea63f7a1eba27de91e2ed0a278a4624277eff903651a4bd841bd434e8ab1fb,SMQ BIBLES\NSMQ 2017\Contest 13.docx,.docx,3
c46274f730f666e3d0bc175263a41b228104282887f845d7c5d870c2082fbb6e,SMQ BIBLES\NSMQ 2017\Contest 14.docx,.docx,3
71ad60c379a2b4051d3838b3c9b3695ecd15398340c4334eee40b7564ef2678d,SMQ BIBLES\NSMQ 2017\Contest 15.docx,.docx,3
97221d3ade2a1532ee402a975c0a5202c5779ffea563c9dae89a1a3321eea1fd,SMQ BIBLES\NSMQ 2017\Contest 16.docx,.docx,1
3c5a2e7aacbb1589e37d9b2cfe260306379aec64a1f8b555c6b4d2622aed7701,SMQ BIBLES\NSMQ 2017\Contest 17.docx,.docx,3
a4849cc4429b4eef8466d089354a70e4f543cac9c514e757b7861d7d37d099f0,SMQ BIBLES\NSMQ 2017\Contest 18.docx,.docx,3
11500535379e4ad2793769e6ac4cbf997b497ef5a21486d2ce852611411aeaaa,SMQ BIBLES\NSMQ 2017\Contest 19.docx,.docx,3
62ed5aeb2387006afa10a00b193e0f52d45c7d81c4ab81cc32d9c6e9597c0bff,SMQ BIBLES\NSMQ 2017\Contest 2.docx,.docx,3
e74dbf17b47eb451c9043c96622c6da35b23f734290dc5f5a1101e28a5d84f09,SMQ BIBLES\NSMQ 2017\Contest 20.docx,.docx,3
3e2729d498500493a2fb58c51254ba42c4dbce0ce2d0a463392c8fe7dde043b9,SMQ BIBLES\NSMQ 2017\Contest 21.docx,.docx,3
da0857b15ed49ee28b69b361a7704f5a6519df19abd604c38e919eaf8aae13dd,SMQ BIBLES\NSMQ 2017\Contest 22.docx,.docx,2
f1ab2f4e987d675cc194576949ba94a7e1429c76d6f7459c4de6883fd963e0aa,SMQ BIBLES\NSMQ 2017\Contest 23.docx,.docx,3
e3321ff74cea5a970f650a202777526b722f2673869d1177e1f269620867ae6b,SMQ BIBLES\NSMQ 2017\Contest 24.docx,.docx,3
a4d89be84c60656217a96eaa43d49076897cf25d1d4d30026d275513e83cca17,SMQ BIBLES\NSMQ 2017\Contest 25.docx,.docx,3
ff910e954f5661b790c8804a28d76ee3772b090ce5686144fc91448af18bcfb1,SMQ BIBLES\NSMQ 2017\Contest 26.docx,.docx,3
3d4319c03990421990ec3514e4317bf256d40e6d21b1fd14b399e8dd49ecbf15,SMQ BIBLES\NSMQ 2017\Contest 27.docx,.docx,3
18252a205b091b4367107e0de7bab7f22b3ebc9821bbc682f494f35eeb6359ac,SMQ BIBLES\NSMQ 2017\Contest 28.docx,.docx,3
aa1e18b132d8d732866c3ce1b1fc3573c34126a2f4c7e0cef45aeed0cc5d3e59,SMQ BIBLES\NSMQ 2017\Contest 29.docx,.docx,3
63ede820f588fe91508a8177a5a99180a45e84f850da596ea0299f5087ea985c,SMQ BIBLES\NSMQ 2017\Contest 3.docx,.docx,1
906b132ee01cc5a323a09e8c6e99e7dc16738f41de899d4f2bd5019406b6e424,SMQ BIBLES\NSMQ 2017\Contest 30.docx,.docx,3
da5459342bb98752805c2d1274a5fb75a114e3e9ba19dc5f227641d932ac8a74,SMQ BIBLES\NSMQ 2017\Contest 31.docx,.docx,1
5fd18237ab1d42f3ec121843d90f76df8b342d8d0e85115b740a1ae5bb15f18f,SMQ BIBLES\NSMQ 2017\Contest 32.docx,.docx,3
26933c108b7600a4c4fd3ae27dbd16eefa79ccaafa229efc938661abdb2d08cd,SMQ BIBLES\NSMQ 2017\Contest 33.docx,.docx,3
b075dfe473d860d2541cd75ef06864bc463c37331d6dd33ab18a20e10c0818fd,SMQ BIBLES\NSMQ 2017\Contest 34.docx,.docx,3
98a41dfaa62d35d4b470a544450f75699b7051959e18c23f34a8abaecc4ab906,SMQ BIBLES\NSMQ 2017\Contest 35.docx,.docx,3
540695a3afdc0be25e5f2abcc1f608d7c5f8135e022a5c0c717c61cba930213c,SMQ BIBLES\NSMQ 2017\Contest 36.docx,.docx,1
128900c17e0500854d848ee047535cd80dae73d5faccbb0d3b39d3ada67fc2d2,SMQ BIBLES\NSMQ 2017\Contest 37.docx,.docx,3
30bec597eb41a6197f9a23f410581c1207c0539f8ef5d68194a76f74e52e4286,SMQ BIBLES\NSMQ 2017\Contest 38.docx,.docx,1
575cb0723f9092a188d700a056da7737891ece02d58d796fcefbff0f20f90801,SMQ BIBLES\NSMQ 2017\Contest 39.docx,.docx,3
d191f5a1355f68208ad400e396a645ea6951339b6c19d0898f9779096a927358,SMQ BIBLES\NSMQ 2017\Contest 4.docx,.docx,2
f68b952096ebecfcdb37cb62cd61aff2d622781d51622a026ec8bdf24f0a1aa4,SMQ BIBLES\NSMQ 2017\Contest 40.docx,.docx,3
b484838076a3094da415aed390263b2db92187c978c1bc3884a3ed4317787726,SMQ BIBLES\NSMQ 2017\Contest 5.docx,.docx,3
6eca222b68b10cc666b2be49dc54d0886863a0b255667a2e33ef2e0d8773da5e,SMQ BIBLES\NSMQ 2017\Contest 6.docx,.docx,3
9deb08980627e1815e258de81ce227f705b77ecad1f5cedc191408fb2853fd3b,SMQ BIBLES\NSMQ 2017\Contest 7.docx,.docx,3
047e47179e5217a99b59f9fa6dc872c53d6722289e54320dd49859bb107a0af1,SMQ BIBLES\NSMQ 2017\Contest 8.docx,.docx,3
19773c9dada95c1370bbfad4434ad51384fc9478d0a7c162fd063d3aeb122f7b,SMQ BIBLES\NSMQ 2017\Contest 9.docx,.docx,3
904518c352bbb6e9523e3fefa4244a1736a6cb511247c99b8a89d98d88da7b4a,SMQ BIBLES\NSMQ 2017\CONTEST SEVEN.docx,.docx,1
267bbe47a2c6a28e85d097c13371df9879d24c3e48f411bccc569249ce6f9ae5,SMQ BIBLES\NSMQ 2017\CONTEST SIX.docx,.docx,2
9a627014bb46add6e1ae839fca6b415f4393c2e59116585dfc3820fe27a1759e,SMQ BIBLES\NSMQ 2017\CONTEST THREE.docx,.docx,1
469328d9b2f986a4cda7c10bb3fda11694bc24750ad24c41e999e87f859539d4,SMQ BIBLES\NSMQ 2017\CONTEST TWO.docx,.docx,2
6eafe12937bcc5b561f4eebcdd575c21ef98b47d780b9b4a77bbb9a22a9b35da,SMQ BIBLES\NSMQ 2017\FINAL.docx,.docx,2
5d08b23d74756b4e2d7effcf6be0dbcf51563eaec59523158c71b7b3efe8ee1f,SMQ BIBLES\NSMQ 2017\NSMQ 2017 Biology Questions - Speed race (1).docx,.docx,1
57e31eb0e53af8e5613dd9fb6c4387a7fde7f52b54d9333021f32ec0eaf6dc17,SMQ BIBLES\NSMQ 2017\NSMQ 2017 Biology Questions Round 1.docx,.docx,2
d70c62caa5854f498f451a7443f56dd4d304cb81743b8715315e58e76410613d,SMQ BIBLES\NSMQ 2017\NSMQ Finals 2017 - Maths Questions Problem of the day 2017.docx,.docx,2
9dfd54027d30ffe28ebb43ae7a2fcf3ed39dd47a72cbd3cf9d479667ea930b88,SMQ BIBLES\NSMQ 2017\Problem of the day MC.docx,.docx,3
e71b034ede6dc5c98c42ce570f248bb13549e88ea4cde779bba29c2b70d60232,SMQ BIBLES\NSMQ 2017\Round 1 - Physics 2017.docx,.docx,1
5725ce44f3f27d4e7445f2ea638ece28d0e5e23d985ccbdb1438fe5319b9eadd,SMQ BIBLES\NSMQ 2017\Round 2 - Physics 2017.docx,.docx,2
6cd64f10d767341f32389fb5c32dafce0f288877ea0d3493960b70adc41013fe,SMQ BIBLES\NSMQ 2017\Round 4 - Physics 2017.docx,.docx,1
05d5fcedb743516b8b9a9f0be1f7ed8aa9ffb1cc98bf12736939c5906e2e6286,SMQ BIBLES\NSMQ 2017\Round 5 - Physics 2017.docx,.docx,2
33607986424d3dc40aa413eaa3a52006544401a7836e95220947d53c533f1679,"SMQ BIBLES\NSMQ QUESTIONS  - 2014\3,000 Solved Problems in Calculus.pdf",.pdf,1
d0d76131f8d6b29d8491222e58b31692207c23dd6146ba5438bda9c365ed9e78,SMQ BIBLES\NSMQ QUESTIONS  - 2014\CONTEST 1.doc,.doc,1
d639101abfff19b1d17d45486ecea3ebc9d2be672818709c92ac08ad243b47f3,SMQ BIBLES\NSMQ QUESTIONS  - 2014\CONTEST 10.docx,.docx,1
13dd310ecc518a2498c167ec9c547131d95e15b76fdab342213330b753cbbcdf,SMQ BIBLES\NSMQ QUESTIONS  - 2014\CONTEST 12.docx,.docx,1
e779309a0f861485263a5d6e4d7ed7a9a0c4cd3eb31ab0d54a8706f28abecf8c,SMQ BIBLES\NSMQ QUESTIONS  - 2014\CONTEST 13.docx,.docx,1
c1405472b18c3f83a71e2c3ac9a9f58993e5daf52a09b9b780a81b768542b410,SMQ BIBLES\NSMQ QUESTIONS  - 2014\CONTEST 14.docx,.docx,1
9e319682a418dd5cd500fdccde0e280e92e4dbe22e1af2bb20efd94c5629cd91,SMQ BIBLES\NSMQ QUESTIONS  - 2014\CONTEST 15.docx,.docx,1
c61e55932c14b485f053247e391ab0f0667405c1cf980b114fd8c027a8f525ee,SMQ BIBLES\NSMQ QUESTIONS  - 2014\CONTEST 16.docx,.docx,1
82502c4df5d4d98fa82dfe426791e17d25c4e257ec03f07fc1eb7dd14d5b2b0e,SMQ BIBLES\NSMQ QUESTIONS  - 2014\CONTEST 17.docx,.docx,1
564d339d06944e37a75e7cff724a203ce7fd6aa9e363a88d50fb77fcb5307e20,SMQ BIBLES\NSMQ QUESTIONS  - 2014\CONTEST 18.docx,.docx,1
016b8924035c1e40fe6ef03b689932db9129f77b7d8da162ce63e23a3c8ba868,SMQ BIBLES\NSMQ QUESTIONS  - 2014\CONTEST 19.docx,.docx,1
eb8edf71d24dd523b65bfc0f6012ee446b3e3504e718f4b293270d69eba5aaa9,SMQ BIBLES\NSMQ QUESTIONS  - 2014\CONTEST 2.doc,.doc,1
5da423dbe1b1ecf176fc4938a49775d0bbcc73e4b50d34d748447a109f924cfc,SMQ BIBLES\NSMQ QUESTIONS  - 2014\CONTEST 20.docx,.docx,1
a1a784eb934853282c19dc21d174bc6c81ae7041211ad53784d4a84dd858aa1c,SMQ BIBLES\NSMQ QUESTIONS  - 2014\CONTEST 21.docx,.docx,1
e4f619b2c6f176e3c600a3a182be70423739983ecb29313bfb2297ff1528cde1,SMQ BIBLES\NSMQ QUESTIONS  - 2014\CONTEST 22.docx,.docx,1
ae1938e40abb76499ab0a99409a086faab3633fea07ffa75e3fce0605f65ccfb,SMQ BIBLES\NSMQ QUESTIONS  - 2014\CONTEST 23.docx,.docx,1
cd63f8ae74750badcff346d3b700884a3c1b6545d42d3bb5ef8bcdf3845007ec,SMQ BIBLES\NSMQ QUESTIONS  - 2014\CONTEST 24.docx,.docx,1
10612ab7eab27321e3a69ef3442e8f1c876285e1812be5aac086144d693b3b42,SMQ BIBLES\NSMQ QUESTIONS  - 2014\CONTEST 25.docx,.docx,1
62a38cb16c6b41b3ef3f6732badd5fd5a73b8c3a45cfac7a47d494541c213d24,SMQ BIBLES\NSMQ QUESTIONS  - 2014\CONTEST 26.docx,.docx,1
2c43b04424b06794881a4114d89ad21e4728ba636a2e80d303f0a5e97d99df96,SMQ BIBLES\NSMQ QUESTIONS  - 2014\CONTEST 3.docx,.docx,1
5ca5ef586ef914a6489fe6d1e4aae87d8dbc8a24674afd6e63b5f8d40caa8963,SMQ BIBLES\NSMQ QUESTIONS  - 2014\CONTEST 4.doc,.doc,1
abe662991a52e56271017df8876501c1ab70ef403e484c0b83623a015441ced9,SMQ BIBLES\NSMQ QUESTIONS  - 2014\CONTEST 5.docx,.docx,1
0b24f2a269edf27d554380718b4fad4e50523175d27676f927462dc98d7cab48,SMQ BIBLES\NSMQ QUESTIONS  - 2014\CONTEST 6.docx,.docx,1
d38bfaa810e5b15f56a8188a288e9183ca21318c61e1baf9837e7156e2209eba,SMQ BIBLES\NSMQ QUESTIONS  - 2014\CONTEST 7.docx,.docx,1
8db41e4de04fadae9f214f9425788bad7462c20bdf3e62478d3ffe651fb5b820,SMQ BIBLES\NSMQ QUESTIONS  - 2014\CONTEST 8.docx,.docx,1
3333de180b422be4ce367e5a6fb89e39f37c17348adf780241849b23c401af08,SMQ BIBLES\NSMQ QUESTIONS  - 2014\CONTEST 9.docx,.docx,1
e3b0c44298fc1c149afbf4c8996fb92427ae41e4649b934ca495991b7852b855,SMQ BIBLES\sampled\biology.docx,.docx,3
253914bc09dcd1a6a86911b062185a0837cc13d0b6af9dcbafa99becd5413beb,SMQ BIBLES\sampled\physics.docx,.docx,1
30558bcd329b5f69ef523d2456cd8ea1ee3beb53f254d698e29036884c7d5366,SMQ BIBLES\speed race practice\speed race.docx,.docx,1
5dad2eb855a430e465215e430e6e2ab7901ca205fca15fcf0e08b1481271da87,SMQ BIBLES\Uncategorised\CONTEST 02.doc,.doc,1
169d949fa84471a838240aeb8647df7b4518d5f825378e40c720f50c4da80344,SMQ BIBLES\Uncategorised\CONTESTONETRIAL.docx,.docx,1
4b0ee8b9f1756119fabd3c9e31f9f610e385b4b4f03020b97c09400e1b57b59d,SMQ BIBLES\Uncategorised\CONTESTTWOTRIAL.docx,.docx,1
c0bbfd4ad1f7140b61b4fe3139e347a73e5328038862f0685e74e49a06fa4835,SMQ BIBLES\Uncategorised\NSMQ CONTEST 2021.pdf,.pdf,1
2b2fa1f8e59a35d3793a899ac91c67b786875304a63c857de67edb5c44ba6401,SMQ BIBLES\Uncategorised\sample quiz questions EDITED.docx,.docx,1
b320ce07c58fdad043b6e9146e4b1d8435711dbe63de8e3efdcc186823dfb8f2,SMQ BIBLES\Uncategorised\tepa.docx,.docx,1
e19e374c1d718ee9a69538052267301cdc47aa297e0874716dfa1da7be80e071,SMQ BIBLES\weekends\TONIGHT CONTEST.docx,.docx,1
6d01060b0fee89c544d0a781f2078f91bff745e3abe9883a8e5826f4a849728d,SMQ BIBLES\weekends\complicated questions\biology.docx,.docx,1
431bb956b494b21df651f502a8273bbe9958731e7395dee4f321cabb6648ef84,SMQ BIBLES\weekends\complicated questions\chemistry.docx,.docx,1
d10fb4ca7fe5ab6a57e8726db8b67f1989bf12b6d84587825e00558db49b64fb,SMQ BIBLES\weekends\complicated questions\maths.docx,.docx,1
cef8b6dfcd01d8123d78ba71c0f2942dd8482cd592e100277d7d227eb080e750,SMQ BIBLES\weekends\complicated questions\physics questions.docx,.docx,1
e3df2e9fbe733c24972460cc029923e5b3175e7c70505b6084862b51248b0ef1,SMQ BIBLES\weekends\regionals\random practice set.docx,.docx,1
b7abde4c4513195fd924f26d99295ede2b34a110193f6b45384dbba536ea434b,SMQ BIBLES\weekends\regionals\speed race set 1.docx,.docx,1
de18b64b9836ac56b48ff9a1ae952dbe0d27d33bf8c2a496e50e7d348fae3de6,SMQ BIBLES\weekends\practice\SET 1\evening contest.docx,.docx,1
c876d4df9f57f4f43e7980dd9f60806cd356ac126a51e9fa20ef924f569781d0,SMQ BIBLES\weekends\practice\SET 2\CONTEST 27.docx,.docx,1
9ecb709d27b350101fb4fa7805005c66bf106aff9d86aef34142dd70f9d9c92d,SMQ BIBLES\weekends\complicated questions\riddles\1.doc,.doc,4
2d764c1cfcc4ae9f43be881f0a9e20f03ffa7b391f080f5d4c40f075890e3d41,SMQ BIBLES\weekends\complicated questions\riddles\10.docx,.docx,3
2f99e93874fe11eebca5fc7278848303914b81a6e7f5624d056e695aaf097ab5,SMQ BIBLES\weekends\complicated questions\riddles\11.doc,.doc,2
5e1b6f43dfb46150956635d040201400f68497eb879079b2101ffddc72ceb100,SMQ BIBLES\weekends\complicated questions\riddles\12.doc,.doc,3
875f07bf827846c800ab349f2823474bae78c7185dc00c69150fb2b7fe465ee3,SMQ BIBLES\weekends\complicated questions\riddles\13.doc,.doc,2
98442487191518aae359f8c048ad8dd2479b673b4a15924a976d5483e5a03f6f,SMQ BIBLES\weekends\complicated questions\riddles\14.doc,.doc,3
4e21049b64761e21c54eb6830dbb3c1adb78a19df7621f43f347ce307fd9b6bb,SMQ BIBLES\weekends\complicated questions\riddles\15.doc,.doc,3
95c40fc136a4e961b12705e355fb97c5af2f494af03a162e4fc8f5b1ea81fde4,SMQ BIBLES\weekends\complicated questions\riddles\16.doc,.doc,3
3578320ccdf9b0864d5958193740cf6ed4a200708ab75cb15a91f57a8b99d0e4,SMQ BIBLES\weekends\complicated questions\riddles\17.doc,.doc,2
32b5c1aa13da0c33a88e49cbf1ae7afa1bcf7805babc7ede01a7ae713c0792e1,SMQ BIBLES\weekends\complicated questions\riddles\18.doc,.doc,3
85437d9d11bc933e05f0f3d82cb55f388c45b83acb1a6f4240c3afa7d903322b,SMQ BIBLES\weekends\complicated questions\riddles\19.doc,.doc,3
415212010830a2089726aaaeacce4c2542aa996e9417571251fbc0f294ba13f4,SMQ BIBLES\weekends\complicated questions\riddles\2.doc,.doc,2
39ccd9d9e221b20fd01e2f529eaf0a7a3e60a23e1faecafb5785863cd91f10f6,SMQ BIBLES\weekends\complicated questions\riddles\20.doc,.doc,3
800e302f27d3f703c2cd983806d828b7e0b754751f27e1784d1832e7841ec0b1,SMQ BIBLES\weekends\complicated questions\riddles\21.doc,.doc,2
d31b598a7cefee18fa93e566b7079417203c9ae1a62ef9868360968305702033,SMQ BIBLES\weekends\complicated questions\riddles\22.docx,.docx,3
57a3f60f6c06698a2c0cb53a8a3f975bb7e844264c0880e49096a0be69647275,SMQ BIBLES\weekends\complicated questions\riddles\3.doc,.doc,2
45b029b952a251b3518d94c383779985b08050d5d8fe6fd228529b4f214ac8c1,SMQ BIBLES\weekends\complicated questions\riddles\4.doc,.doc,3
b040ecdcd359050d536137401c4d4c48d43f4675a0a6df38a434105c06ed2753,SMQ BIBLES\weekends\complicated questions\riddles\5.doc,.doc,3
7c7f3d5f18bea723382537a7d2a3c40f9fd067218afa40da465f1359d76dea12,SMQ BIBLES\weekends\complicated questions\riddles\6.doc,.doc,3
f717cc4b4e26c874b1ab8badd97a02b579f91de5c7e356666064aeb9a25d9c64,SMQ BIBLES\weekends\complicated questions\riddles\7.doc,.doc,1
c9f381df870a7052b920926ada4ede30c881f2c77f946a88896f248d1bb011f6,SMQ BIBLES\weekends\complicated questions\riddles\8.doc,.doc,4
25c7e90ddf1c7fea20646bab58160d6df2c399c5ec0c4b831615f4bb69a8e5a5,SMQ BIBLES\weekends\complicated questions\riddles\9.doc,.doc,1
fe119fda227a07358ba77651913a5ad8e9d80d58b5dd511cbe0967a4500ce7ce,SMQ BIBLES\weekends\complicated questions\true or false\1.doc,.doc,4
5371e579b8b282aaca04ee507c36d0e2845b856ed50760f9691f1908cae5d39f,SMQ BIBLES\weekends\complicated questions\true or false\10.docx,.docx,2
211183bb541cd669c293c71f38728ed6ff261a6138e6f3aedd70a4dd95d1cac0,SMQ BIBLES\weekends\complicated questions\true or false\11.doc,.doc,3
78d35c4028fd7bee99dfda4c2330195ebd9ea5808389b70cdaa3bb8c978b26be,SMQ BIBLES\weekends\complicated questions\true or false\12.doc,.doc,3
920245e14ba86f24e9f9fa72e114b693403753bedcc0489237634fabf8c758d6,SMQ BIBLES\weekends\complicated questions\true or false\13.doc,.doc,3
43e03dfd14b3daa11462f7b4dafccdbbccb4ec38890d6dc6494f24473221bfea,SMQ BIBLES\weekends\complicated questions\true or false\14.doc,.doc,2
90f92b585da0b5175839c1ac42c0edcf80655523b1ed62fc87932759f857a258,SMQ BIBLES\weekends\complicated questions\true or false\15.doc,.doc,3
cb35660a35648607859ef3b57e89c1a6fb1fe043ba53b01199d86eb3fd25072b,SMQ BIBLES\weekends\complicated questions\true or false\16.doc,.doc,3
6804ea0611b3b42e8109d4294e5b6335f24f82f66c9080eef374a81854df10d1,SMQ BIBLES\weekends\complicated questions\true or false\17.doc,.doc,2
94fd20095df58ce1fe36c4e71b146305ee3a25fb0f4bc89e9ef0dbfb1a036730,SMQ BIBLES\weekends\complicated questions\true or false\18.doc,.doc,3
ebb6ef1022f3ff56938835f56641808699f5208cc9a21ba7f2057cd7039f523b,SMQ BIBLES\weekends\complicated questions\true or false\19.doc,.doc,3
736e6e4f3aacd1026f8d20ca98b8af4e3f091d02ce132ee1da05d368356fb351,SMQ BIBLES\weekends\complicated questions\true or false\2.doc,.doc,3
fc25a1dae43cb952db31d0bbf5eebe0c49334360356240abf4a623d3a149c56f,SMQ BIBLES\weekends\complicated questions\true or false\20.doc,.doc,3
1cde478bc264a56e7bfd99a9fa639f9677bb5348515896373b728adac7e460eb,SMQ BIBLES\weekends\complicated questions\true or false\21.doc,.doc,2
83154156bb95ad0ee4dc06b6a4b7e3911e71c6b49f62f79534fa9159ad041155,SMQ BIBLES\weekends\complicated questions\true or false\22.doc,.doc,3
8f079c198b8075fbeedaa51577b03e4e1613b19c55de4c6766f9677bdd960108,SMQ BIBLES\weekends\complicated questions\true or false\3.doc,.doc,3
d28186a67d40425015290259a3c4e0f2fb7b414d16fa6a45612814bc2334dfc8,SMQ BIBLES\weekends\complicated questions\true or false\4.doc,.doc,3
04a5498c1cb610fbf21f3eaaea8695ffb60e6551bad3143f13486d6ac0206565,SMQ BIBLES\weekends\complicated questions\true or false\5.doc,.doc,3
799d91262b82bbbbf67eadbfe31005cc22a1241d015138fc65ff85cecba2e36f,SMQ BIBLES\weekends\complicated questions\true or false\6.doc,.doc,3
ef52208efdd6ac29481876697d2f998bd5f984a46d7411888c48688788f8aed7,SMQ BIBLES\weekends\complicated questions\true or false\7.doc,.doc,1
8b7d624e5e94c069e435b9ea4ae8c0ba3f8461acee5b021c8e09b30e3cee1ae3,SMQ BIBLES\weekends\complicated questions\true or false\8.doc,.doc,4
06b627249a4d38b36beba5aee623464d20d88d01e39371e130a49c442f25e3b2,SMQ BIBLES\weekends\complicated questions\true or false\9.doc,.doc,2
a3fd8f8e24b9d266d5c7aa09eed87ba8d8f78d982ea1255eddd29a32882eff93,SMQ BIBLES\NSMQ2020\BIOLOGY\One-Eighth - Finals Riddles .docx,.docx,2
01703d85adf932d53be53889fcbe82d1f6d1578c825be17d5b018c0568a8578b,SMQ BIBLES\NSMQ2020\BIOLOGY\One-Eighth - Finals Round 1.docx,.docx,2
ea4103bc223f1fb495f5541f544a3f8fc3a8ae3008e7e1551145b9e7ed6a8e52,SMQ BIBLES\NSMQ2020\BIOLOGY\One-Eighth - Finals Speed Race.docx,.docx,2
ff865a8d28af7b275ca5291c6d7f073b94839c698492bd5b2bb4838e8b698598,SMQ BIBLES\NSMQ2020\BIOLOGY\One-Eighth - Finals True or False.docx,.docx,2
9295d3bf43cbd5ea74ed89bf786255997d43156ca15a5abfd9747254b900f609,SMQ BIBLES\NSMQ2020\BIOLOGY\Problem of the day.docx,.docx,1
f780729ae815f1c193036f63bcd6a8c6aeecca1ad51272279469cc9db3229fee,SMQ BIBLES\NSMQ2020\CHEMISTRY\NC 1.docx,.docx,2
3126adab5f721e0295fb55a78b3d44f08c9ed19f45f520c0005eec75d9434f5e,SMQ BIBLES\NSMQ2020\CHEMISTRY\NC 10.docx,.docx,2
5f7788c28dad58ee0fcf8283f11123d7974d002ce443e2438ca561b35d7fc203,SMQ BIBLES\NSMQ2020\CHEMISTRY\NC 11.docx,.docx,2
5d03b396d6f5b2400c3c06bb7b078e5f117672d9d15730bb24b1ec9725bad2d3,SMQ BIBLES\NSMQ2020\CHEMISTRY\NC 12.docx,.docx,2
87ac8c9abf34202f1afeebc0403f2c0c3b47740a65fb1d2b30c55ae30f7af88b,SMQ BIBLES\NSMQ2020\CHEMISTRY\NC 13.docx,.docx,2
66a1bdb8a69a4fe363d625d31306eb1fe5b057f0569616feefd385a81a0afbb8,SMQ BIBLES\NSMQ2020\CHEMISTRY\NC 14.docx,.docx,2
962d4bbf098049eb0b564cedf80e6aa3bcdd3df966def34de04e2736264d0ce9,SMQ BIBLES\NSMQ2020\CHEMISTRY\NC 15.docx,.docx,2
b48b5ef99689e6440a76e12b48fbe9ffc13b7a3cbdcde2247deb0246f3b6b7f1,SMQ BIBLES\NSMQ2020\CHEMISTRY\NC 16.docx,.docx,2
a7030cf12afa2bf391fb85bae34a3ae0e51528c94a1e351ec34e28aef3329265,SMQ BIBLES\NSMQ2020\CHEMISTRY\NC 17.docx,.docx,2
8af2d26c4c43e64ccdca25c0fc4f4f7e711f34d823206a6cefe7954bca0afd44,SMQ BIBLES\NSMQ2020\CHEMISTRY\NC 18.docx,.docx,2
6149f7ef1bcddeef5dc2f09154c0397362cd35af84040d906f24facf2af34a52,SMQ BIBLES\NSMQ2020\CHEMISTRY\NC 19.docx,.docx,2
95cf935d41e3d1f7d5ff98ca8260931f198531207aa55ad43ce2cdac67462dae,SMQ BIBLES\NSMQ2020\CHEMISTRY\NC 2.docx,.docx,2
35743f758ed2e84543ee7719562127309cee97df0a29f88c32006b93edbbd0ae,SMQ BIBLES\NSMQ2020\CHEMISTRY\NC 20.docx,.docx,2
f1b8cb48fa19478cb4b2aeec8a16638a3b6c26ccccbea952810da6d0ba0736be,SMQ BIBLES\NSMQ2020\CHEMISTRY\NC 21.docx,.docx,2
a384e3b045bd674c71e2498a94546ed406730b0b17b0382181ad4f0df7257402,SMQ BIBLES\NSMQ2020\CHEMISTRY\NC 22.docx,.docx,2
f100041232ae3851f3682e35160d2251619cd3d8886fe28e2e6b1411d37f996b,SMQ BIBLES\NSMQ2020\CHEMISTRY\NC 23.docx,.docx,2
a6f6f1065ab65ce40f8dfcc644cec8be8fadf96a92b54e3f02ff5104c7291746,SMQ BIBLES\NSMQ2020\CHEMISTRY\NC 24.docx,.docx,2
6ae985ba7c254cfdf22c01d1859b3c3fe7cd90ac93aa36378a878dca5c1b3b73,SMQ BIBLES\NSMQ2020\CHEMISTRY\NC 25.docx,.docx,2
304c374e433165c67478ecf27981c9f1858986f30a0be10a65a03bbec32ad799,SMQ BIBLES\NSMQ2020\CHEMISTRY\NC 26.docx,.docx,2
3697901e6e2acd253fd8a3d5a3ae7b0ae2dc7e90e72d94912e9dc730fc7e8f4c,SMQ BIBLES\NSMQ2020\CHEMISTRY\NC 27.docx,.docx,2
3d042d79913fcbafeffb0b6809b56dd41c84aa1563d48afab85a875ee05b6687,SMQ BIBLES\NSMQ2020\CHEMISTRY\NC 28.docx,.docx,2
20d54cc467bfcc425fb7f81a7973e1a52aa7008457ede171fb0fac6507498a00,SMQ BIBLES\NSMQ2020\CHEMISTRY\NC 29.docx,.docx,2
6b32e630a68e68302eb243808769727cfa8525ca20cfbe5b58d17d39a9d37992,SMQ BIBLES\NSMQ2020\CHEMISTRY\NC 3.docx,.docx,2
b73ef26a94c7265a166be0e10b20f887eeea9534092e532ce8565d52f6a49b89,SMQ BIBLES\NSMQ2020\CHEMISTRY\NC 30.docx,.docx,2
0106c5ae3ef3723662084bc649e8f76f2dba174049b6ffe4961ac15be42ea209,SMQ BIBLES\NSMQ2020\CHEMISTRY\NC 31.docx,.docx,2
12fbc2f29c8d7dcaff4f4345db9709fda0d7142251bc41e0ada6707e10dba4b5,SMQ BIBLES\NSMQ2020\CHEMISTRY\NC 32.docx,.docx,2
9be96d401ac3600a38766d5c0d1cf89850f191f1a743e96bfa5e40e6c52859c1,SMQ BIBLES\NSMQ2020\CHEMISTRY\NC 33.docx,.docx,2
185a11232be4a135298012e549ea022a6e50101a9156ee5b2a166d92a8eec8e5,SMQ BIBLES\NSMQ2020\CHEMISTRY\NC 34.docx,.docx,2
f1a5b03abf29bcbd0c61f8b802bd8ab5a55807f78ef8f078b3945c82cedd8081,SMQ BIBLES\NSMQ2020\CHEMISTRY\NC 35.docx,.docx,2
422398d2031ca1696dd59b6d8f7c7ee131614ec4d7126485852c8189e7a6ef86,SMQ BIBLES\NSMQ2020\CHEMISTRY\NC 36.docx,.docx,2
5d26b5a51dc594ab431eba2292969bf875d783bcaf6b58ceef80100b95445ffe,SMQ BIBLES\NSMQ2020\CHEMISTRY\NC 37.docx,.docx,2
78846b82f099a450198c784eed3e022d18618731080ecec0bf0df04e14eed725,SMQ BIBLES\NSMQ2020\CHEMISTRY\NC 38.docx,.docx,2
29ee6060f5cb46fedb2afd224b74e709b2c0e767c7a084b48aa1df1257c80850,SMQ BIBLES\NSMQ2020\CHEMISTRY\NC 39.docx,.docx,2
fa89fb8d0ebece6125fed56f109c7c9b6b9f0939811e09a89fec97aff69281a8,SMQ BIBLES\NSMQ2020\CHEMISTRY\NC 4.docx,.docx,2
d7ae54aadeb20eb6131ec0d1e61912bf67ea25eff9369d4176df7ec477bec649,SMQ BIBLES\NSMQ2020\CHEMISTRY\NC 40.docx,.docx,2
b71e2f8aca3418dd3f91f0bae978346595ad6bc06980d6d032ea120a164d9f3f,SMQ BIBLES\NSMQ2020\CHEMISTRY\NC 5.docx,.docx,2
35561d3f9fbb6ede7e9efd4748798cc39063609e2e592f765f588fdc6d748216,SMQ BIBLES\NSMQ2020\CHEMISTRY\NC 6.docx,.docx,2
7025e12534e7fe88bc698e1e4fb3855ee16d9e75b4cb921cf5fbae1e64251da2,SMQ BIBLES\NSMQ2020\CHEMISTRY\NC 7.docx,.docx,2
4fab5787b99d200ac86cb5fadb027bbc690e5d5411dc2fc5ebbfc0f03b1a625b,SMQ BIBLES\NSMQ2020\CHEMISTRY\NC 8.docx,.docx,2
6858f679229f647b5152c8527c686b67bbcd1623034b7aaa94360f5f6f53cc09,SMQ BIBLES\NSMQ2020\CHEMISTRY\NC 9.docx,.docx,2
9d24187f0f8021f43d037de7a8d1403245a8e3f03193751a1755c041ad88f889,SMQ BIBLES\NSMQ2020\CHEMISTRY\PROBLEM OF THE DAY-2020.docx,.docx,2
c7a8449364f25cf638d880813600b07b9a8796a0bab984fad70ce8ca5fadeb7f,SMQ BIBLES\NSMQ2020\CHEMISTRY\PROBLEM OF THE DAY_1.docx,.docx,1
55c8b08b6f335cd0051c269cb3e921a09c337d19c13026ccd5cdb189b175ecad,SMQ BIBLES\NSMQ2020\MATHEMATICS\NSMQ 2020 Mathematics One-Eighth .docx,.docx,2
38184876d6ab996d68d59ea39cb9eda658a3f9e913af20c4c8c2013dbfcf79a1,SMQ BIBLES\NSMQ2020\MATHEMATICS\NSMQ 2020 Mathematics One-Eighth to Finals POTD.docx,.docx,2
5bc55300ce20dda5d56a522b106d236d0a5dccbf4feeed8d0bb5e43f70401bf6,SMQ BIBLES\NSMQ2020\PHYSICS\POTD - Physics 2020.docx,.docx,2
2035421845fe3288f366de32fe0ffb81dfee31cc42549fb8ae0ab9fe52e3e3f7,SMQ BIBLES\NSMQ2020\PHYSICS\Round 1 - Physics 2020.docx,.docx,2
11013df7642a551243b6465751b9f881e48f4d22050bc12d7141d1d276966d80,SMQ BIBLES\NSMQ2020\PHYSICS\Round 2 - Physics 2020.docx,.docx,2
449e61669f65093fcc90022cbfe4a6118b163ca554f3ae3c8c85896c9ad22d60,SMQ BIBLES\NSMQ2020\PHYSICS\Round 4 - Physics 2020.docx,.docx,2
42a856a825371b4676b69018f3d7bb3da43398430b6323a9b2ec2d7604bafe42,SMQ BIBLES\NSMQ2020\PHYSICS\Round 5 - Physics 2020.docx,.docx,2
8aa01fcf85674cd253f44fd013b7035c91e4839f25948222b67a59ac3c60f18f,SMQ BIBLES\NSMQ-2019\Physics\Physics one-eigth to finals\Round 1 - Physics.docx,.docx,1
d2ece03f7a46666cd2c54c9585b801b9226dd0ee2b3b9d73ef170d244d295c61,SMQ BIBLES\NSMQ-2019\Physics\Physics one-eigth to finals\Round 2 - Physics.docx,.docx,1
e7104bc4ccb5735e5114d1b94d7ddf60c56d232e49296a6e2d01c4c76b9abee6,SMQ BIBLES\NSMQ-2019\Physics\Physics one-eigth to finals\Round 3 - Physics 2019 (N).docx,.docx,2
3b9f18e61bb1cce596141c3368f016554d7bd8cfe66b98df941780b81c8ab2c6,SMQ BIBLES\NSMQ-2019\Physics\Physics one-eigth to finals\Round 4 - Physics.docx,.docx,2
68215d0842a1c3b177ddfad93b9703c3b8f2867941e3375e41e62f594968e347,SMQ BIBLES\NSMQ-2019\Physics\Physics one-eigth to finals\Round 5 - Physics.docx,.docx,2
021459e0dd480884fff3d332ecf894ad0d26acf80eb596cc769af913eda1ac15,SMQ BIBLES\NSMQ-2019\Physics\Physics Prelims\Prelims Round 1N - Physics.docx,.docx,1
4a2d22df6d34e37367ca8abe8dfd682acdfa4384698ed8a278f074e2f599be60,SMQ BIBLES\NSMQ-2019\Physics\Physics Prelims\Prelims Round 2N - Physics.docx,.docx,1
9a31c8a80e26bad5398a275839910b203c78b11fff7145dba05527afcc2f79d0,SMQ BIBLES\NSMQ-2019\Physics\Physics Prelims\Prelims Round 4N - Physics.docx,.docx,2
003a2032dd2e23886a3a7daa302e8e134ce080bc59556595fff7db2e414a24ab,SMQ BIBLES\NSMQ-2019\Physics\Physics Prelims\Prelims Round 5N - Physics.docx,.docx,1
9364de90b389b276977533a8adb1aa8cbf8cc3682c27d3103de0abac8b8061ab,SMQ BIBLES\NSMQ-2019\NSMQ\Physics\Physics one-eigth to finals\Round 1 - Physics.docx,.docx,1
52113eac38db0ae8ff9d75f9bc192a13acc106b254ce4caa44c72a4cf0e9fcad,SMQ BIBLES\NSMQ-2019\NSMQ\Physics\Physics one-eigth to finals\Round 2 - Physics.docx,.docx,1
2291947afad2f4608465013baee0c6f3e5436090d873084417eb1c0762ec2580,SMQ BIBLES\NSMQ-2019\NSMQ\Physics\Physics Prelims\Prelims Round 1N - Physics.docx,.docx,1
a61cb7f9d682a8b605f38ab779a57831a44f192d0b56dc60e8d16a0c9ea77de0,SMQ BIBLES\NSMQ-2019\NSMQ\Physics\Physics Prelims\Prelims Round 2N - Physics.docx,.docx,1
0d0eb7b7739ba608af9376de3e9fbeb069e85805a99acaa134512044cfc1d5bc,SMQ BIBLES\NSMQ-2019\NSMQ\Physics\Physics Prelims\Prelims Round 5N - Physics.docx,.docx,1
68355c33670693b0ca5999a1d9ba55f4d9e03a57852093bd8cf33fe62d40b9b0,SMQ BIBLES\NSMQ-2019\NSMQ\Maths\Maths one-eigth to finals\Maths one-eighth to FINAL POTD.docx,.docx,1
27a44fc40a413c745f07dbf537dbe809c2a0d4ab0c74e4de8afc2e709eec1be4,SMQ BIBLES\NSMQ-2019\NSMQ\Maths\Maths one-eigth to finals\Maths one-eighth to FINALS.docx,.docx,1
19e9d034a22cb01c7bef3e7acd522da234c72e1def68f3ab19cc4b283ccdeb0a,SMQ BIBLES\NSMQ-2019\NSMQ\Maths\Maths Prelims\Maths Prelim .docx,.docx,1
b2af964782ecaf0137e9fa16a9578f215a8fbbc7884e10528803cf268bfa0359,SMQ BIBLES\NSMQ-2019\NSMQ\Maths\Maths Prelims\Maths Prelim POTD.docx,.docx,2
4dfa28abff05d7d93be6beaf9753bb8883c87e5a185cfc74ed6132ed9b02db7e,SMQ BIBLES\NSMQ-2019\NSMQ\Chemistry\Chemistry one-eighth to finals\MC 1.docx,.docx,1
f67d4c3e9fd5625bab99cd3f85147182ff426eec290672ec67f62ee4da5182db,SMQ BIBLES\NSMQ-2019\NSMQ\Chemistry\Chemistry one-eighth to finals\MC 10.docx,.docx,1
5e9222e03219b035278d6f2bdf620a7cc3634625e6d82739305e0eb6bef491d8,SMQ BIBLES\NSMQ-2019\NSMQ\Chemistry\Chemistry one-eighth to finals\MC 11.docx,.docx,1
c9322229d1965bf17e0154b600e28977c7b9fcf9190e03d4873b1cc9a632a465,SMQ BIBLES\NSMQ-2019\NSMQ\Chemistry\Chemistry one-eighth to finals\MC 12.docx,.docx,1
5ddab69c20bde0020ff6dcfc052c10e6662dda5a72a07761deda396aa24d3334,SMQ BIBLES\NSMQ-2019\NSMQ\Chemistry\Chemistry one-eighth to finals\MC 13.docx,.docx,1
4eb0c90618e74c2183381b7e29a558518e2faa58e9ca3e52c2442eac12352fd5,SMQ BIBLES\NSMQ-2019\NSMQ\Chemistry\Chemistry one-eighth to finals\MC 14.docx,.docx,1
336281f3300f953600dc6b72391cffae3d8598538a2afdbf64cc875ea1cef471,SMQ BIBLES\NSMQ-2019\NSMQ\Chemistry\Chemistry one-eighth to finals\MC 15.docx,.docx,1
90c55301c2b32b8bbef3daee718c88d8e7ce2786d7afe5da87b32a7839f1c3fe,SMQ BIBLES\NSMQ-2019\NSMQ\Chemistry\Chemistry one-eighth to finals\MC 16.docx,.docx,1
0c4614c816293c533a4a65fbe0b3e57c90a20d4a4fd4b0ae19a7efd6de9ffea0,SMQ BIBLES\NSMQ-2019\NSMQ\Chemistry\Chemistry one-eighth to finals\MC 17.docx,.docx,1
22a92dbbb86310371a677b90155c55a620628dd22d550319c65f965acce64e2a,SMQ BIBLES\NSMQ-2019\NSMQ\Chemistry\Chemistry one-eighth to finals\MC 18.docx,.docx,1
0fd27c63babea78041b0fba206475b846b132f2c4c1fed47c686721b512fc0e6,SMQ BIBLES\NSMQ-2019\NSMQ\Chemistry\Chemistry one-eighth to finals\MC 19.docx,.docx,1
6cfb2e57b1d345156ffa6e843f801ee290ae29660e996e513b9b71d25b3f349e,SMQ BIBLES\NSMQ-2019\NSMQ\Chemistry\Chemistry one-eighth to finals\MC 2.docx,.docx,1
03a162cf8cd711aa25d0fe19c8a9e7d6db1818654674b32a2866f32add444480,SMQ BIBLES\NSMQ-2019\NSMQ\Chemistry\Chemistry one-eighth to finals\MC 20.docx,.docx,1
1a718356633ac61b27ee3785e3540cdf7d165e2c9fb053d473149806afaafefb,SMQ BIBLES\NSMQ-2019\NSMQ\Chemistry\Chemistry one-eighth to finals\MC 21.docx,.docx,1
4364a7bdbfd8cf8ee65b14fb8659a2ed4ddd4e10a4f6fe7933ac131fb4904852,SMQ BIBLES\NSMQ-2019\NSMQ\Chemistry\Chemistry one-eighth to finals\MC 22.docx,.docx,1
0d61b820ed18fa4206c129895b33fffa10e1f216269ca37edbcbc2bbb47c462f,SMQ BIBLES\NSMQ-2019\NSMQ\Chemistry\Chemistry one-eighth to finals\MC 23.docx,.docx,1
7f6b9afaacf70c3817cb87b6664ba0407da9bc2034519c368d5bf51b78d5d262,SMQ BIBLES\NSMQ-2019\NSMQ\Chemistry\Chemistry one-eighth to finals\MC 24.docx,.docx,1
398839d305afae013018e7e5e523db9dca2d3ce69611dae768ef2842cd2cfe3b,SMQ BIBLES\NSMQ-2019\NSMQ\Chemistry\Chemistry one-eighth to finals\MC 25.docx,.docx,1
36e4c9e516dbc4f8a8270537024194eeb341ae8b65e9539f5369b9e68e553453,SMQ BIBLES\NSMQ-2019\NSMQ\Chemistry\Chemistry one-eighth to finals\MC 26.docx,.docx,1
41c28f10168d8a24f84be77e461bbc0a092171906bb1e6ce822c2fdaf44f1c7a,SMQ BIBLES\NSMQ-2019\NSMQ\Chemistry\Chemistry one-eighth to finals\MC 27.docx,.docx,1
fc7aeae32f343e7035f305b2144d4964cb3a34d0e1da80c7cf890db6b14d280e,SMQ BIBLES\NSMQ-2019\NSMQ\Chemistry\Chemistry one-eighth to finals\MC 28.docx,.docx,2
e1b82f1858e8659c7311f968427353cdb1c4b0f4f3f2289a2bb70ce797053d9a,SMQ BIBLES\NSMQ-2019\NSMQ\Chemistry\Chemistry one-eighth to finals\MC 29.docx,.docx,2
4486eea4325dd1103c0604f1e843962ff94ce698e2a9661723f187e92a2ec80d,SMQ BIBLES\NSMQ-2019\NSMQ\Chemistry\Chemistry one-eighth to finals\MC 3.docx,.docx,1
685caadfcb69fc4a2fbff8d48a688215209ade46918943f6c5acbf4808070c4b,SMQ BIBLES\NSMQ-2019\NSMQ\Chemistry\Chemistry one-eighth to finals\MC 30.docx,.docx,2
4c34186bf290e0a03bf1140072698f07821c068c95aea137e712e55c136c5224,SMQ BIBLES\NSMQ-2019\NSMQ\Chemistry\Chemistry one-eighth to finals\MC 31.docx,.docx,2
7d1eb73c3a92077a08d8b2addf68ea2959d2dca0ab53519dba9263e307e35419,SMQ BIBLES\NSMQ-2019\NSMQ\Chemistry\Chemistry one-eighth to finals\MC 32.docx,.docx,2
40b49bb987d7125b49b8ac07c23e32d8a77510158cef37c2d16dbb8a02d40bab,SMQ BIBLES\NSMQ-2019\NSMQ\Chemistry\Chemistry one-eighth to finals\MC 33.docx,.docx,2
6839bbea05eb123a56e5e8d2966f5fe98f5e6e362c1ccdbaa623ca2cd42d9ea5,SMQ BIBLES\NSMQ-2019\NSMQ\Chemistry\Chemistry one-eighth to finals\MC 34.docx,.docx,2
77072cb295c48abcb1349be521b1a68946e21304afd5dda2079ab0eb7e5d774c,SMQ BIBLES\NSMQ-2019\NSMQ\Chemistry\Chemistry one-eighth to finals\MC 35.docx,.docx,2
0be45e095ac57b9cb03bb0938497d705558bafa8c978abfbcb8b4764fd3cff33,SMQ BIBLES\NSMQ-2019\NSMQ\Chemistry\Chemistry one-eighth to finals\MC 36.docx,.docx,2
32f8b800757bacaef326b20cfabfcdf78215347238a68ab196abb4c3d84511c5,SMQ BIBLES\NSMQ-2019\NSMQ\Chemistry\Chemistry one-eighth to finals\MC 37.docx,.docx,2
334302a67cb04ae296c3299b3de23d6c0bd758ff0ef5e53abe79c934e2cc7c43,SMQ BIBLES\NSMQ-2019\NSMQ\Chemistry\Chemistry one-eighth to finals\MC 38.docx,.docx,2
0f1892ca3c212a28d7d8cd25a194cd33c22d6901ebfbddb2393fd54ebcebec99,SMQ BIBLES\NSMQ-2019\NSMQ\Chemistry\Chemistry one-eighth to finals\MC 39.docx,.docx,2
f439ee0b7cc0c1cc9a53f176593e14ec648736139a2e71136244b0889721f9ea,SMQ BIBLES\NSMQ-2019\NSMQ\Chemistry\Chemistry one-eighth to finals\MC 4.docx,.docx,1
0f207b211258af23c0013aa7a2fe651137c4c953c08bfeeb5e7158fa71718e3a,SMQ BIBLES\NSMQ-2019\NSMQ\Chemistry\Chemistry one-eighth to finals\MC 40.docx,.docx,2
9b988e7319d29abab569fb758a9dcbb5324b8ea67e350796ad7d697c8aa1cd74,SMQ BIBLES\NSMQ-2019\NSMQ\Chemistry\Chemistry one-eighth to finals\MC 5.docx,.docx,1
6130b4d1c070b3da88b7f22520e47f0417247bcbf1b9cacb36df77b51c47daa1,SMQ BIBLES\NSMQ-2019\NSMQ\Chemistry\Chemistry one-eighth to finals\MC 6.docx,.docx,1
da06dd44071559cb8f12130731f9293b51bb7a36c1f74913dcf1b847d3b8d4da,SMQ BIBLES\NSMQ-2019\NSMQ\Chemistry\Chemistry one-eighth to finals\MC 7.docx,.docx,1
b38a11a2dc27ed4c5bb8dd13f6d7aec695fff606b0703b049168a5645103a3e3,SMQ BIBLES\NSMQ-2019\NSMQ\Chemistry\Chemistry one-eighth to finals\MC 8.docx,.docx,1
7153126b3d78e1fc24cb0dca331e248f8838c8abb51849f3bfae4eefaf752ed8,SMQ BIBLES\NSMQ-2019\NSMQ\Chemistry\Chemistry one-eighth to finals\MC 9.docx,.docx,1
c969e698557906db026bfc1a1fc9cee0caa29492b111eb58d637d7d2df755985,SMQ BIBLES\NSMQ-2019\NSMQ\Chemistry\Chemistry one-eighth to finals\PROBLEM OF THE DAY.docx,.docx,1
7e47175fec68cdce25c85d5af0a6143494a0c8130615b06f184b8c3bde4ae110,SMQ BIBLES\NSMQ-2019\NSMQ\Chemistry\Chemistry Prelims\Contest 1.docx,.docx,1
d7c5227a83d9f886db5320393e0a639649ef592d8a787a98412a7827000145d1,SMQ BIBLES\NSMQ-2019\NSMQ\Chemistry\Chemistry Prelims\Contest 10.docx,.docx,1
bf94139bad41c1faaeec84c33f8331d83f4ead3985828a7d9f84c9a64afc183a,SMQ BIBLES\NSMQ-2019\NSMQ\Chemistry\Chemistry Prelims\Contest 11.docx,.docx,2
091a8fdd1309a2752918fb38969aa90f0d57cd04d14ef6eff35cd0cf01597ca9,SMQ BIBLES\NSMQ-2019\NSMQ\Chemistry\Chemistry Prelims\Contest 12.docx,.docx,2
c6e759ff33bf74cfd4008105c8696cd1fd7cefd3a02b9c3176548e920fd0f504,SMQ BIBLES\NSMQ-2019\NSMQ\Chemistry\Chemistry Prelims\Contest 13.docx,.docx,2
323f60a01c56e893473973b9a8982afb199334e2592d4cba23cac1f43064856a,SMQ BIBLES\NSMQ-2019\NSMQ\Chemistry\Chemistry Prelims\Contest 14.docx,.docx,2
83c8e5a5be2af09a33482cbdd4a92e711156ce7bba0b5fc11165968ca974494e,SMQ BIBLES\NSMQ-2019\NSMQ\Chemistry\Chemistry Prelims\Contest 15.docx,.docx,1
bc9be92be3c21d9d73e83ee5708ccc0cacdb3cb3ae1a76e3988ab9f2e6e90a2d,SMQ BIBLES\NSMQ-2019\NSMQ\Chemistry\Chemistry Prelims\Contest 16.docx,.docx,2
58c5f9589c2187d7d9821ee0d3266582eacc55856e31b8c3564b1ede26859856,SMQ BIBLES\NSMQ-2019\NSMQ\Chemistry\Chemistry Prelims\Contest 17.docx,.docx,2
c1c803d28f399fc3a2d01492375be4f897daa66ec23c60e0bd439f585aa11024,SMQ BIBLES\NSMQ-2019\NSMQ\Chemistry\Chemistry Prelims\Contest 18.docx,.docx,2
b8653ee674f2105cafd1b50398e8de9513c98e9397865ffbab17f78f8b14a771,SMQ BIBLES\NSMQ-2019\NSMQ\Chemistry\Chemistry Prelims\Contest 19B.docx,.docx,2
7cdb0f8050760d2f59b98b879d30cbf9bdb2427ecb0654399993bdf40543d126,SMQ BIBLES\NSMQ-2019\NSMQ\Chemistry\Chemistry Prelims\Contest 2.docx,.docx,1
205e384b5609251d3270896ff3c34785f6679639f4a0f4389aeeffc95e215ff8,SMQ BIBLES\NSMQ-2019\NSMQ\Chemistry\Chemistry Prelims\Contest 20B.docx,.docx,2
87d6bbc987efa37de70255bbd8632cbd24b72a370bec15661220bd88264ef459,SMQ BIBLES\NSMQ-2019\NSMQ\Chemistry\Chemistry Prelims\Contest 21B.docx,.docx,2
4182d0becf96022c895ec82d90e63eaad4ccf59f3679540c976b36c8d7903ca5,SMQ BIBLES\NSMQ-2019\NSMQ\Chemistry\Chemistry Prelims\Contest 22B.docx,.docx,2
95aa2f3eae79846db51155e8599f9775e3269bede1cbb0833b509025841ec6e3,SMQ BIBLES\NSMQ-2019\NSMQ\Chemistry\Chemistry Prelims\Contest 23B SUP 1B.docx,.docx,2
1509dafa3707f5f98598937740df93665393175a1f5560d611252735bb8b252a,SMQ BIBLES\NSMQ-2019\NSMQ\Chemistry\Chemistry Prelims\Contest 23B.docx,.docx,2
8c42047352e6ec5af17eb3e0bc578a023a023c13e7cc9497dbb120815f92f9f3,SMQ BIBLES\NSMQ-2019\NSMQ\Chemistry\Chemistry Prelims\Contest 24B.docx,.docx,2
09a55409ca36cff39b18ae87d9124d23d44a2fae1c23c869b01bfe6f2dac9480,SMQ BIBLES\NSMQ-2019\NSMQ\Chemistry\Chemistry Prelims\Contest 25B.docx,.docx,2
4445f1546fb21b9c37356c0d7a583d6c44a235424d84f235b72290406499d641,SMQ BIBLES\NSMQ-2019\NSMQ\Chemistry\Chemistry Prelims\Contest 26B.docx,.docx,2
b123dfb73e0755e34ccac670c53761bc9b9b6bfdb842d822f0c915f5226e70e8,SMQ BIBLES\NSMQ-2019\NSMQ\Chemistry\Chemistry Prelims\Contest 27B.docx,.docx,2
e206894ee502440d685acf9a4626b58a70cea662c7bd5feb2088d52271c43286,SMQ BIBLES\NSMQ-2019\NSMQ\Chemistry\Chemistry Prelims\Contest 28B.docx,.docx,2
1b15f795f2f99cdf2b3dfef3f996ca523e22cb773eaa1f534fc38e20aa794fae,SMQ BIBLES\NSMQ-2019\NSMQ\Chemistry\Chemistry Prelims\Contest 29B.docx,.docx,2
2332af6a7e9dce19cc3cfad519a7ff0b492623edff334aee66ced08411624cc4,SMQ BIBLES\NSMQ-2019\NSMQ\Chemistry\Chemistry Prelims\Contest 3.docx,.docx,1
f3191cd281cfb39bdd37254f0b0e39e312ef147f16233b4f8f9b52a320555063,SMQ BIBLES\NSMQ-2019\NSMQ\Chemistry\Chemistry Prelims\Contest 30B.docx,.docx,1
287789db9d8d43a6770b1b98f9a254f2c3c02ff6f23a5ddc089ec34127708ce1,SMQ BIBLES\NSMQ-2019\NSMQ\Chemistry\Chemistry Prelims\Contest 31B.docx,.docx,2
960ed2c429100a60b91a9dd94c678e53954dc1bb8f67ece92880502cdf24494a,SMQ BIBLES\NSMQ-2019\NSMQ\Chemistry\Chemistry Prelims\Contest 32B.docx,.docx,2
395b1d768fd89e179816245a7c1a4966442ba3bc412f2f32bd851f69b75c7067,SMQ BIBLES\NSMQ-2019\NSMQ\Chemistry\Chemistry Prelims\Contest 33B.docx,.docx,2
e591c6ff8f551f712c6eb2571e386ebfd2d9370d57764325e530004978cb60d9,SMQ BIBLES\NSMQ-2019\NSMQ\Chemistry\Chemistry Prelims\Contest 34B.docx,.docx,2
2a0a3e50087ba725ac796a75642e30befb7b9218c8b76dfea688692b14eaa664,SMQ BIBLES\NSMQ-2019\NSMQ\Chemistry\Chemistry Prelims\Contest 35B.docx,.docx,2
1b5347ae3322c84e0984a61d7813a14768c4331fdebd8b306b6685d336e85528,SMQ BIBLES\NSMQ-2019\NSMQ\Chemistry\Chemistry Prelims\Contest 36B.docx,.docx,2
7052f9be7dc484c0656877c940665e4fd5e074a771e43ab7719b2146f9073340,SMQ BIBLES\NSMQ-2019\NSMQ\Chemistry\Chemistry Prelims\Contest 4.docx,.docx,1
5490c99c8bc6430023e1f77358c015b7c40933c92a0aec648009b206836c558a,SMQ BIBLES\NSMQ-2019\NSMQ\Chemistry\Chemistry Prelims\Contest 5.docx,.docx,1
ead921606cf71f085a4b4badafd7cd8b6c4f112f0619b51de5b8fc12be4f8c70,SMQ BIBLES\NSMQ-2019\NSMQ\Chemistry\Chemistry Prelims\Contest 6.docx,.docx,1
10a354a9f94f52ce6a250f0430c05b050b9dd9b59d3dec912d1b54ed82de89f0,SMQ BIBLES\NSMQ-2019\NSMQ\Chemistry\Chemistry Prelims\Contest 7.docx,.docx,1
650ca4bd08ca81706405c82579bebc259e9a2c3ba37336e3e5afeab9340ef749,SMQ BIBLES\NSMQ-2019\NSMQ\Chemistry\Chemistry Prelims\Contest 8.docx,.docx,2
4a7e15f5d2933b05a34fa5338efd94add3bfff8e58b90c128c8cda989011e7e0,SMQ BIBLES\NSMQ-2019\NSMQ\Chemistry\Chemistry Prelims\Contest 9.docx,.docx,2
6b37eb11e25345aeb64ac968fc4d8cc087015402372af34ffc8d4c09d33777eb,SMQ BIBLES\NSMQ-2019\NSMQ\Chemistry\Chemistry Prelims\Problem of the day 1.docx,.docx,2
d3fec0de30f1ffda09668eaa34616cee64fcd862822b714bb23f970b4b21bcf9,SMQ BIBLES\NSMQ-2019\NSMQ\Biology\Biology One -eighth - Finals\Problem of the day new.docx,.docx,2
793c006ca47c3a6942657813d794c4d4b288efa61300efc85a6d7a43e2bc1786,SMQ BIBLES\NSMQ-2019\NSMQ\Biology\Biology One -eighth - Finals\Riddles.docx,.docx,2
3a027062ea4f82ae3c6f29e83dd389dfe3bd3991dc233c6e2fcea8e7a2a6f51b,SMQ BIBLES\NSMQ-2019\NSMQ\Biology\Biology One -eighth - Finals\Round 1.docx,.docx,2
f2c5728e8a852727ddecaee39b24c08ecfd63429c675ed196a8a8d60c53a7474,SMQ BIBLES\NSMQ-2019\NSMQ\Biology\Biology One -eighth - Finals\Speed race.docx,.docx,1
2b6143a8985a967e0a101982a526099d4c706893c0de1c400a187d540d1cc613,SMQ BIBLES\NSMQ-2019\NSMQ\Biology\Biology One -eighth - Finals\True or false.docx,.docx,2
e183437d9b8b2c48b84d89535f3ecfd50209cd36a76b4e903a5db8d93660e5cc,SMQ BIBLES\NSMQ-2019\NSMQ\Biology\Biology Prelims\Riddles.docx,.docx,2
57a6cddba52d4e96ec608db967712115c37bfd1253f2c31bb43b67ed60f3d26f,SMQ BIBLES\NSMQ-2019\NSMQ\Biology\Biology Prelims\Round 1.docx,.docx,1
035bdb1b0add537477022b036984348c60138cedfc302fe7159f509a06f97feb,SMQ BIBLES\NSMQ-2019\NSMQ\Biology\Biology Prelims\Speed race new.docx,.docx,1
d952eb838043821f21b75eee4e4eb684078bd3d1b4474625166e96fc242dca4c,SMQ BIBLES\NSMQ-2019\NSMQ\Biology\Biology Prelims\True or false.docx,.docx,2
58036084a3486d60d63dad99f0f3e0bfecaeb2c4adf96771100259d7c806fb97,SMQ BIBLES\NSMQ-2019\Maths\Maths one-eigth to finals\Maths one-eighth to FINAL POTD.docx,.docx,1
64a99a34fbb680b3e538d2f816ed6faf1ccbfb65406b3abe0febed15d4008c44,SMQ BIBLES\NSMQ-2019\Maths\Maths one-eigth to finals\Riddles.docx,.docx,1
88d9815d859fe0424ba6b41554b334bd2d0b394a7e881737cfc75b49426a4c46,SMQ BIBLES\NSMQ-2019\Maths\Maths one-eigth to finals\Round 1.docx,.docx,1
5871f6137c0a038d09ed004d36df1e1c8e680823763606bcb90f7e99804eae02,SMQ BIBLES\NSMQ-2019\Maths\Maths one-eigth to finals\Speed Race.docx,.docx,1
fb6b6af8791b1cc6c8c01430af7edae19047ec985d5828e7d46ba22285c30840,SMQ BIBLES\NSMQ-2019\Maths\Maths one-eigth to finals\True or false.docx,.docx,1
d748c5f2aae7e43b6ad34e0a1f75b0f47ea75ff0195cb0f2ead92be0585197e5,SMQ BIBLES\NSMQ-2019\Maths\Maths Prelims\Maths Prelim .docx,.docx,1
c7bf0a72d00968736062975341e421e6c6e3313ae9e173ec1ae2701c1aaa3701,SMQ BIBLES\NSMQ-2019\Chemistry\Chemistry one-eighth to finals\MC 1.docx,.docx,1
72614afa5f59f7e44d494dadf3abdc4c0f168141601bdbe9589928d358059a0f,SMQ BIBLES\NSMQ-2019\Chemistry\Chemistry one-eighth to finals\MC 10.docx,.docx,1
a3dd69634065c1c6b1b0dd1ce08c059d5d56ff5315c9b84a4f8f540a29b180b2,SMQ BIBLES\NSMQ-2019\Chemistry\Chemistry one-eighth to finals\MC 11.docx,.docx,1
537d06d48c8b6fe19355a9da7670ae1396ce86cbe583644fcafb0efde3aaad6d,SMQ BIBLES\NSMQ-2019\Chemistry\Chemistry one-eighth to finals\MC 12.docx,.docx,1
cb158ccc1472ea64d4a58797d78fe4d366d28aaca9d2e2476a95729d378fe167,SMQ BIBLES\NSMQ-2019\Chemistry\Chemistry one-eighth to finals\MC 13.docx,.docx,1
a6519506c0a919cd8071736ef060f14201bc446cc7d532b8cdb3d8fdbeefc6fc,SMQ BIBLES\NSMQ-2019\Chemistry\Chemistry one-eighth to finals\MC 14.docx,.docx,1
020e64d1f5b33a0df3ec96ef92575cde21af5ae7aabcbe06f82b523882da5d67,SMQ BIBLES\NSMQ-2019\Chemistry\Chemistry one-eighth to finals\MC 15.docx,.docx,1
d75aa159fd69a40c5871b6e8d28556d221f762df3b63beecf64d263a3e0c7113,SMQ BIBLES\NSMQ-2019\Chemistry\Chemistry one-eighth to finals\MC 16.docx,.docx,1
4fc311f9c6109663ab7f5b1e046b367b79947e049c7caabce4d2ea88d123162f,SMQ BIBLES\NSMQ-2019\Chemistry\Chemistry one-eighth to finals\MC 17.docx,.docx,1
4d91d8fe2d5c5f3b6db269c0c7bc5ccce25b0e0612ad92cec1caacc8594d5d15,SMQ BIBLES\NSMQ-2019\Chemistry\Chemistry one-eighth to finals\MC 18.docx,.docx,1
4ae2eb2aa7e9e82988e32bb587b958af70c7420af4dc3313093a17e969d18b76,SMQ BIBLES\NSMQ-2019\Chemistry\Chemistry one-eighth to finals\MC 19.docx,.docx,1
20ec30b1d2de0c144d5237cd1cfc265538e3173dea89a38307f61b97b5eb920e,SMQ BIBLES\NSMQ-2019\Chemistry\Chemistry one-eighth to finals\MC 2.docx,.docx,1
f947cb7df5efeb8e00b594f7cd4653a10f18c1a907f778bd552377f9f9b427e1,SMQ BIBLES\NSMQ-2019\Chemistry\Chemistry one-eighth to finals\MC 20.docx,.docx,1
189adc70ae781118f60631b46533faa391a8864e5cbe7377b197829f494bc027,SMQ BIBLES\NSMQ-2019\Chemistry\Chemistry one-eighth to finals\MC 21.docx,.docx,1
ec95f035b4fdb3922123d900d430d966e88e729d315324c0aee0016696cb0639,SMQ BIBLES\NSMQ-2019\Chemistry\Chemistry one-eighth to finals\MC 22.docx,.docx,1
d9641f210806d4d1dfbbedf6b5598b60b2ea72c16374362b8cc8b0f1e57148a4,SMQ BIBLES\NSMQ-2019\Chemistry\Chemistry one-eighth to finals\MC 23.docx,.docx,1
9abb53871e7b323f101a2669b3dd28e27481c48c1dcbc6156eace42619a9b9da,SMQ BIBLES\NSMQ-2019\Chemistry\Chemistry one-eighth to finals\MC 24.docx,.docx,1
97d4711faf58c169c78ff339bee1880018b8b878d4f1c9417048086e2f565e8f,SMQ BIBLES\NSMQ-2019\Chemistry\Chemistry one-eighth to finals\MC 25.docx,.docx,1
6b64bef121f744b3aa76c5bc258f150eafaecf76666611f81f76026d3d495501,SMQ BIBLES\NSMQ-2019\Chemistry\Chemistry one-eighth to finals\MC 26.docx,.docx,1
3855223cee05494ff98f787e81651d0ad0d8f5d29a3e2a7d1324390cbc7f35a1,SMQ BIBLES\NSMQ-2019\Chemistry\Chemistry one-eighth to finals\MC 27.docx,.docx,1
1721daf01765d4d18d031a81c40a0b5e359bef6fdad4ad5d1744f8b7705162f4,SMQ BIBLES\NSMQ-2019\Chemistry\Chemistry one-eighth to finals\MC 3.docx,.docx,1
2037a53dac79d32a7b19eb2ba4be3b823784e4aca94bd686a8d7181fb0456f67,SMQ BIBLES\NSMQ-2019\Chemistry\Chemistry one-eighth to finals\MC 4.docx,.docx,1
e11087421ffe3e173c47da7786271f4ccdcd2ed0d72579c394833d3d056c8b59,SMQ BIBLES\NSMQ-2019\Chemistry\Chemistry one-eighth to finals\MC 5.docx,.docx,1
33630d59675d3d4ed2654cffe4f10e08355103dcad0314a1c15091b8067c2dd1,SMQ BIBLES\NSMQ-2019\Chemistry\Chemistry one-eighth to finals\MC 6.docx,.docx,1
8b46ee40d15531766b836c9cd60368b5dab7ebc1c479b2e5894c0aa64b305b1f,SMQ BIBLES\NSMQ-2019\Chemistry\Chemistry one-eighth to finals\MC 7.docx,.docx,1
3fc826798ab828f605a5d94d05f95c7e069942be4975cb51e325150e51adc4e2,SMQ BIBLES\NSMQ-2019\Chemistry\Chemistry one-eighth to finals\MC 8.docx,.docx,1
636705489ea156058e726076de26432708e816e804ae2a01520988d003e42642,SMQ BIBLES\NSMQ-2019\Chemistry\Chemistry one-eighth to finals\MC 9.docx,.docx,1
50b1dbaa4be4f0c60b30a87f3c1d6f7737c8b98472292c8f887f99f5a9c72f45,SMQ BIBLES\NSMQ-2019\Chemistry\Chemistry one-eighth to finals\PROBLEM OF THE DAY.docx,.docx,1
19f4034761f8f33c2c9f367c2b753062bbd246e5009d06019aa0fb1aa5e51132,SMQ BIBLES\NSMQ-2019\Chemistry\Chemistry Prelims\Contest 1.docx,.docx,1
b70cc48cf33b1aa6a5d259268a62f712665e469ebe249c251ccb154a02da06e7,SMQ BIBLES\NSMQ-2019\Chemistry\Chemistry Prelims\Contest 10.docx,.docx,1
308727087ec79f6fac306d61b323e51161f4c73c25f70449e5f58c58e27c578e,SMQ BIBLES\NSMQ-2019\Chemistry\Chemistry Prelims\Contest 15.docx,.docx,1
b50fe05b898d904a6d954d74cea263cd8cf60d34d1fd829a9f5b762f4ce411f7,SMQ BIBLES\NSMQ-2019\Chemistry\Chemistry Prelims\Contest 2.docx,.docx,1
1d97f309d202e99bde7498f72c161f4a9e4f401c0ff11efd857e0cbd6056fd03,SMQ BIBLES\NSMQ-2019\Chemistry\Chemistry Prelims\Contest 3.docx,.docx,1
00bac958df16609777676e39b72c36e454c4d974bdfd467408e90801cac47f36,SMQ BIBLES\NSMQ-2019\Chemistry\Chemistry Prelims\Contest 30B.docx,.docx,1
b42718c172786006027b378399a30efbd9965f756b2b0ec4086bb542fd35fb78,SMQ BIBLES\NSMQ-2019\Chemistry\Chemistry Prelims\Contest 4.docx,.docx,1
d9a0ce83000fe31e8428c9622ce6fa60a2cfe1f15ef780c96ec39cbb9802f52b,SMQ BIBLES\NSMQ-2019\Chemistry\Chemistry Prelims\Contest 5.docx,.docx,1
d4dd1053ee6a96b15f20911670ea42e3cbd727e0bceda470f7fc9b18afdcb678,SMQ BIBLES\NSMQ-2019\Chemistry\Chemistry Prelims\Contest 6.docx,.docx,1
993e077f0d8efc4d7927b97b32a6a254415261f4b7249845db3a9fe71351a847,SMQ BIBLES\NSMQ-2019\Chemistry\Chemistry Prelims\Contest 7.docx,.docx,1
c0664e2470b6fb26386c0939314f45ce5573a675019b2d91757ff4a80f60cf15,"SMQ BIBLES\NSMQ-2019\Chemistry\one-eighth riddles, tf and speed race\Riddles.docx",.docx,1
ded8db982f12bff259bbd2c6b6adb69c99e544d0c6b38b0bb446ad5e88ac9e48,"SMQ BIBLES\NSMQ-2019\Chemistry\one-eighth riddles, tf and speed race\Speed race.docx",.docx,1
62ee419dca95ee20484ac9d2084462ef0fc6322211a9f4e8eef4962d93abeeb6,"SMQ BIBLES\NSMQ-2019\Chemistry\one-eighth riddles, tf and speed race\True or False.docx",.docx,1
57104bf704a9c879071500485187553b361e7939dd8f3eb3f088dc5cbbe0e2a8,SMQ BIBLES\NSMQ-2019\Biology\Biology One -eighth - Finals\Speed race.docx,.docx,1
a1aa79493c25556ef4f7efec5ba11c36e36296c5910a3595d3a8766e04ae06cd,SMQ BIBLES\NSMQ-2019\Biology\Biology Prelims\Round 1.docx,.docx,1
f9eeb50fd9f500735007e2c45ce39953fdd47ab95bd27a3504799fc10c215bbe,SMQ BIBLES\NSMQ-2019\Biology\Biology Prelims\Speed race new.docx,.docx,1
0002b8c86ccee49c30473ab47bc13d8280d186e089fbd5e8f52864e59d25e8d2,SMQ BIBLES\NSMQ 2020\Physics\Scanned_20240116-1223.pdf,.pdf,1
5e68a8db16aea4595868c82b64f1b8157271ce426d4dceaa73b843d9fe7b3f0d,SMQ BIBLES\NSMQ 2018\biology\One-eighth  - Finals Round 1 .docx,.docx,1
93c5ef430a3f841f671e4882be3b0fad81fa29c1c0ef49ae7ac61dda97a9225e,SMQ BIBLES\NSMQ 2018\biology\One-eighth - Finals Riddles .docx,.docx,1
539704b493f758d8f23a76abce866f0bc59dc5e5f87e5bbc4c018598c4883d81,SMQ BIBLES\NSMQ 2018\biology\One-eighth - Finals Round 2 - speed race.docx,.docx,1
4df2f44aa386e3f4c219c41734195d7dc97f23e3a3dd0777ed849978d818192d,SMQ BIBLES\NSMQ 2018\biology\One-eighth - Finals Round 3 - Problem of the day.docx,.docx,1
b4e39cab2abbba9e4dda25797dca21d418f619a76492a262ced2bb220e553b71,SMQ BIBLES\NSMQ 2018\biology\One-eighth - Finals Round 4 -True or false.docx,.docx,1
857dcbbe20ad0dfd895492295d3695688a0d23e67fe469c94c21f122f118497c,SMQ BIBLES\NSMQ 2018\chemistry\Contest 1.docx,.docx,1
06e7cce81f365b1b7e5a5913f8d2e33df35f7c569519ca7307e3c124cb5a0d7f,SMQ BIBLES\NSMQ 2018\chemistry\Contest 10.docx,.docx,1
0af408c8aba56b6acc179b8d6b267efbfa11fc3d5d46af9c3d39df83056d0dbb,SMQ BIBLES\NSMQ 2018\chemistry\Contest 11.docx,.docx,1
cc91f4c1e8aaf6709196b0557515426d0e5a98de1566924941f1e9989687b9de,SMQ BIBLES\NSMQ 2018\chemistry\Contest 12.docx,.docx,1
f72cb9142aa5bc2a9eedcc24ddbc2fda590aa7a11ad5fd633d10824befc02ea0,SMQ BIBLES\NSMQ 2018\chemistry\Contest 13.docx,.docx,1
750ffcfb1ec947e58b17013e004db5003f992dc5c18a08545feace38cfbce2d6,SMQ BIBLES\NSMQ 2018\chemistry\Contest 14.docx,.docx,1
9d9caa4a80425fc59fb5a0737cc5221893be437921095e013e28722abff2f9d7,SMQ BIBLES\NSMQ 2018\chemistry\Contest 15.docx,.docx,1
f7e1b7728b357bdfc961e0fc4a4a32e98bad7c1173f094737836233258f40c17,SMQ BIBLES\NSMQ 2018\chemistry\Contest 16.docx,.docx,1
eb9042ae20a9f0fdb1866be6a4f1ea096f7b0ac98c62afb75f854469e5a8e1d7,SMQ BIBLES\NSMQ 2018\chemistry\Contest 17.docx,.docx,1
5b7431e76ffb5859afb420a5e2e461cd838e82dbc99e9da79f8dfb3748a59c72,SMQ BIBLES\NSMQ 2018\chemistry\Contest 18.docx,.docx,1
4c42b36486862cd77a8119ba00a7bbaea1bb491be4c8923e9f63e56b8515c327,SMQ BIBLES\NSMQ 2018\chemistry\Contest 19.docx,.docx,1
720b64121646c40535f0bd93df5b910c84c774cb9f7f2d0d983d0b34e8fa3599,SMQ BIBLES\NSMQ 2018\chemistry\Contest 2.docx,.docx,1
4834364dbfb9df227e6ab62f8733cdc5e802f9a889f60ac96f1e96977224f2f3,SMQ BIBLES\NSMQ 2018\chemistry\Contest 20.docx,.docx,1
ee2a54f86fd40c8a5244b5c1fccedf202b2e1fba14852544776413f8d05348c3,SMQ BIBLES\NSMQ 2018\chemistry\Contest 21.docx,.docx,1
6d07ad65645469462f24e26d12e3840b8ab10b46aa43a34af6080875e3dc205b,SMQ BIBLES\NSMQ 2018\chemistry\Contest 22.docx,.docx,1
279f39484f578bd492e8189450fe586a7d4bd236c047ba9b41c86022a957f7f8,SMQ BIBLES\NSMQ 2018\chemistry\Contest 23.docx,.docx,1
0961a632d9b58ff9f2abf05e6fb6f19fd729a6d53ee3ad2c2aa27b47638773d1,SMQ BIBLES\NSMQ 2018\chemistry\Contest 24.docx,.docx,1
0231dafc2ce279135fe2ba8aac1ad7af90b84313ca891e7636401b73c90ba8dc,SMQ BIBLES\NSMQ 2018\chemistry\Contest 25.docx,.docx,1
c1f007ab0e28b2a50acc459531f407539582135f63185d66e443665e815ba393,SMQ BIBLES\NSMQ 2018\chemistry\Contest 26.docx,.docx,1
274363f0e71246f25983a59b8133f9c7f31d65d8a17a1ececf2ea3ae7ddd5ce6,SMQ BIBLES\NSMQ 2018\chemistry\Contest 27.docx,.docx,1
02b1cd8a52fe596be0b4ba334446ca0cdca1b4e720049cd8ed4d61c997310896,SMQ BIBLES\NSMQ 2018\chemistry\Contest 28.docx,.docx,1
81aab37a0aa3615b4b468893954191035c1fbe22b41a09694abc27a576bfe88c,SMQ BIBLES\NSMQ 2018\chemistry\Contest 29.docx,.docx,1
26720324555d46c06eccab417b041e83ce9c33b839f67ecbb84bc4f57f06b3dc,SMQ BIBLES\NSMQ 2018\chemistry\Contest 3.docx,.docx,1
db748c056d958b4debcfe0ab6a132ec3dd7075440c4d4515a08128c494f97a3d,SMQ BIBLES\NSMQ 2018\chemistry\Contest 30.docx,.docx,1
a34aa24e99ecd3f8f5b64ba11b54527c59e7d5c1613dad397c840975e06349f7,SMQ BIBLES\NSMQ 2018\chemistry\Contest 31.docx,.docx,1
d396fc874c90c6680a0afdb1fb0bc8fcf973fb1ac938881e01d4b0ed3dbc9b4b,SMQ BIBLES\NSMQ 2018\chemistry\Contest 32.docx,.docx,1
7e1168c0532d5702fbd81c92ba7388fb4549c137b24603794e8ddfc5785e944c,SMQ BIBLES\NSMQ 2018\chemistry\Contest 33.docx,.docx,1
5d8f69137a13561216ff5aba91bdc64316bcebc01344b1582dfa102c7fadb407,SMQ BIBLES\NSMQ 2018\chemistry\Contest 34.docx,.docx,1
a32004560cf079d54246b344230ed0ccd51c10676cfc00ed8d8f2658ecf52936,SMQ BIBLES\NSMQ 2018\chemistry\Contest 35.docx,.docx,1
052e700da110f5894eac3e69d6fa2dc2059006064ad5bfa8242268f8c4a4a92e,SMQ BIBLES\NSMQ 2018\chemistry\Contest 36.docx,.docx,1
17898d2b8f2e883a697d291067f081c681dcf40ec591b38a3a35adf537db3cf4,SMQ BIBLES\NSMQ 2018\chemistry\Contest 37.docx,.docx,1
5b724bd9cee54af61aa77dae09db009be56cca7d6be76939059730f57923487b,SMQ BIBLES\NSMQ 2018\chemistry\Contest 38.docx,.docx,1
9d3f4157c4cc4b0fa18517b6398161d64024c85df27cdebf86da24c18dfaac1a,SMQ BIBLES\NSMQ 2018\chemistry\Contest 39.docx,.docx,1
313a102d0b2a642515413420df3ea51e5804dc5057178f579e87266062fb4727,SMQ BIBLES\NSMQ 2018\chemistry\Contest 4.docx,.docx,1
47fecfc0848d759b7b03e0f5e64343190c5d3ab86d286357195d01c7767292dc,SMQ BIBLES\NSMQ 2018\chemistry\Contest 40.docx,.docx,1
1302c7a5187b855b3c4043cbd30db701ad54a3b95e5fa7ee76b6d7886b941dd4,SMQ BIBLES\NSMQ 2018\chemistry\Contest 5.docx,.docx,1
4210f5beeb1068091da69d58263eec261efa06a031010b5d70929c4e97d52b85,SMQ BIBLES\NSMQ 2018\chemistry\Contest 6.docx,.docx,1
d7a1af2ed39e9fe20c4a945900428471a7c6650cbf2fe0da6b6b7a4c25f7b435,SMQ BIBLES\NSMQ 2018\chemistry\Contest 7.docx,.docx,1
11bea21bd5183c3c3e31473224b173fd187e4205a1eaa051fec515b3798619cd,SMQ BIBLES\NSMQ 2018\chemistry\Contest 8.docx,.docx,1
8a80f1a3da795bfe495e5cd461f89e982a8f0b1044ccc2084b2e5a707c9cd562,SMQ BIBLES\NSMQ 2018\chemistry\Contest 9.docx,.docx,1
a070859bdc6af0bd6c47904277a4561b8cdfa99e315f1708f2c351d8205ff52c,SMQ BIBLES\NSMQ 2018\chemistry\Problems of the D.docx,.docx,1
674bf2a3a7d0a51255263d7cc9bf65d67c6dbab8e2040ab7a23a54b72cface11,SMQ BIBLES\NSMQ 2018\maths\2018 NSMQ Maths Questions.docx,.docx,1
756e79a5434c4208bde47890c96e106205827ed2fb78b3bbe47c0843f804a44a,SMQ BIBLES\NSMQ 2018\maths\2018 NSMQ Maths _Problem of the Day_.docx,.docx,1
1bb54eb5d6a45d4dbea0becb571b04d5879e3590d4a4dced1413cc7a1bb273a5,SMQ BIBLES\NSMQ 2018\physics\Round 1 - Physics 2018.docx,.docx,1
80d13ee8fe24306c19238f685d39f8f33887c6fc2280cb382b338c5b75fd28e3,SMQ BIBLES\NSMQ 2018\physics\Round 2 - Physics 2018.docx,.docx,1
4a12f54ca4c9547127805015894c3f8c2f24df236b4029b87589a5b4ef6dfb24,SMQ BIBLES\NSMQ 2018\physics\Round 3 - Physics 2018.docx,.docx,1
7f840514a504ac4f6bf9c0afaab710d4df71c3c59c50a7efc1a6094a89271860,SMQ BIBLES\NSMQ 2018\physics\Round 4 - Physics 2018.docx,.docx,1
94e743bba5108828b5c726d63d11f3f44c2473367acbbdffa43175d8c0420eab,SMQ BIBLES\NSMQ 2018\physics\Round 5 - Physics 2018.docx,.docx,1
4a82182c4f343596c849866335ec2bc7a9fb42c534750b03ca182ce6e7b386e8,SMQ BIBLES\NSMQ 2017\BIOLOGY PROBLEM OF THE DAY AND SOLUTIONS\AR NSMQ BIOLOGY.docx,.docx,1
b9d93d23ac6719c208e29c258c4c92258f99d131b28857f747475601e32d3176,SMQ BIBLES\NSMQ 2017\Chemistry Questions\Contest 16.docx,.docx,1
e42c476b0569043ce7b117afd7e299d5b9b5b66b2120f150b4573a70f5b8b5ee,SMQ BIBLES\NSMQ 2017\Chemistry Questions\Contest 22.docx,.docx,1
6780c6cdc5f1003355c2303829ae46bb685827b29b450aef3037f89c00f78aa9,SMQ BIBLES\NSMQ 2017\Chemistry Questions\Contest 3.docx,.docx,2
53be5c00a459d77b49d986d57e2852714d4e39efb8cfc91db18bfacccfef6012,SMQ BIBLES\NSMQ 2017\Chemistry Questions\Contest 31.docx,.docx,2
299baad94928386ad5fc6aa6fc258446b97470a214ca9146287744783c706372,SMQ BIBLES\NSMQ 2017\Chemistry Questions\Contest 36.docx,.docx,2
6bb514030436da68c89fe96351b35d1396057aca55bad45a86d6396ccb89ce68,SMQ BIBLES\NSMQ 2017\Chemistry Questions\Contest 38.docx,.docx,2
51cce722b23ddb798ec490c446c3e4b8021a95669d688c825732a76b7275fc0d,SMQ BIBLES\NSMQ 2017\Chemistry Questions\Contest 4.docx,.docx,1
8377a792a93a8f9a746dfb5816d8e1d8e6465b977c8eb20c2da0cdf83a8e7cc6,SMQ BIBLES\NSMQ 2017\Physics 2017 prelims\Prelims Round 1 - Physics 2017.docx,.docx,1
4d44aeae82f0fde87f29c372727b72bd7ad24b87fb118dc3214fc2a377584d35,SMQ BIBLES\NSMQ 2017\Physics 2017 prelims\Prelims Round 2 - Physics 2017.docx,.docx,1
05acd7bbaf84ae9784264c99ca0b63eeaa1be0bc738b061f19afabc689ef1165,SMQ BIBLES\NSMQ 2017\Physics 2017 prelims\Prelims Round 4 - Physics 2017.docx,.docx,1
c306a38a0e17d448b39dc74ed5f69901a743755d210a4555cad16e900066e719,SMQ BIBLES\NSMQ 2017\Physics 2017 prelims\Prelims Round 5 - Physics 2017.docx,.docx,1
aa11b80b8998d60bc33eace8149edb367ae7023fc09c055960208e347e6d8dd9,SMQ BIBLES\NSMQ 2017\REGIONAL     EDITEDMSQ\C. 10 SEMI 1.docx,.docx,1
7003efa739be84ffcef66492131fa78dc29423c694d697ba2b2913ffd894fdfd,SMQ BIBLES\NSMQ 2017\REGIONAL     EDITEDMSQ\C.11 SEM 2.docx,.docx,1
68b0ad8176d96d90deebb329dca0b12fd0d18ad984375740efece6a742a9777c,SMQ BIBLES\NSMQ 2017\REGIONAL     EDITEDMSQ\C.12 SEMI 3.docx,.docx,1
38369fa207e60772c64be93a05c1d0949bbdb5128d8eb44fb45cf10e961c32c2,SMQ BIBLES\NSMQ 2017\REGIONAL     EDITEDMSQ\CONTEST EIGHT.docx,.docx,1
4148efacb4cb89175d87e45e1a6370268ee3fee2d6e224ff358c0ddaec93b86c,SMQ BIBLES\NSMQ 2017\REGIONAL     EDITEDMSQ\CONTEST FIVE.docx,.docx,1
99b9b75b3732a35c249195588597d3d1131554d670cfe9035da0c65ee98c8760,SMQ BIBLES\NSMQ 2017\REGIONAL     EDITEDMSQ\CONTEST FOUR.docx,.docx,1
16563dc2bfbd015fca8084b5573e7affda1669e1700b1ab5558a64e33a04bee0,SMQ BIBLES\NSMQ 2017\REGIONAL     EDITEDMSQ\CONTEST NINE.docx,.docx,1
cd1ddf91618510ee32d18ff05dee4241ab0855d9d58dc63f71a1d1cf01e26ba8,SMQ BIBLES\NSMQ 2017\REGIONAL     EDITEDMSQ\CONTEST ONE.docx,.docx,1
42693c7acdade090579a07bcbed4da726e8b1768cb04afa42000a22a42f2f1b4,SMQ BIBLES\NSMQ 2017\REGIONAL     EDITEDMSQ\CONTEST SEVEN.docx,.docx,1
2375675220d9534f6e3473fc4949c53e7084ff6b673e145b6daea8481870c06b,SMQ BIBLES\NSMQ 2017\REGIONAL     EDITEDMSQ\CONTEST THREE.docx,.docx,1
a5e33ecf28995137c0d0cd77274a194664469784fb4fabce1ba2b66ebe6f50a4,SMQ BIBLES\NSMQ 2017\NSMQ  Questions\Biology Questions\NSMQ 2017 Biology Questions - Speed race (1).docx,.docx,1
452eb58096e3dc5da26244be7f146bdce7df7cee64a6a4da09a5528b724e0521,SMQ BIBLES\NSMQ 2017\NSMQ  Questions\Chemistry Questions\Contest 16.docx,.docx,1
28819f0a5fb5cf27019b175d8a9266b82e2e9d72878b1becb949e2ff6993c7ba,SMQ BIBLES\NSMQ 2017\NSMQ  Questions\Maths Questions\2017 National Finals - Maths Questions.docx,.docx,1
c4c42d262d17cfd32d5067d09d70eb8e5e79bb5b6e0e18b9c3a98bf9b2b58cec,SMQ BIBLES\NSMQ 2017\NSMQ  Questions\Physics Questions\Round 1 - Physics 2017.docx,.docx,1
ac7c54f450092442c12868bfead233f30efbd73acfca959e4162c1e8eb297f33,SMQ BIBLES\NSMQ 2017\NSMQ  Questions\Physics Questions\Round 4 - Physics 2017.docx,.docx,1
bd588c09460dc968f7ce2fce6a2226293d8fa665f730541689842e61cdb6c960,SMQ BIBLES\NSMQ 2016 Questions\BIOLOGY\PROBLEM OF THE DAY new.docx,.docx,1
ee978b3c861838d9ee17791a45934d91f397eff0f8f92d7fabcdf9cd4413cb57,SMQ BIBLES\NSMQ 2016 Questions\BIOLOGY\Riddles.doc,.doc,1
c5ef217e32140d54da5ef2fce93c6f5fc3cffdd4eb0561f83fcd6a3e28ed2013,SMQ BIBLES\NSMQ 2016 Questions\BIOLOGY\Rounds 1 and 2.doc,.doc,1
0c4343f285c4102eb1f53af0fd6529401dc3bcc73c82c75e9ca12d5f12f067af,SMQ BIBLES\NSMQ 2016 Questions\BIOLOGY\True or False.doc,.doc,1
da792a3e04da724f9e0803758ff89aa70ce073458b56f3686dbf7f2c4bf53943,SMQ BIBLES\NSMQ 2016 Questions\COMPILED QUESTIONS\CONTEST 01.doc,.doc,1
987bde98d5ed1d866da20aeac9c842c93079b4a05efbdb46299806b908e15f1f,SMQ BIBLES\NSMQ 2016 Questions\COMPILED QUESTIONS\CONTEST 02.doc,.doc,1
8b1573668a199c517c308a0b9869debbb0040dcbdeff6f20984d30edee94541a,SMQ BIBLES\NSMQ 2016 Questions\COMPILED QUESTIONS\CONTEST 03.doc,.doc,1
b58a60d5ca78d5d3dff566b29edd21666ff29164b8da9ef54acb30f9b4d737db,SMQ BIBLES\NSMQ 2016 Questions\COMPILED QUESTIONS\CONTEST 04.doc,.doc,1
41193e81a7f624ef6734e8495cd032f8e16b159b5d595a1d9b66f653c6fce8cb,SMQ BIBLES\NSMQ 2016 Questions\COMPILED QUESTIONS\CONTEST 05.doc,.doc,1
29d670a878e51d7a79bdc5381ede1eb11935993897f0c6b59ce9c16e290eeef1,SMQ BIBLES\NSMQ 2016 Questions\COMPILED QUESTIONS\CONTEST 06.doc,.doc,1
2619b1bb517ebd56f9e88597c3be2cc58102f695a826b5dafb0549fa1a667cae,SMQ BIBLES\NSMQ 2016 Questions\COMPILED QUESTIONS\CONTEST 07.doc,.doc,1
8e10e270dd9a14e190359571f7ea97bb05aa13d76f86359b3907e9f9205a788d,SMQ BIBLES\NSMQ 2016 Questions\COMPILED QUESTIONS\CONTEST 09.doc,.doc,1
49d55da7dcb237a96d48e89ba4077a802bd53586e586957ec69f079891ace8c8,SMQ BIBLES\NSMQ 2016 Questions\COMPILED QUESTIONS\CONTEST 10.doc,.doc,1
1492c972a6dcf7376c4f0c373980cd03b674f561d72f2577448a41368a4a3f67,SMQ BIBLES\NSMQ 2016 Questions\COMPILED QUESTIONS\CONTEST 11.doc,.doc,1
5052e3ade4aef149d02489801cca7e0a4580f4ced6a16ac8647e9c8b46a856e5,SMQ BIBLES\NSMQ 2016 Questions\COMPILED QUESTIONS\CONTEST 13.doc,.doc,1
9a9ddbcdbe33338198b3b7f594d3e8f9ca6fee224dac4ed5e519c3bebfae4650,SMQ BIBLES\NSMQ 2016 Questions\COMPILED QUESTIONS\CONTEST 14.doc,.doc,1
cf32ae447d3f0165559b500a302c6aebd20aa007ae8cc1c02f7512dd4f12cba3,SMQ BIBLES\NSMQ 2016 Questions\COMPILED QUESTIONS\CONTEST 15.doc,.doc,1
ae4a04030f6b2146088fd43a4636296817ba4a5c3059472ee66ebd523bd7e32c,SMQ BIBLES\NSMQ 2016 Questions\COMPILED QUESTIONS\CONTEST 16.doc,.doc,1
8a7f892efb11a6525614016ed6007f847e733de924028485bc99569d6f04ee94,SMQ BIBLES\NSMQ 2016 Questions\COMPILED QUESTIONS\CONTEST 17.doc,.doc,1
f9ad826cf68e2a1680f6ffcae83be105ff4f232e6cb8da347eaa48ace0b9ec3b,SMQ BIBLES\NSMQ 2016 Questions\COMPILED QUESTIONS\CONTEST 18.doc,.doc,1
4f175206b27014c76a1d16ff563a41463a8a6ebbce3d03828cfb8c18f99e3e4b,SMQ BIBLES\NSMQ 2016 Questions\COMPILED QUESTIONS\CONTEST 19.doc,.doc,1
fdb53d73cc06dae6ddeded55a47f95aa1b659f83c3405afd915894002e235bc8,SMQ BIBLES\NSMQ 2016 Questions\COMPILED QUESTIONS\CONTEST 21.doc,.doc,1
3baaaddf4519bbcc00ab1c1d242c3422bec0b26efb642bab03c74a56bf2fa42e,SMQ BIBLES\NSMQ 2016 Questions\COMPILED QUESTIONS\CONTEST 25.doc,.doc,1
74dd08449b255b76d84faf3b2ecb432b5c983a93d18c9eb0c05bee48382b10c8,SMQ BIBLES\NSMQ 2016 Questions\COMPILED QUESTIONS\CONTEST 27.doc,.doc,1
79c0b7133eacf4b0a7da860b886c7c249e600852c9a13825e110208650d29982,SMQ BIBLES\NSMQ 2016 Questions\MATHS\PRELIMINARY FIRST 36 CONTESTS FOR UNSEEDED SCHOOLS.docx,.docx,1
05111b877b176f02b4473821f6457288a516e145d4a669004458963995f8d30f,SMQ BIBLES\NSMQ 2016 Questions\MATHS\PROBLEM OF THE DAY 2016.docx,.docx,1
f64ad79dea90012e29d04d4fda472daf1e8ea83e7214d7c902cac88df3ac08b5,SMQ BIBLES\NSMQ 2016 Questions\MATHS\SMQ2016 (40 NATIONAL CONTESTS).docx,.docx,1
970986cdab364597bd1b35431c26775cabbb6561563802bd331e42ea804a17f0,SMQ BIBLES\NSMQ 2016 Questions\NSMQ 2012 Questions\Contest 1.doc,.doc,1
86fab6f2b977bea2e9683da27630f0c153dae098b59adae81c52adee926c09bc,SMQ BIBLES\NSMQ 2016 Questions\NSMQ 2012 Questions\Contest 10.doc,.doc,1
2df454bbca50f9bc95d5f8cd254573f152a1d3c3ba243742bcc38e498fc1ee0a,SMQ BIBLES\NSMQ 2016 Questions\NSMQ 2012 Questions\Contest 13.doc,.doc,1
39611dad4ec8f0c8418224eb23976129238c789e5df4894b288de14202eb11f5,SMQ BIBLES\NSMQ 2016 Questions\NSMQ 2012 Questions\Contest 2.doc,.doc,1
0f0a997502f25fb4f34a7c79838ffe2217772c3a96c6c74ba987f6bf3f3e7c3a,SMQ BIBLES\NSMQ 2016 Questions\NSMQ 2012 Questions\Contest 25.doc,.doc,1
3139a4e6a067bfd01adcf5b363a2ca33d7cc2183a1f781fcfdfbecd9e25e2d5f,SMQ BIBLES\NSMQ 2016 Questions\NSMQ 2012 Questions\Contest 29.doc,.doc,1
5691cef75f9a74b70d07ef19d3ddbca8ceef6cfd0700d3b7499cb067e85e224a,SMQ BIBLES\NSMQ 2016 Questions\NSMQ 2012 Questions\Contest 36.doc,.doc,1
1f230017ac872a82c9150e0ff9b0ad08defeaab02e4d8193a072b531a534d6e1,SMQ BIBLES\NSMQ 2016 Questions\NSMQ 2012 Questions\Contest 5.doc,.doc,1
badc19669d4726fa99204c199773babc878511509e0acd7993e2fbb8e278f48e,SMQ BIBLES\NSMQ 2016 Questions\PHYSICS\Prelims Round 1 - Physics 2016.docx,.docx,1
af45a559b2dd9be761412db8059a0a4987d17e89f2d38aa5c7e2d00244f6501b,SMQ BIBLES\NSMQ 2016 Questions\PHYSICS\Prelims Round 2 - Physics 2016.docx,.docx,1
e2f7cabce2c41c85c1888c421bea783d38122366259160b25759e9451e122619,SMQ BIBLES\NSMQ 2016 Questions\PHYSICS\Prelims Round 4 - Physics 2016.docx,.docx,1
36e20aa5a1468ac1ea40c1242abfefcc9f7f9d5c4456cf3965652c6b87ad34f4,SMQ BIBLES\NSMQ 2016 Questions\PHYSICS\Prelims Round 5 - Physics 2016.docx,.docx,1
d6dd365a346fa18cb8731d3d32368e4aaf6d55f47d7a87523a76d22cafc17558,SMQ BIBLES\NSMQ 2016 Questions\PHYSICS\Round 1 - Physics 2016.docx,.docx,1
fae82e3390c90b73b0e761867e2736e29092f11e9aad4f19dcd816bfee98cd07,SMQ BIBLES\NSMQ 2016 Questions\PHYSICS\Round 2 - Physics 2016.docx,.docx,1
0e89f3abd64f84e6d4b2ce05f9a7836bb3c14d640d37581184a9519c9ad2a792,SMQ BIBLES\NSMQ 2016 Questions\PHYSICS\Round 3 - Physics 2016.docx,.docx,1
1f7415c9a2d4f2b1c7397c6cb7eb4d3eede06d2467e84b4c83ea72d03b3b0b51,SMQ BIBLES\NSMQ 2016 Questions\PHYSICS\Round 4 - Physics 2016.docx,.docx,1
dea24b20673902707aff3dd4859e891c858e31d40d24987136ebf083355a147c,SMQ BIBLES\NSMQ 2016 Questions\PHYSICS\Round 5 - Physics 2016.docx,.docx,1
9fa19724752dbbaea5769c9a6d592733454e3110ff8ef519930745affe1c5581,SMQ BIBLES\NSMQ 2016 Questions\CHEMISTRY\Quiz 2016 National - Copy\CONTEST 1.docx,.docx,1
d5b04ce64fb0161b57270ef0962a1cde0c4068b0e2ec33d944315f2fab616f1e,SMQ BIBLES\NSMQ 2016 Questions\CHEMISTRY\Quiz 2016 National - Copy\CONTEST 10.docx,.docx,1
6d5e6132dde8c012ad883e32812084febf3c624a5c38c407cf9e5e9aecc502d0,SMQ BIBLES\NSMQ 2016 Questions\CHEMISTRY\Quiz 2016 National - Copy\CONTEST 11.docx,.docx,1
615273c613286704a7c2aa4ccd219a6b921c3365d4208db25759f41a6e8b7f48,SMQ BIBLES\NSMQ 2016 Questions\CHEMISTRY\Quiz 2016 National - Copy\CONTEST 12.docx,.docx,1
1b5c7bb5669ebc65cab02c11e5353b633202e1e905f23307792c42e76de67276,SMQ BIBLES\NSMQ 2016 Questions\CHEMISTRY\Quiz 2016 National - Copy\CONTEST 13.docx,.docx,1
eb90e96a36992fbda96870dc687db0414e8bc9a65710aba3102832657a66095d,SMQ BIBLES\NSMQ 2016 Questions\CHEMISTRY\Quiz 2016 National - Copy\CONTEST 14.docx,.docx,1
5fcc303f1ac1aa9a5afe7c0fc52905d3cba2b714df5ac1c44a518f3b6b450ea6,SMQ BIBLES\NSMQ 2016 Questions\CHEMISTRY\Quiz 2016 National - Copy\CONTEST 15.docx,.docx,1
7102aa67dadf45f473f42bec0a0dd8903ed9238964f490e0b9e4a1ebc56bd486,SMQ BIBLES\NSMQ 2016 Questions\CHEMISTRY\Quiz 2016 National - Copy\CONTEST 16.docx,.docx,1
a3bc68c686934a8a690930178481b6b445f9123c668d3ee1959bd226f9da76d1,SMQ BIBLES\NSMQ 2016 Questions\CHEMISTRY\Quiz 2016 National - Copy\CONTEST 17.docx,.docx,1
4b26c06fb9bf6d211d9717dc76ddf4483a0b13aefc24850df7b960c5c495ea18,SMQ BIBLES\NSMQ 2016 Questions\CHEMISTRY\Quiz 2016 National - Copy\CONTEST 18.docx,.docx,1
6b995878cd85bbf42a5c7063aaf245836d7d8d75e54572e24680f0c85ac686b7,SMQ BIBLES\NSMQ 2016 Questions\CHEMISTRY\Quiz 2016 National - Copy\CONTEST 19.docx,.docx,1
da8c23c61cd06549113292109373977d51717b5a12d9becb178e53810a9fb6ac,SMQ BIBLES\NSMQ 2016 Questions\CHEMISTRY\Quiz 2016 National - Copy\CONTEST 2.docx,.docx,1
ed42a90cfd15931c558d6a0667813239f62c903cdcb93e4abaa3ea8b0623cda4,SMQ BIBLES\NSMQ 2016 Questions\CHEMISTRY\Quiz 2016 National - Copy\CONTEST 20.docx,.docx,1
59bdc0719e35c751d8c6125c029ed67bbc14b474615da4cca6534c47eef32d3a,SMQ BIBLES\NSMQ 2016 Questions\CHEMISTRY\Quiz 2016 National - Copy\CONTEST 21.docx,.docx,1
814e38c10b087b8d15cca9778fdb7ff41810f24f5d420bea2d4d71d6b11c5ad2,SMQ BIBLES\NSMQ 2016 Questions\CHEMISTRY\Quiz 2016 National - Copy\CONTEST 22.docx,.docx,1
bd69f6bd2e7ccac51f9b762cb0f631c0d60d0e60e32950adb2e2b54d20044a33,SMQ BIBLES\NSMQ 2016 Questions\CHEMISTRY\Quiz 2016 National - Copy\CONTEST 23.docx,.docx,1
0662433814b4827cbfe1e9ecc94e6594d80bbdb39155133520fca036a3e03f33,SMQ BIBLES\NSMQ 2016 Questions\CHEMISTRY\Quiz 2016 National - Copy\CONTEST 24.docx,.docx,1
ab8cd5c99a64a79c0e879fdcd598d05bb6a69479579962d3b7fb99b74b347bec,SMQ BIBLES\NSMQ 2016 Questions\CHEMISTRY\Quiz 2016 National - Copy\CONTEST 25.docx,.docx,1
65e153b588ef518bff100f6a1914b8b3694ab68fe4719444066965a2466a61c8,SMQ BIBLES\NSMQ 2016 Questions\CHEMISTRY\Quiz 2016 National - Copy\CONTEST 26.docx,.docx,1
b7ba9471c22ed53c2804e1694afd27ca32381334da36bd595fe1d17ab9b71168,SMQ BIBLES\NSMQ 2016 Questions\CHEMISTRY\Quiz 2016 National - Copy\CONTEST 27.docx,.docx,1
17546df45af69bf77744c5140a2c8e8f6829eb78ffa07743281666c443562029,SMQ BIBLES\NSMQ 2016 Questions\CHEMISTRY\Quiz 2016 National - Copy\CONTEST 28.docx,.docx,1
e705156938cba9376cfad42947c5da0d2869193650c4e0a7c8772b19ca3a05ee,SMQ BIBLES\NSMQ 2016 Questions\CHEMISTRY\Quiz 2016 National - Copy\CONTEST 29.docx,.docx,1
eaad1c5a6d247ae255fe0794f6159a2996a5a331c24e676e9887513c92ff7ee7,SMQ BIBLES\NSMQ 2016 Questions\CHEMISTRY\Quiz 2016 National - Copy\CONTEST 3.docx,.docx,1
b3a3f57d4a76a7a061daa54fcb7a33fc953d2f13fda8e50ddc1c20af53c07bd1,SMQ BIBLES\NSMQ 2016 Questions\CHEMISTRY\Quiz 2016 National - Copy\CONTEST 30.docx,.docx,1
a0c1324641b055f0c997f0c1f6c3b7d42e8a0d5c916b3fa9e55a386489f8ec09,SMQ BIBLES\NSMQ 2016 Questions\CHEMISTRY\Quiz 2016 National - Copy\CONTEST 31.docx,.docx,1
00c75f518c5ce41eac87227f6b5006e1332eef32ef969b844f75588dbc29d120,SMQ BIBLES\NSMQ 2016 Questions\CHEMISTRY\Quiz 2016 National - Copy\CONTEST 32.docx,.docx,1
2658ee6ea1b40ed46fd0b2f1b1fc582c360293b6ca21c1a7f03503fd78c8a121,SMQ BIBLES\NSMQ 2016 Questions\CHEMISTRY\Quiz 2016 National - Copy\CONTEST 33.docx,.docx,1
52286de470fc8a5ba35c6bd4be5b500c71fa0f6edb1fbb9e8ef905b4b65fd902,SMQ BIBLES\NSMQ 2016 Questions\CHEMISTRY\Quiz 2016 National - Copy\CONTEST 34.docx,.docx,1
fa8f48b11e37230fa0e0fbcda0ba11bb7ed6ec3d08770f700ea3ab99f2ece755,SMQ BIBLES\NSMQ 2016 Questions\CHEMISTRY\Quiz 2016 National - Copy\CONTEST 35.docx,.docx,1
382198c8af775c9dd4ca4c650afacdf5af144a70b97c983ec8144c1afef723b2,SMQ BIBLES\NSMQ 2016 Questions\CHEMISTRY\Quiz 2016 National - Copy\CONTEST 36.docx,.docx,1
4240a3dbaea93d9db50ec1a7364bc33f4e984a2110ff041429f9ded63427a40f,SMQ BIBLES\NSMQ 2016 Questions\CHEMISTRY\Quiz 2016 National - Copy\CONTEST 37.docx,.docx,1
916b77596488362bb202f8732e901f1f5a519c005c0bf7df8dce246f4d58e701,SMQ BIBLES\NSMQ 2016 Questions\CHEMISTRY\Quiz 2016 National - Copy\CONTEST 38.docx,.docx,1
906d31f8ea96f7d0fad96557e92b61f39315dc59eed081201eb77d5431ea4548,SMQ BIBLES\NSMQ 2016 Questions\CHEMISTRY\Quiz 2016 National - Copy\CONTEST 39.docx,.docx,1
ec3ccb4b1115ce845d1a252220ed50151efb46a1e9bf3aab39985d9d83925a13,SMQ BIBLES\NSMQ 2016 Questions\CHEMISTRY\Quiz 2016 National - Copy\CONTEST 4.docx,.docx,1
cb9653792ff2eaa1936ffbaac07eaa6f7b45e3e2ee2bb423bd95010b127a5eba,SMQ BIBLES\NSMQ 2016 Questions\CHEMISTRY\Quiz 2016 National - Copy\CONTEST 40.docx,.docx,1
1c072604219186604c2f8a76e1988f8b9a726e3b01a14af51897751648f03ffb,SMQ BIBLES\NSMQ 2016 Questions\CHEMISTRY\Quiz 2016 National - Copy\CONTEST 5.docx,.docx,1
ec3c263e3d2599dc19f18140fa0ea72ae3692763681e27d075587fe9887ee4fb,SMQ BIBLES\NSMQ 2016 Questions\CHEMISTRY\Quiz 2016 National - Copy\CONTEST 6.docx,.docx,1
70319b290cfd081292e02ddb7f1a898d1d9db3ff4e252766ee8f87b0b50556c1,SMQ BIBLES\NSMQ 2016 Questions\CHEMISTRY\Quiz 2016 National - Copy\CONTEST 7.docx,.docx,1
2150c1e28431ea37a80a50db2897e7366ebcea24feb0210d21a93120bd77d87b,SMQ BIBLES\NSMQ 2016 Questions\CHEMISTRY\Quiz 2016 National - Copy\CONTEST 8.docx,.docx,1
a7b61bda4eeac43d6db4aa17c798e09af0328ca8caf6a2f7e5d52dda6a0bc947,SMQ BIBLES\NSMQ 2016 Questions\CHEMISTRY\Quiz 2016 National - Copy\CONTEST 9.docx,.docx,1
2fef4637826cf8b237d4e0b6c3dc94f1bf03ea0355f38bea1dd861a045cb981f,SMQ BIBLES\NSMQ 2016 Questions\CHEMISTRY\Quiz 2016 National - Copy\Problems of the day.docx,.docx,1
6655b30064026fdc4ed3ede762f8232eb7fbf3b10539695200e79f8e4f00ff8c,SMQ BIBLES\NSMQ 2014\BIOLOGY\Graph for problem of the day Contest 12.pdf,.pdf,1
191e50f4fd6e7a449cc32074527a62488792e3f11015bab41efa11e860139809,SMQ BIBLES\NSMQ 2014\BIOLOGY\Riddle - Contest 1 to 67(1).doc,.doc,2
ad4a300338226b469298d9886314782d77539c2af23b2dd997670811cc2f832a,SMQ BIBLES\NSMQ 2014\CHEMISTRY\BPOC.pdf,.pdf,1
539229428ec9677e3b0ae5d8fa0c218b8c3bbb93e2abcce1e747c533e0510968,SMQ BIBLES\NSMQ 2014\CHEMISTRY\Cambridge International AS and A Level Chemistry Coursebook 2nd Edition.pdf,.pdf,1
2ba04ba02eff2f145eaf5ca6e3499f3a23da4ea7eb4fb23c7475459ab15fe066,SMQ BIBLES\NSMQ 2014\CHEMISTRY\CONTESTS 1 - 10.docx,.docx,3
c1b97e56fd7a377b95170d31502e5550222646249bfcd8ab76262da8fe5df7ae,SMQ BIBLES\NSMQ 2014\CHEMISTRY\CONTESTS 11-20.docx,.docx,1
1261ffa0219a3996d11e0dacaee8c2507bb74de22fbe85a114c71db98b3219d6,SMQ BIBLES\NSMQ 2014\CHEMISTRY\CONTESTS 21 - 27.docx,.docx,2
13dccc58d43a17b6884ab5e135bdaa2783b3c710c040d01943f13aab9d067bd1,SMQ BIBLES\NSMQ 2014\CHEMISTRY\CONTESTS 28 -37.docx,.docx,1
0a4328c620df7bc21f2c051a05eafef33d21e044d9d43cefe2d9e009da58e467,SMQ BIBLES\NSMQ 2014\CHEMISTRY\CONTESTS 38-47.docx,.docx,3
42358b41736d8c6d090c7873f46e51690c291959f44546bb847c6dce1997fea6,SMQ BIBLES\NSMQ 2014\CHEMISTRY\CONTESTS 48-57.docx,.docx,3
322905a772967b51709e53df942733049dc018ff998a1338b70c2bc599f064dc,SMQ BIBLES\NSMQ 2014\CHEMISTRY\CONTESTS 58-67.docx,.docx,1
e8c181178d6781e5118aa59179a664c4a1c5b12b2d06fd7608b7c71cd43a4c47,SMQ BIBLES\NSMQ 2014\CHEMISTRY\Naming Coordination Compounds.docx,.docx,1
89a45a4358be2b94570fbe560cd21d70ae68143505fead5a8b529afc6db9330d,SMQ BIBLES\NSMQ 2014\MATHEMATICS\CONTESTS 11-20.docx,.docx,1
90a92d5051ae55f9ab18eab2b5267b563005943422d6656721bba1e5ae799f24,SMQ BIBLES\NSMQ 2014\MATHEMATICS\CONTESTS 21 - 27.docx,.docx,1
3e53b7b171a740acb7092ff307a24f1613a61a2f806434dd1be8126143980b34,SMQ BIBLES\NSMQ 2014\MATHEMATICS\CONTESTS 28 -37.docx,.docx,2
51c3cf04cef31d298ee6d1317f069dc0d43f0238ceee5f008d515de7149e28c1,SMQ BIBLES\NSMQ 2014\MATHEMATICS\CONTESTS 58-67.docx,.docx,2
11d7e324cadccd1de80c27de339626ac4f223fdadf2498df2b1813e20e1c8f14,SMQ BIBLES\NSMQ 2014\MATHEMATICS\RIDDLES FOR CONTEST 1 - 27.docx,.docx,2
5065bc5a1313fcce9bc19e0395e24b45d82a11f92f11c499bd8a07fd6b603049,SMQ BIBLES\NSMQ 2014\PHYSICS\Round 1 - Physics 2014(1).docx,.docx,2
3060fd9dc3f460e81cb47352eb61186c9acfd054f14630983589cddd7579d881,SMQ BIBLES\NSMQ 2014\PHYSICS\Round 2 - Physics 2014(1).docx,.docx,1
0a5e8d0053980d38ec28c0571072e6adff208f0ac1aba1714310452d9aab2a80,SMQ BIBLES\NSMQ 2014\PHYSICS\Round 2 - Physics 2014.docx,.docx,1
0068bcb447356a176a295cdea8fc761f2ac66e95ebd6adec1704577e05729e95,SMQ BIBLES\NSMQ 2014\PHYSICS\Round 3 - Physics 2014(1).docx,.docx,2
29f0a21b430de23e2620fa676b0b830b9269a1b46b05d7ee6cdeae3921c997bf,SMQ BIBLES\NSMQ 2014\PHYSICS\Round 4 - Physics 2014(1).docx,.docx,2
3d39884015b2ca6fa582999ee17939023eb3eb60338255b556c86c050599e8d9,SMQ BIBLES\NSMQ 2014\Maths\Main Questions\CONTESTS 11-20.docx,.docx,1
1e24ea2f8d95e8283dff18c9a11641b0f84f4b5b075833b04aeab540f586796a,SMQ BIBLES\NSMQ 2014\CHEMISTRY\Chemistry Questions\Quiz 2014 Nat Prelim\CONTEST 19.docx,.docx,1
723b8bac91cbbd003f7a16fb4170e362ba7ef7d41410b523a7c3a36935a90f57,SMQ BIBLES\NSMQ 2009\CONTEST1\PROBLEM OF THE DAY.doc,.doc,2
d480e85eb8b0996edb17ee0729c527dff232c298d2717e2a4420cf3ca718e8d1,SMQ BIBLES\NSMQ 2009\CONTEST1\ROUND1.doc,.doc,4
e72300036879bb1656af10f776da1d180fe19f414c876f8b66239cbebbbfa432,SMQ BIBLES\NSMQ 2009\CONTEST1\ROUND2.doc,.doc,4
1f524e7664e46aa1e74f347e1822ddb4c096add1671122f14b6bae8ccaa4812f,SMQ BIBLES\NSMQ 2009\CONTEST1 GA\PROBLEM OF THE DAY.doc,.doc,2
939a986906aa6111cbdaf350086f9c45e053a5e682f8c196b775484a4a469272,SMQ BIBLES\NSMQ 2009\CONTEST10\PROBLEM OF THE DAY.docx,.docx,2
d5c96f1305c42edbe3aa2381c5aec6de8d13575d145aa53513a4a71baaa2d702,SMQ BIBLES\NSMQ 2009\CONTEST10\ROUND 1.docx,.docx,2
4d4f3371bd4f98e96d01c697bf70f758e2a91eae2cb5f5fd8d810577ada9cd67,SMQ BIBLES\NSMQ 2009\CONTEST10\Round 2.docx,.docx,2
57e56eb198eb56fe1e288fdb118af5089a87741234909d6b7007e62860f24ea8,SMQ BIBLES\NSMQ 2009\CONTEST10 FF\PROBLEM OF THE DAY.docx,.docx,1
186f96e2f035ec919b65901f1d6a9f9c7235fdc52b942f7d41c4ac78448e627f,SMQ BIBLES\NSMQ 2009\CONTEST10 FF\ROUND 1.docx,.docx,1
d119720f8d060429678902b2cba5b77ba4bdeaa1dd200b8debcfaae5cbc5d815,SMQ BIBLES\NSMQ 2009\CONTEST10 FF\Round 2.docx,.docx,1
15e8fc5d1d98e500f9acacc362088872ce085cbacda7741e98373c714be76073,SMQ BIBLES\NSMQ 2009\CONTEST10 FF\Round 4.docx,.docx,1
a06204b309e2b8cf37c7d34a6c22927099274a110b114e812d9cdac7b2d3918e,SMQ BIBLES\NSMQ 2009\CONTEST11\PROBLEM OF THE DAY.doc,.doc,3
990caa7bb0c3b9da232441d0563add73811485bddfa9b3cc3864189cb8c08b55,SMQ BIBLES\NSMQ 2009\CONTEST11\ROUND1.doc,.doc,3
263276522949e26330e9e96088e8396cac58a92033fd8ff3aa880844c1af28af,SMQ BIBLES\NSMQ 2009\CONTEST11\ROUND2.doc,.doc,3
5be6daf211489d9ad673baf16db970c4904f8bd9f0e95d832b3a9177cc6306c8,SMQ BIBLES\NSMQ 2009\CONTEST11 SAF\ROUND5.doc,.doc,1
1c752737edad3e24e5b891ae4221d163666f949c4b3db6ffd111295b7f188c43,SMQ BIBLES\NSMQ 2009\CONTEST12\PROBLEM OF THE DAY.doc,.doc,3
6b6212dd2510dbe342f308153d8898793ae2c721b191aeeaa02858fb93a0c67f,SMQ BIBLES\NSMQ 2009\CONTEST12\ROUND 2.doc,.doc,2
1204ea64e560f48cea15c18fc7694f48730d4b7c2076508a187e945057620d36,SMQ BIBLES\NSMQ 2009\CONTEST12\ROUND1.doc,.doc,3
aba14dee0aa1d80e385e4627579675d16250060e1b7520664ce14a413eeed310,SMQ BIBLES\NSMQ 2009\CONTEST12 SAF\ROUND 2.doc,.doc,1
3379537c1501276a122f77d9ea91a477d71c64de8db87e7e62f81d761d61718f,SMQ BIBLES\NSMQ 2009\CONTEST13\PROBLEM OF THE DAY.doc,.doc,3
0180ff90161c68d45b1e634034e45fb006a1c84384a44d161a8db9dea92a49d9,SMQ BIBLES\NSMQ 2009\CONTEST13\ROUND1.doc,.doc,3
255f9738e18ae5a07631ecca810d8f2bf308d11b26407fd0f5e2d5c994db8b34,SMQ BIBLES\NSMQ 2009\CONTEST13\ROUND2.doc,.doc,3
0fd74e015a10d119392ac4abdce7a40d182520b87f78778316f3ff8638f97161,SMQ BIBLES\NSMQ 2009\CONTEST13 SAF\ROUND5.doc,.doc,1
bdc2021349ddcaed66c4084824bdf2d4e07ebb80429ae2cc20c7a276aeb8020d,SMQ BIBLES\NSMQ 2009\CONTEST14\PROBLEM OF THE DAY.doc,.doc,3
73350de0fdf633dbcd84d0a0b3d05c43e85c06a93209f639754c373d875789a2,SMQ BIBLES\NSMQ 2009\CONTEST14\ROUND1.doc,.doc,3
4096b58b08faba4bca4d0eb851689178cb8f8e05ff98ca2b34bced15d2ee3190,SMQ BIBLES\NSMQ 2009\CONTEST14\ROUND2.doc,.doc,3
a1e5a248948f94986abcc9639f8132ed7d7cc73e24573c6a22edb73b284197dd,SMQ BIBLES\NSMQ 2009\CONTEST14 FA\contest 14.docx,.docx,1
de53566cc70961b76981c8e4bc9dfbd52350b49c97c323d93e6fa42351dc1f38,SMQ BIBLES\NSMQ 2009\CONTEST14 FA\ROUND4.doc,.doc,1
f5d0f58fc9a5887fe0479dde405314cffe8f0a94ccd6e4c007af937af6046479,SMQ BIBLES\NSMQ 2009\CONTEST15\problem of the day.doc,.doc,3
9fccc42b22c2036c3f10c6a31d2789e4bff64101d7e56e37a5f5c70d1ed0dfff,SMQ BIBLES\NSMQ 2009\CONTEST15\ROUND 1.doc,.doc,3
db7704bb3e3ef464e3fe2d078ab75fe9dd5aae288225a21de9072fac8a7db200,SMQ BIBLES\NSMQ 2009\CONTEST15\ROUND 2.doc,.doc,3
d82bab4bbe2fc12f0426191ff146235ad9c63e29315e95463482f703bbc628fd,SMQ BIBLES\NSMQ 2009\CONTEST16\PROBLEM OF THE DAY.doc,.doc,3
bf097da2622f58b46ec0eb4c86ade33dc208321af26d54d0f4d8f4943ea54116,SMQ BIBLES\NSMQ 2009\CONTEST16\ROUND 1.doc,.doc,3
220560ff108e222ff52f83e0897b0c4d572d6a2d43b3d239b52972f1df7f2744,SMQ BIBLES\NSMQ 2009\CONTEST16\ROUND 2.doc,.doc,3
c19a1389a41f25765cc3e022d140a6e78376e6824aeaae10450b43e180e36630,SMQ BIBLES\NSMQ 2009\CONTEST17\PROBLEM OF THE DAY.doc,.doc,2
71f9b35eb4cb65b8796ec2443de26a861dbdb2ef5b24472296079b1673d0df06,SMQ BIBLES\NSMQ 2009\CONTEST17\ROUND 1.doc,.doc,2
e0474e3ada7b577aec0bd47ea10f4b9958ee21cc12825ecee0b5be62dd9c7692,SMQ BIBLES\NSMQ 2009\CONTEST17\ROUND 2.doc,.doc,2
fd689c719543bac9abc134bb245c7a0762500cd6cd8f2ec6f2a8dc78083aedbf,SMQ BIBLES\NSMQ 2009\CONTEST18\PROBLEM OF THE DAY.doc,.doc,3
9cff1bb4fb00a07d75b6bdd6005dd9456935fa7f1ae3498161d5b13d6cf53a37,SMQ BIBLES\NSMQ 2009\CONTEST18\ROUND 1.doc,.doc,3
818f26ec3d29620b80d158d54b6f3f416959c778adf5b63564df54355ec27ee8,SMQ BIBLES\NSMQ 2009\CONTEST18\ROUND 2.doc,.doc,3
02846168404d1af86b11d389574ee68528c35d0f11d2ab7ec5e1f7d21f8404ab,SMQ BIBLES\NSMQ 2009\CONTEST19\PROBLEM OF THE DAY.doc,.doc,3
02df3d00c1cb56158a9ba0380cfd3bda4a637044a89640a6807aa4a5418bca65,SMQ BIBLES\NSMQ 2009\CONTEST19\ROUND 1.doc,.doc,3
ae25fc2b2b2de94946d34a1fb7565c16a51232cc381e55588659b7531e40884c,SMQ BIBLES\NSMQ 2009\CONTEST19\ROUND 2.doc,.doc,3
1d2c7f2e7d8978279510ce44e3c27ee5b8d45b99513f6f87bb1eb5d0c21de8a2,SMQ BIBLES\NSMQ 2009\CONTEST2\Problem Of The Day.doc,.doc,2
01535e373b0b64636501a85b11bca4ad70121338b79a04bc1afae6748cebe14c,SMQ BIBLES\NSMQ 2009\CONTEST2\Round 2.doc,.doc,3
24e96ba06a3aa673d1c77d07a47242826aac08c17894508f880359d74916d388,SMQ BIBLES\NSMQ 2009\CONTEST2\Round1.doc,.doc,1
e64635984431e4f9f70468659edaa401a6de6695c005e2a43058e3e764b9a7eb,SMQ BIBLES\NSMQ 2009\CONTEST2 GA\Problem Of The Day.doc,.doc,1
cfe3f004e0afce6f6907c9568dd959ed5b06bffbbcd118b30dba771fc1cef417,SMQ BIBLES\NSMQ 2009\CONTEST2 GA\Round 5.doc,.doc,1
e097c2dc7835607a5cac621f1d73a23bee81fcd4ff505b538ba21fb66cd3116a,SMQ BIBLES\NSMQ 2009\CONTEST2 GA\Round1.doc,.doc,2
f877f2ca2b6ba75e0f54147d54c90888b7a28e4a8c6406239526d4f9e50e4a4d,SMQ BIBLES\NSMQ 2009\CONTEST20\PROBLEM OF THE DAY.doc,.doc,3
66defc40faa2d29ac70db9ff4106a21f9c8d41c53bfb0cfc6e371f8726e2475c,SMQ BIBLES\NSMQ 2009\CONTEST20\ROUND 1.doc,.doc,3
ec487fbee0209b157ab9c5f414207616e40c8006110fb2312b93394d1e85fa20,SMQ BIBLES\NSMQ 2009\CONTEST20\ROUND 2.doc,.doc,1
2f910858f7ad08985596ca38295fe095a58f4650e679242708fdea21ca88315d,SMQ BIBLES\NSMQ 2009\CONTEST20\ROUND 5.docx,.docx,1
8112d8cd8dd5e8f6170c97b348b7fabc068d760711e1b779f64fc40d52b32ee5,SMQ BIBLES\NSMQ 2009\CONTEST20 GA\ROUND 2.doc,.doc,2
a0b84033d68bec9fe49d12d222e4ec8cec8ed8937b54f7072635dcb188619307,SMQ BIBLES\NSMQ 2009\CONTEST21\contest 21.docx,.docx,2
e5653f840638c7016e5887338826a8b4ce6d24dbd4bfd030034070b8c955b36d,SMQ BIBLES\NSMQ 2009\CONTEST21\PROBLEM OF THE DAY.doc,.doc,3
d25ae55752bb169f940e100c782eb6c65c24e2d4892018ec18cc73ba858e397d,SMQ BIBLES\NSMQ 2009\CONTEST21\ROUND 1.doc,.doc,2
b7497fd281a8dd3b87d03c71c27efb8943352328b98f44fb0e5bcfbe7fa7182e,SMQ BIBLES\NSMQ 2009\CONTEST21\ROUND 2.doc,.doc,3
f852317f08865c91d37f43b07faa55d072c1df2632d512b1aa039547f5012de3,SMQ BIBLES\NSMQ 2009\CONTEST21 FA\contest 21.docx,.docx,1
adc0e72452173993554ee85a3500299849aff9f66c7f36f22212a3f79e2ab092,SMQ BIBLES\NSMQ 2009\CONTEST21 FA\ROUND 1.doc,.doc,1
d649a4a6b2b13887aeb732420a1e9a87904550fc3200d729163cd7d8ac9c1fe5,SMQ BIBLES\NSMQ 2009\CONTEST21 FA\ROUND 4.doc,.doc,1
525db98b39f9ac718aecec22cf8ff0c21c8357a0bdf05f988f52c7394bdf7ed4,SMQ BIBLES\NSMQ 2009\CONTEST21 FA\ROUND 5.doc,.doc,1
999a556c5f0e943dc5555da89b5fcba66a7758b60422d754716182ba2a4d6f94,SMQ BIBLES\NSMQ 2009\CONTEST22\PROBLEM OF THE DAY.docx,.docx,3
336b3e9198a95d5d778c359f563f2c84e4a5457e96523cc721b842becd6411a2,SMQ BIBLES\NSMQ 2009\CONTEST22\ROUND 1.docx,.docx,3
37e5781e058cae642c56b3f4592479608fa00419f41a036f381f75e63c02ab75,SMQ BIBLES\NSMQ 2009\CONTEST22\ROUND 2.docx,.docx,3
7968c84313f770c21bb495f4f39416eb72b893638f4770336ec95753956927f0,SMQ BIBLES\NSMQ 2009\CONTEST3\PROBLEM OF THE DAY.doc,.doc,2
7107a5a674fb1ae8a269edbaf1a6f2ba713b24d5e0786287e225c2f3584421c9,SMQ BIBLES\NSMQ 2009\CONTEST3\ROUND1.doc,.doc,3
dab2bc8ca753271fff20967cd46954c610ae35025e0f4ffd43ee1765979269f3,SMQ BIBLES\NSMQ 2009\CONTEST3\ROUND2.doc,.doc,1
a6c41584aaf80e3ec9a0bcc3a012e5b6516e4ca32b77521ee4b701eb525ca4f1,SMQ BIBLES\NSMQ 2009\CONTEST3 GA\PROBLEM OF THE DAY.doc,.doc,1
8576ca6f80cd6c2cf4ec0d3b45d2dbe17b11f69af3ca1c7894368b620ab8388b,SMQ BIBLES\NSMQ 2009\CONTEST3 GA\ROUND2.doc,.doc,1
ad1c12d1021eedc05617acf36890e40f2717063ac83abea667a5357859aea80a,SMQ BIBLES\NSMQ 2009\CONTEST3 GA\ROUND5.doc,.doc,1
222c4bd759ca529c86b87afbcb032f35a896c47f39256da7af50737583ecc111,SMQ BIBLES\NSMQ 2009\CONTEST4\PROBLEM OF THE DAY.doc,.doc,3
406c547ec2ca42720644c5244e8c3006df9548460436fef07740daa563b506ad,SMQ BIBLES\NSMQ 2009\CONTEST4\ROUND 1.doc,.doc,1
b1be46de7bca85ec924cfffcfbcd76c567d043583dc041f416b4f776c2ddc301,SMQ BIBLES\NSMQ 2009\CONTEST4\ROUND 2.doc,.doc,1
a8d44b13e0b4627cb677f7012452a7a79ff54eac2f9f3c904a3b65516d7931c8,SMQ BIBLES\NSMQ 2009\CONTEST4 GA\ROUND 1.doc,.doc,2
7bf364186e5e634b87060e44a19edaea4b9b90101daa71ba207abfe77f501dc9,SMQ BIBLES\NSMQ 2009\CONTEST4 GA\ROUND 2.doc,.doc,2
fc570eebc84ad03f4c5a9b4245d8e22abd5f4bfc1d9744cb3ad6353266ae252b,SMQ BIBLES\NSMQ 2009\CONTEST5\PROBLEM OF THE DAY.doc,.doc,2
c2213856cf751fcc96e653ba0864cb71e23f280c0b35d6ace7e6e6c451ef9d5d,SMQ BIBLES\NSMQ 2009\CONTEST5\ROUND 1.doc,.doc,3
947b81a76d79f7454251ec732749e5a59a47af00a76da6c5cbfc56c5403e84a3,SMQ BIBLES\NSMQ 2009\CONTEST5\ROUND 2.doc,.doc,3
b1526b52c4959eb0488d7860c1bcda2e97bb6a4a76d9410a8d5f0b34663e56b9,SMQ BIBLES\NSMQ 2009\CONTEST5 GA\PROBLEM OF THE DAY.doc,.doc,1
90642eefa981b86d6ac4659e8f06de68c4b4a7ba1262daa89bb560d78fb7e2e0,SMQ BIBLES\NSMQ 2009\CONTEST6\PROBLEM OF THE DAY.doc,.doc,2
b96fad4c501b391fcc65a7053d1c309588aa433aa13e8336b20b92b9e899254c,SMQ BIBLES\NSMQ 2009\CONTEST6\ROUND 1.doc,.doc,3
e7d1c7e44974e37cff2886dbeb8834ca25b97bde5db2f8361d7ae3286fb6430c,SMQ BIBLES\NSMQ 2009\CONTEST6\ROUND 2.doc,.doc,3
b6b1e57410d5cfdaa67ab3c1211654928edc95c62f51c8e909b17c06ad37eb23,SMQ BIBLES\NSMQ 2009\CONTEST6 SAF\PROBLEM OF THE DAY.doc,.doc,1
b2c96ffb1f3d49e373a1566351c400227fad46934f53aab784c564f967c61839,SMQ BIBLES\NSMQ 2009\CONTEST7\PROBLEM OF THE DAY.doc,.doc,1
c8b5d46c8fcfae57e1b95a210e3d0b1ae1c42c8decd3f9535b976cb2e1356160,SMQ BIBLES\NSMQ 2009\CONTEST7\ROUND1.doc,.doc,3
39abe7f13f25d3c2818606fd1b893ec05e78301d50c5a3cb4d7f1fa09e5df270,SMQ BIBLES\NSMQ 2009\CONTEST7\ROUND2.doc,.doc,3
31f255fbfdc7bb3d3ed8267462955554ea2e3e188442366102485e0b1333be9d,SMQ BIBLES\NSMQ 2009\CONTEST7 FA\PROBLEM OF THE DAY.doc,.doc,2
34cca9e4ceebdad29deae55cab3a7c5f4758ac1b07e8e3642c70c08ef5334aa9,SMQ BIBLES\NSMQ 2009\CONTEST7 FA\ROUND4.doc,.doc,2
58002005b687848cd2f19197d4ceed444a3b59d3cdf8f58927f3b2edb38d0ccd,SMQ BIBLES\NSMQ 2009\CONTEST7 FA\ROUND5.doc,.doc,2
4e0cfc61073e67cd71b59b2c24858bf5f4e9e612f1974310d254043a3435ab44,SMQ BIBLES\NSMQ 2009\CONTEST8\PROBLEM OF THE DAY.doc,.doc,4
7882ab8834a321accdbbebf1607051f6fdcc21c5518f807ec780314ee96a30b2,SMQ BIBLES\NSMQ 2009\CONTEST8\ROUND1.doc,.doc,4
1189bee3a1e3fe5a8d1756b46d2eb0a679c747036de7199aa5e8f4f91aab44a0,SMQ BIBLES\NSMQ 2009\CONTEST8\ROUND2.doc,.doc,4
3c3d2680d1ff44d8f3e3bc4f7a9891829be2c4221c4b6cd5379cba9b5e3b4b87,SMQ BIBLES\NSMQ 2009\CONTEST9\PROBLEM OF THE DAY.doc,.doc,2
f6b5028b457994cb4ea4341a8fa5c9cc13b7f0160e628795b6ac6f437d405be2,SMQ BIBLES\NSMQ 2009\CONTEST9\ROUND 1.doc,.doc,2
7ec12f4b32428f78b0b9d808bf1816c2ad6be4252add602a70a52cd97a6ccc48,SMQ BIBLES\NSMQ 2009\CONTEST9\ROUND 2.doc,.doc,3
31198b09d279a03a3d838440387169459fdb09a7479e8a08376ea11264b8ed26,SMQ BIBLES\NSMQ 2009\CONTEST9 FF\PROBLEM OF THE DAY.docx,.docx,1
9194dd7460223294d3550317cf365422c432c555d4bac5b4b9e041081df908d2,SMQ BIBLES\NSMQ 2009\CONTEST9 FF\ROUND 1.docx,.docx,1
9d7ff03e3cb8c68fdf09955d3ef9756696b2ea7037b5d9d4f603fa0130350b89,SMQ BIBLES\NSMQ 2009\CONTEST9 FF\ROUND 4.docx,.docx,1
d280e7d5c9e538e7af79fe021675ef955b9ba17d2eba65e14877b10af08bd38d,SMQ BIBLES\NSMQ 2009\CONTEST9 FF\ROUND 5.docx,.docx,1
23af481c054aa40969de9776bd5d7694c58769e17973bc3a4d22793d701d156c,SMQ BIBLES\NSMQ 2009\Ready for Editing\CONTEST3\ROUND2.doc,.doc,1
3b6716b9cc0ea3eea95f52a11f6a8fac77bde9f9dd89ff8a8d3d826b0980b064,SMQ BIBLES\NSMQ 2009\Ready for Editing\CONTEST9\ROUND 5.doc,.doc,1
