sha256,duplicate_count,filename,extension,relative_path,canonical
15d01e5743945ad3f13ce4981d107c69cc9d12807e154f5c13c4b8ddef38caf0,4,CONTEST 10.docx,.docx,SMQ BIBLES\NSMQ 2014\CONTEST 10.docx,True
15d01e5743945ad3f13ce4981d107c69cc9d12807e154f5c13c4b8ddef38caf0,4,Copy of CONTEST 10.docx,.docx,SMQ BIBLES\NSMQ 2014 Questions\Copy of CONTEST 10.docx,False
15d01e5743945ad3f13ce4981d107c69cc9d12807e154f5c13c4b8ddef38caf0,4,CONTEST 10.docx,.docx,SMQ BIBLES\NSMQ 2014\CHEMISTRY\CONTEST 10.docx,False
15d01e5743945ad3f13ce4981d107c69cc9d12807e154f5c13c4b8ddef38caf0,4,CONTEST 10.docx,.docx,SMQ BIBLES\NSMQ 2014\CHEMISTRY\Chemistry Questions\Quiz 2014 Nat Prelim\CONTEST 10.docx,False
8af6959ad1175b0f24591be26fce1b78d461766bc4009ddc1f3a505f8e5cd68e,4,CONTEST 12.docx,.docx,SMQ BIBLES\NSMQ 2014\CONTEST 12.docx,True
8af6959ad1175b0f24591be26fce1b78d461766bc4009ddc1f3a505f8e5cd68e,4,Copy of CONTEST 12.docx,.docx,SMQ BIBLES\NSMQ 2014 Questions\Copy of CONTEST 12.docx,False
8af6959ad1175b0f24591be26fce1b78d461766bc4009ddc1f3a505f8e5cd68e,4,CONTEST 12.docx,.docx,SMQ BIBLES\NSMQ 2014\CHEMISTRY\CONTEST 12.docx,False
8af6959ad1175b0f24591be26fce1b78d461766bc4009ddc1f3a505f8e5cd68e,4,CONTEST 12.docx,.docx,SMQ BIBLES\NSMQ 2014\CHEMISTRY\Chemistry Questions\Quiz 2014 Nat Prelim\CONTEST 12.docx,False
3b80a0b94ccedfa010596babf5da701ec005446617a5ea8feae127f4dd0aad57,4,CONTEST 13.docx,.docx,SMQ BIBLES\NSMQ 2014\CONTEST 13.docx,True
3b80a0b94ccedfa010596babf5da701ec005446617a5ea8feae127f4dd0aad57,4,Copy of CONTEST 13.docx,.docx,SMQ BIBLES\NSMQ 2014 Questions\Copy of CONTEST 13.docx,False
3b80a0b94ccedfa010596babf5da701ec005446617a5ea8feae127f4dd0aad57,4,CONTEST 13.docx,.docx,SMQ BIBLES\NSMQ 2014\CHEMISTRY\CONTEST 13.docx,False
3b80a0b94ccedfa010596babf5da701ec005446617a5ea8feae127f4dd0aad57,4,CONTEST 13.docx,.docx,SMQ BIBLES\NSMQ 2014\CHEMISTRY\Chemistry Questions\Quiz 2014 Nat Prelim\CONTEST 13.docx,False
789961a758530a6782b007cd8613e77905f6413510a0cdadb093da3867c77c63,4,CONTEST 14.docx,.docx,SMQ BIBLES\NSMQ 2014\CONTEST 14.docx,True
789961a758530a6782b007cd8613e77905f6413510a0cdadb093da3867c77c63,4,Copy of CONTEST 14.docx,.docx,SMQ BIBLES\NSMQ 2014 Questions\Copy of CONTEST 14.docx,False
789961a758530a6782b007cd8613e77905f6413510a0cdadb093da3867c77c63,4,CONTEST 14.docx,.docx,SMQ BIBLES\NSMQ 2014\CHEMISTRY\CONTEST 14.docx,False
789961a758530a6782b007cd8613e77905f6413510a0cdadb093da3867c77c63,4,CONTEST 14.docx,.docx,SMQ BIBLES\NSMQ 2014\CHEMISTRY\Chemistry Questions\Quiz 2014 Nat Prelim\CONTEST 14.docx,False
bf8cbbdafdb99d041f686e912066ab0ef41bbfc0a8843bcedaeb8625f5e3ca0f,4,CONTEST 15.docx,.docx,SMQ BIBLES\NSMQ 2014\CONTEST 15.docx,True
bf8cbbdafdb99d041f686e912066ab0ef41bbfc0a8843bcedaeb8625f5e3ca0f,4,Copy of CONTEST 15.docx,.docx,SMQ BIBLES\NSMQ 2014 Questions\Copy of CONTEST 15.docx,False
bf8cbbdafdb99d041f686e912066ab0ef41bbfc0a8843bcedaeb8625f5e3ca0f,4,CONTEST 15.docx,.docx,SMQ BIBLES\NSMQ 2014\CHEMISTRY\CONTEST 15.docx,False
bf8cbbdafdb99d041f686e912066ab0ef41bbfc0a8843bcedaeb8625f5e3ca0f,4,CONTEST 15.docx,.docx,SMQ BIBLES\NSMQ 2014\CHEMISTRY\Chemistry Questions\Quiz 2014 Nat Prelim\CONTEST 15.docx,False
d9460729d920490e58f9c3aa22496a2fa6bbe3bbe0c11624f4deb5fcb053ade4,4,CONTEST 16.docx,.docx,SMQ BIBLES\NSMQ 2014\CONTEST 16.docx,True
d9460729d920490e58f9c3aa22496a2fa6bbe3bbe0c11624f4deb5fcb053ade4,4,Copy of CONTEST 16.docx,.docx,SMQ BIBLES\NSMQ 2014 Questions\Copy of CONTEST 16.docx,False
d9460729d920490e58f9c3aa22496a2fa6bbe3bbe0c11624f4deb5fcb053ade4,4,CONTEST 16.docx,.docx,SMQ BIBLES\NSMQ 2014\CHEMISTRY\CONTEST 16.docx,False
d9460729d920490e58f9c3aa22496a2fa6bbe3bbe0c11624f4deb5fcb053ade4,4,CONTEST 16.docx,.docx,SMQ BIBLES\NSMQ 2014\CHEMISTRY\Chemistry Questions\Quiz 2014 Nat Prelim\CONTEST 16.docx,False
01911499dd677d30b570fd4cb9fb25dee525421f43ca5804f63289db09b362ee,4,CONTEST 17.docx,.docx,SMQ BIBLES\NSMQ 2014\CONTEST 17.docx,True
01911499dd677d30b570fd4cb9fb25dee525421f43ca5804f63289db09b362ee,4,Copy of CONTEST 17.docx,.docx,SMQ BIBLES\NSMQ 2014 Questions\Copy of CONTEST 17.docx,False
01911499dd677d30b570fd4cb9fb25dee525421f43ca5804f63289db09b362ee,4,CONTEST 17.docx,.docx,SMQ BIBLES\NSMQ 2014\CHEMISTRY\CONTEST 17.docx,False
01911499dd677d30b570fd4cb9fb25dee525421f43ca5804f63289db09b362ee,4,CONTEST 17.docx,.docx,SMQ BIBLES\NSMQ 2014\CHEMISTRY\Chemistry Questions\Quiz 2014 Nat Prelim\CONTEST 17.docx,False
872585df18bc430820e12a5c20bb7c008b37a260c9ecf0c048c95c2f06eec729,4,CONTEST 18.docx,.docx,SMQ BIBLES\NSMQ 2014\CONTEST 18.docx,True
872585df18bc430820e12a5c20bb7c008b37a260c9ecf0c048c95c2f06eec729,4,Copy of CONTEST 18.docx,.docx,SMQ BIBLES\NSMQ 2014 Questions\Copy of CONTEST 18.docx,False
872585df18bc430820e12a5c20bb7c008b37a260c9ecf0c048c95c2f06eec729,4,CONTEST 18.docx,.docx,SMQ BIBLES\NSMQ 2014\CHEMISTRY\CONTEST 18.docx,False
872585df18bc430820e12a5c20bb7c008b37a260c9ecf0c048c95c2f06eec729,4,CONTEST 18.docx,.docx,SMQ BIBLES\NSMQ 2014\CHEMISTRY\Chemistry Questions\Quiz 2014 Nat Prelim\CONTEST 18.docx,False
34e9379c167bb5f35fa740fb6ff6fdc0d030f34cd251f8b8362dadf72897543c,4,CONTEST 20.docx,.docx,SMQ BIBLES\NSMQ 2014\CONTEST 20.docx,True
34e9379c167bb5f35fa740fb6ff6fdc0d030f34cd251f8b8362dadf72897543c,4,Copy of CONTEST 20.docx,.docx,SMQ BIBLES\NSMQ 2014 Questions\Copy of CONTEST 20.docx,False
34e9379c167bb5f35fa740fb6ff6fdc0d030f34cd251f8b8362dadf72897543c,4,CONTEST 20.docx,.docx,SMQ BIBLES\NSMQ 2014\CHEMISTRY\CONTEST 20.docx,False
34e9379c167bb5f35fa740fb6ff6fdc0d030f34cd251f8b8362dadf72897543c,4,CONTEST 20.docx,.docx,SMQ BIBLES\NSMQ 2014\CHEMISTRY\Chemistry Questions\Quiz 2014 Nat Prelim\CONTEST 20.docx,False
31e1d7a8cf3a48241d1d3127fa7588694925324f53211e023bb9b98fc678f2fd,4,CONTEST 21.docx,.docx,SMQ BIBLES\NSMQ 2014\CONTEST 21.docx,True
31e1d7a8cf3a48241d1d3127fa7588694925324f53211e023bb9b98fc678f2fd,4,Copy of CONTEST 21.docx,.docx,SMQ BIBLES\NSMQ 2014 Questions\Copy of CONTEST 21.docx,False
31e1d7a8cf3a48241d1d3127fa7588694925324f53211e023bb9b98fc678f2fd,4,CONTEST 21.docx,.docx,SMQ BIBLES\NSMQ 2014\CHEMISTRY\CONTEST 21.docx,False
31e1d7a8cf3a48241d1d3127fa7588694925324f53211e023bb9b98fc678f2fd,4,CONTEST 21.docx,.docx,SMQ BIBLES\NSMQ 2014\CHEMISTRY\Chemistry Questions\Quiz 2014 Nat Prelim\CONTEST 21.docx,False
22ce42f83df3222970a165abfe035e6b2d55bf6202b6c87aec548f8d36a89c38,4,CONTEST 22.docx,.docx,SMQ BIBLES\NSMQ 2014\CONTEST 22.docx,True
22ce42f83df3222970a165abfe035e6b2d55bf6202b6c87aec548f8d36a89c38,4,Copy of CONTEST 22.docx,.docx,SMQ BIBLES\NSMQ 2014 Questions\Copy of CONTEST 22.docx,False
22ce42f83df3222970a165abfe035e6b2d55bf6202b6c87aec548f8d36a89c38,4,CONTEST 22.docx,.docx,SMQ BIBLES\NSMQ 2014\CHEMISTRY\CONTEST 22.docx,False
22ce42f83df3222970a165abfe035e6b2d55bf6202b6c87aec548f8d36a89c38,4,CONTEST 22.docx,.docx,SMQ BIBLES\NSMQ 2014\CHEMISTRY\Chemistry Questions\Quiz 2014 Nat Prelim\CONTEST 22.docx,False
ed08f75fe574ed28bdac2cb185bbea57cf38cd478d13d84dbfd79ae7239f8365,4,CONTEST 23.docx,.docx,SMQ BIBLES\NSMQ 2014\CONTEST 23.docx,True
ed08f75fe574ed28bdac2cb185bbea57cf38cd478d13d84dbfd79ae7239f8365,4,Copy of CONTEST 23.docx,.docx,SMQ BIBLES\NSMQ 2014 Questions\Copy of CONTEST 23.docx,False
ed08f75fe574ed28bdac2cb185bbea57cf38cd478d13d84dbfd79ae7239f8365,4,CONTEST 23.docx,.docx,SMQ BIBLES\NSMQ 2014\CHEMISTRY\CONTEST 23.docx,False
ed08f75fe574ed28bdac2cb185bbea57cf38cd478d13d84dbfd79ae7239f8365,4,CONTEST 23.docx,.docx,SMQ BIBLES\NSMQ 2014\CHEMISTRY\Chemistry Questions\Quiz 2014 Nat Prelim\CONTEST 23.docx,False
3ae85e50aa78c2f190185477dfbeb2b5920fe84db123dce1d7e28fe31d1fffe6,4,CONTEST 24.docx,.docx,SMQ BIBLES\NSMQ 2014\CONTEST 24.docx,True
3ae85e50aa78c2f190185477dfbeb2b5920fe84db123dce1d7e28fe31d1fffe6,4,Copy of CONTEST 24.docx,.docx,SMQ BIBLES\NSMQ 2014 Questions\Copy of CONTEST 24.docx,False
3ae85e50aa78c2f190185477dfbeb2b5920fe84db123dce1d7e28fe31d1fffe6,4,CONTEST 24.docx,.docx,SMQ BIBLES\NSMQ 2014\CHEMISTRY\CONTEST 24.docx,False
3ae85e50aa78c2f190185477dfbeb2b5920fe84db123dce1d7e28fe31d1fffe6,4,CONTEST 24.docx,.docx,SMQ BIBLES\NSMQ 2014\CHEMISTRY\Chemistry Questions\Quiz 2014 Nat Prelim\CONTEST 24.docx,False
651016885e8655789a72fbddd430c84e1713bdc6b8d8062b6c5d39030ddda406,4,CONTEST 25.docx,.docx,SMQ BIBLES\NSMQ 2014\CONTEST 25.docx,True
651016885e8655789a72fbddd430c84e1713bdc6b8d8062b6c5d39030ddda406,4,Copy of CONTEST 25.docx,.docx,SMQ BIBLES\NSMQ 2014 Questions\Copy of CONTEST 25.docx,False
651016885e8655789a72fbddd430c84e1713bdc6b8d8062b6c5d39030ddda406,4,CONTEST 25.docx,.docx,SMQ BIBLES\NSMQ 2014\CHEMISTRY\CONTEST 25.docx,False
651016885e8655789a72fbddd430c84e1713bdc6b8d8062b6c5d39030ddda406,4,CONTEST 25.docx,.docx,SMQ BIBLES\NSMQ 2014\CHEMISTRY\Chemistry Questions\Quiz 2014 Nat Prelim\CONTEST 25.docx,False
1310af1eb540997e2ddc0b19550737cff9315f5ad76d773c5f581d9fbf872da2,4,CONTEST 26.docx,.docx,SMQ BIBLES\NSMQ 2014\CONTEST 26.docx,True
1310af1eb540997e2ddc0b19550737cff9315f5ad76d773c5f581d9fbf872da2,4,Copy of CONTEST 26.docx,.docx,SMQ BIBLES\NSMQ 2014 Questions\Copy of CONTEST 26.docx,False
1310af1eb540997e2ddc0b19550737cff9315f5ad76d773c5f581d9fbf872da2,4,CONTEST 26.docx,.docx,SMQ BIBLES\NSMQ 2014\CHEMISTRY\CONTEST 26.docx,False
1310af1eb540997e2ddc0b19550737cff9315f5ad76d773c5f581d9fbf872da2,4,CONTEST 26.docx,.docx,SMQ BIBLES\NSMQ 2014\CHEMISTRY\Chemistry Questions\Quiz 2014 Nat Prelim\CONTEST 26.docx,False
085743c6d169bb38ab32ac9c430d798c036c96fc024dc66e988d6cfc70284d71,4,CONTEST 27.docx,.docx,SMQ BIBLES\NSMQ 2014\CONTEST 27.docx,True
085743c6d169bb38ab32ac9c430d798c036c96fc024dc66e988d6cfc70284d71,4,Copy of CONTEST 27.docx,.docx,SMQ BIBLES\NSMQ 2014 Questions\Copy of CONTEST 27.docx,False
085743c6d169bb38ab32ac9c430d798c036c96fc024dc66e988d6cfc70284d71,4,CONTEST 27.docx,.docx,SMQ BIBLES\NSMQ 2014\CHEMISTRY\CONTEST 27.docx,False
085743c6d169bb38ab32ac9c430d798c036c96fc024dc66e988d6cfc70284d71,4,CONTEST 27.docx,.docx,SMQ BIBLES\NSMQ 2014\CHEMISTRY\Chemistry Questions\Quiz 2014 Nat Prelim\CONTEST 27.docx,False
a005abe2517195bfdb754fbaf5f372df45d6b43cdd05073bf0737ef043449641,4,CONTEST 3.docx,.docx,SMQ BIBLES\NSMQ 2014\CONTEST 3.docx,True
a005abe2517195bfdb754fbaf5f372df45d6b43cdd05073bf0737ef043449641,4,Copy of CONTEST 3.docx,.docx,SMQ BIBLES\NSMQ 2014 Questions\Copy of CONTEST 3.docx,False
a005abe2517195bfdb754fbaf5f372df45d6b43cdd05073bf0737ef043449641,4,CONTEST 3.docx,.docx,SMQ BIBLES\NSMQ 2014\CHEMISTRY\CONTEST 3.docx,False
a005abe2517195bfdb754fbaf5f372df45d6b43cdd05073bf0737ef043449641,4,CONTEST 3.docx,.docx,SMQ BIBLES\NSMQ 2014\CHEMISTRY\Chemistry Questions\Quiz 2014 Nat Prelim\CONTEST 3.docx,False
5b04e66e333ce9a6262bb0b78f07e882a10233c9743663dea39f07c6c230da9f,4,CONTEST 5.docx,.docx,SMQ BIBLES\NSMQ 2014\CONTEST 5.docx,True
5b04e66e333ce9a6262bb0b78f07e882a10233c9743663dea39f07c6c230da9f,4,Copy of CONTEST 5.docx,.docx,SMQ BIBLES\NSMQ 2014 Questions\Copy of CONTEST 5.docx,False
5b04e66e333ce9a6262bb0b78f07e882a10233c9743663dea39f07c6c230da9f,4,CONTEST 5.docx,.docx,SMQ BIBLES\NSMQ 2014\CHEMISTRY\CONTEST 5.docx,False
5b04e66e333ce9a6262bb0b78f07e882a10233c9743663dea39f07c6c230da9f,4,CONTEST 5.docx,.docx,SMQ BIBLES\NSMQ 2014\CHEMISTRY\Chemistry Questions\Quiz 2014 Nat Prelim\CONTEST 5.docx,False
0a72b5ba8a9f6bc0386388bff139a5f08f1ae1e73bb2144cf8fb5596135ac017,4,CONTEST 6.docx,.docx,SMQ BIBLES\NSMQ 2014\CONTEST 6.docx,True
0a72b5ba8a9f6bc0386388bff139a5f08f1ae1e73bb2144cf8fb5596135ac017,4,Copy of CONTEST 6.docx,.docx,SMQ BIBLES\NSMQ 2014 Questions\Copy of CONTEST 6.docx,False
0a72b5ba8a9f6bc0386388bff139a5f08f1ae1e73bb2144cf8fb5596135ac017,4,CONTEST 6.docx,.docx,SMQ BIBLES\NSMQ 2014\CHEMISTRY\CONTEST 6.docx,False
0a72b5ba8a9f6bc0386388bff139a5f08f1ae1e73bb2144cf8fb5596135ac017,4,CONTEST 6.docx,.docx,SMQ BIBLES\NSMQ 2014\CHEMISTRY\Chemistry Questions\Quiz 2014 Nat Prelim\CONTEST 6.docx,False
05144808d3cb046d2b0fbcf6542b005f039ba4a02a3e1dbcf9752385988937c4,4,CONTEST 7.docx,.docx,SMQ BIBLES\NSMQ 2014\CONTEST 7.docx,True
05144808d3cb046d2b0fbcf6542b005f039ba4a02a3e1dbcf9752385988937c4,4,Copy of CONTEST 7.docx,.docx,SMQ BIBLES\NSMQ 2014 Questions\Copy of CONTEST 7.docx,False
05144808d3cb046d2b0fbcf6542b005f039ba4a02a3e1dbcf9752385988937c4,4,CONTEST 7.docx,.docx,SMQ BIBLES\NSMQ 2014\CHEMISTRY\CONTEST 7.docx,False
05144808d3cb046d2b0fbcf6542b005f039ba4a02a3e1dbcf9752385988937c4,4,CONTEST 7.docx,.docx,SMQ BIBLES\NSMQ 2014\CHEMISTRY\Chemistry Questions\Quiz 2014 Nat Prelim\CONTEST 7.docx,False
e3652a3fda0eb8d035def54797c661b94d482c7871d329bbeaf847bb1f549cfd,4,CONTEST 8.docx,.docx,SMQ BIBLES\NSMQ 2014\CONTEST 8.docx,True
e3652a3fda0eb8d035def54797c661b94d482c7871d329bbeaf847bb1f549cfd,4,Copy of CONTEST 8.docx,.docx,SMQ BIBLES\NSMQ 2014 Questions\Copy of CONTEST 8.docx,False
e3652a3fda0eb8d035def54797c661b94d482c7871d329bbeaf847bb1f549cfd,4,CONTEST 8.docx,.docx,SMQ BIBLES\NSMQ 2014\CHEMISTRY\CONTEST 8.docx,False
e3652a3fda0eb8d035def54797c661b94d482c7871d329bbeaf847bb1f549cfd,4,CONTEST 8.docx,.docx,SMQ BIBLES\NSMQ 2014\CHEMISTRY\Chemistry Questions\Quiz 2014 Nat Prelim\CONTEST 8.docx,False
8429a3cc6050df7c67dad1b25a63b8bacbbcaca4318ba8e54e9de8e59c5d6c09,4,CONTEST 9.docx,.docx,SMQ BIBLES\NSMQ 2014\CONTEST 9.docx,True
8429a3cc6050df7c67dad1b25a63b8bacbbcaca4318ba8e54e9de8e59c5d6c09,4,Copy of CONTEST 9.docx,.docx,SMQ BIBLES\NSMQ 2014 Questions\Copy of CONTEST 9.docx,False
8429a3cc6050df7c67dad1b25a63b8bacbbcaca4318ba8e54e9de8e59c5d6c09,4,CONTEST 9.docx,.docx,SMQ BIBLES\NSMQ 2014\CHEMISTRY\CONTEST 9.docx,False
8429a3cc6050df7c67dad1b25a63b8bacbbcaca4318ba8e54e9de8e59c5d6c09,4,CONTEST 9.docx,.docx,SMQ BIBLES\NSMQ 2014\CHEMISTRY\Chemistry Questions\Quiz 2014 Nat Prelim\CONTEST 9.docx,False
9ecb709d27b350101fb4fa7805005c66bf106aff9d86aef34142dd70f9d9c92d,4,1.doc,.doc,SMQ BIBLES\weekends\complicated questions\riddles\1.doc,True
9ecb709d27b350101fb4fa7805005c66bf106aff9d86aef34142dd70f9d9c92d,4,ROUND 5.doc,.doc,SMQ BIBLES\NSMQ 2009\CONTEST1 GA\ROUND 5.doc,False
9ecb709d27b350101fb4fa7805005c66bf106aff9d86aef34142dd70f9d9c92d,4,ROUND 5.doc,.doc,SMQ BIBLES\NSMQ 2009\Ready for Editing\CONTEST1\ROUND 5.doc,False
9ecb709d27b350101fb4fa7805005c66bf106aff9d86aef34142dd70f9d9c92d,4,ROUND 5.doc,.doc,SMQ BIBLES\NSMQ 2009\CONTEST2 GA\CONTEST1 GA\ROUND 5.doc,False
c9f381df870a7052b920926ada4ede30c881f2c77f946a88896f248d1bb011f6,4,8.doc,.doc,SMQ BIBLES\weekends\complicated questions\riddles\8.doc,True
c9f381df870a7052b920926ada4ede30c881f2c77f946a88896f248d1bb011f6,4,ROUND5.doc,.doc,SMQ BIBLES\NSMQ 2009\CONTEST8 FA\ROUND5.doc,False
c9f381df870a7052b920926ada4ede30c881f2c77f946a88896f248d1bb011f6,4,ROUND5.doc,.doc,SMQ BIBLES\NSMQ 2009\Ready for Editing\CONTEST8\ROUND5.doc,False
c9f381df870a7052b920926ada4ede30c881f2c77f946a88896f248d1bb011f6,4,ROUND5.doc,.doc,SMQ BIBLES\NSMQ 2009\CONTEST7 FA\CONTEST8 FA\ROUND5.doc,False
fe119fda227a07358ba77651913a5ad8e9d80d58b5dd511cbe0967a4500ce7ce,4,1.doc,.doc,SMQ BIBLES\weekends\complicated questions\true or false\1.doc,True
fe119fda227a07358ba77651913a5ad8e9d80d58b5dd511cbe0967a4500ce7ce,4,ROUND 4.doc,.doc,SMQ BIBLES\NSMQ 2009\CONTEST1 GA\ROUND 4.doc,False
fe119fda227a07358ba77651913a5ad8e9d80d58b5dd511cbe0967a4500ce7ce,4,ROUND 4.doc,.doc,SMQ BIBLES\NSMQ 2009\Ready for Editing\CONTEST1\ROUND 4.doc,False
fe119fda227a07358ba77651913a5ad8e9d80d58b5dd511cbe0967a4500ce7ce,4,ROUND 4.doc,.doc,SMQ BIBLES\NSMQ 2009\CONTEST2 GA\CONTEST1 GA\ROUND 4.doc,False
8b7d624e5e94c069e435b9ea4ae8c0ba3f8461acee5b021c8e09b30e3cee1ae3,4,8.doc,.doc,SMQ BIBLES\weekends\complicated questions\true or false\8.doc,True
8b7d624e5e94c069e435b9ea4ae8c0ba3f8461acee5b021c8e09b30e3cee1ae3,4,ROUND4.doc,.doc,SMQ BIBLES\NSMQ 2009\CONTEST8 FA\ROUND4.doc,False
8b7d624e5e94c069e435b9ea4ae8c0ba3f8461acee5b021c8e09b30e3cee1ae3,4,ROUND4.doc,.doc,SMQ BIBLES\NSMQ 2009\Ready for Editing\CONTEST8\ROUND4.doc,False
8b7d624e5e94c069e435b9ea4ae8c0ba3f8461acee5b021c8e09b30e3cee1ae3,4,ROUND4.doc,.doc,SMQ BIBLES\NSMQ 2009\CONTEST7 FA\CONTEST8 FA\ROUND4.doc,False
d480e85eb8b0996edb17ee0729c527dff232c298d2717e2a4420cf3ca718e8d1,4,ROUND1.doc,.doc,SMQ BIBLES\NSMQ 2009\CONTEST1\ROUND1.doc,True
d480e85eb8b0996edb17ee0729c527dff232c298d2717e2a4420cf3ca718e8d1,4,ROUND1.doc,.doc,SMQ BIBLES\NSMQ 2009\CONTEST1 GA\ROUND1.doc,False
d480e85eb8b0996edb17ee0729c527dff232c298d2717e2a4420cf3ca718e8d1,4,ROUND1.doc,.doc,SMQ BIBLES\NSMQ 2009\Ready for Editing\CONTEST1\ROUND1.doc,False
d480e85eb8b0996edb17ee0729c527dff232c298d2717e2a4420cf3ca718e8d1,4,ROUND1.doc,.doc,SMQ BIBLES\NSMQ 2009\CONTEST2 GA\CONTEST1 GA\ROUND1.doc,False
e72300036879bb1656af10f776da1d180fe19f414c876f8b66239cbebbbfa432,4,ROUND2.doc,.doc,SMQ BIBLES\NSMQ 2009\CONTEST1\ROUND2.doc,True
e72300036879bb1656af10f776da1d180fe19f414c876f8b66239cbebbbfa432,4,ROUND2.doc,.doc,SMQ BIBLES\NSMQ 2009\CONTEST1 GA\ROUND2.doc,False
e72300036879bb1656af10f776da1d180fe19f414c876f8b66239cbebbbfa432,4,ROUND2.doc,.doc,SMQ BIBLES\NSMQ 2009\Ready for Editing\CONTEST1\ROUND2.doc,False
e72300036879bb1656af10f776da1d180fe19f414c876f8b66239cbebbbfa432,4,ROUND2.doc,.doc,SMQ BIBLES\NSMQ 2009\CONTEST2 GA\CONTEST1 GA\ROUND2.doc,False
4e0cfc61073e67cd71b59b2c24858bf5f4e9e612f1974310d254043a3435ab44,4,PROBLEM OF THE DAY.doc,.doc,SMQ BIBLES\NSMQ 2009\CONTEST8\PROBLEM OF THE DAY.doc,True
4e0cfc61073e67cd71b59b2c24858bf5f4e9e612f1974310d254043a3435ab44,4,PROBLEM OF THE DAY.doc,.doc,SMQ BIBLES\NSMQ 2009\CONTEST8 FA\PROBLEM OF THE DAY.doc,False
4e0cfc61073e67cd71b59b2c24858bf5f4e9e612f1974310d254043a3435ab44,4,PROBLEM OF THE DAY.doc,.doc,SMQ BIBLES\NSMQ 2009\Ready for Editing\CONTEST8\PROBLEM OF THE DAY.doc,False
4e0cfc61073e67cd71b59b2c24858bf5f4e9e612f1974310d254043a3435ab44,4,PROBLEM OF THE DAY.doc,.doc,SMQ BIBLES\NSMQ 2009\CONTEST7 FA\CONTEST8 FA\PROBLEM OF THE DAY.doc,False
7882ab8834a321accdbbebf1607051f6fdcc21c5518f807ec780314ee96a30b2,4,ROUND1.doc,.doc,SMQ BIBLES\NSMQ 2009\CONTEST8\ROUND1.doc,True
7882ab8834a321accdbbebf1607051f6fdcc21c5518f807ec780314ee96a30b2,4,ROUND1.doc,.doc,SMQ BIBLES\NSMQ 2009\CONTEST8 FA\ROUND1.doc,False
7882ab8834a321accdbbebf1607051f6fdcc21c5518f807ec780314ee96a30b2,4,ROUND1.doc,.doc,SMQ BIBLES\NSMQ 2009\Ready for Editing\CONTEST8\ROUND1.doc,False
7882ab8834a321accdbbebf1607051f6fdcc21c5518f807ec780314ee96a30b2,4,ROUND1.doc,.doc,SMQ BIBLES\NSMQ 2009\CONTEST7 FA\CONTEST8 FA\ROUND1.doc,False
1189bee3a1e3fe5a8d1756b46d2eb0a679c747036de7199aa5e8f4f91aab44a0,4,ROUND2.doc,.doc,SMQ BIBLES\NSMQ 2009\CONTEST8\ROUND2.doc,True
1189bee3a1e3fe5a8d1756b46d2eb0a679c747036de7199aa5e8f4f91aab44a0,4,ROUND2.doc,.doc,SMQ BIBLES\NSMQ 2009\CONTEST8 FA\ROUND2.doc,False
1189bee3a1e3fe5a8d1756b46d2eb0a679c747036de7199aa5e8f4f91aab44a0,4,ROUND2.doc,.doc,SMQ BIBLES\NSMQ 2009\Ready for Editing\CONTEST8\ROUND2.doc,False
1189bee3a1e3fe5a8d1756b46d2eb0a679c747036de7199aa5e8f4f91aab44a0,4,ROUND2.doc,.doc,SMQ BIBLES\NSMQ 2009\CONTEST7 FA\CONTEST8 FA\ROUND2.doc,False
5fcfc8e435d16d51b2b3e2eaefaf42497fba0c529d5626b12f9471ce65a2f11a,3,Contest 11.doc,.doc,SMQ BIBLES\NSMQ 2012 questions and Answers\Contest 11.doc,True
5fcfc8e435d16d51b2b3e2eaefaf42497fba0c529d5626b12f9471ce65a2f11a,3,Contest 11.doc,.doc,SMQ BIBLES\weekends\practice\SET 3\Contest 11.doc,False
5fcfc8e435d16d51b2b3e2eaefaf42497fba0c529d5626b12f9471ce65a2f11a,3,Contest 11.doc,.doc,SMQ BIBLES\NSMQ 2016 Questions\NSMQ 2012 Questions\Contest 11.doc,False
444b337794ba7d9b6d4751732d2fa08ecbdaa50b211673c985950d826f581adf,3,Contest 12.doc,.doc,SMQ BIBLES\NSMQ 2012 questions and Answers\Contest 12.doc,True
444b337794ba7d9b6d4751732d2fa08ecbdaa50b211673c985950d826f581adf,3,Contest 12.doc,.doc,SMQ BIBLES\weekends\practice\SET 3\Contest 12.doc,False
444b337794ba7d9b6d4751732d2fa08ecbdaa50b211673c985950d826f581adf,3,Contest 12.doc,.doc,SMQ BIBLES\NSMQ 2016 Questions\NSMQ 2012 Questions\Contest 12.doc,False
6487ccbae074a9d695c49ff60a7e0e546e13ee089f4b9832489206621b3a2d2e,3,Contest 14.doc,.doc,SMQ BIBLES\NSMQ 2012 questions and Answers\Contest 14.doc,True
6487ccbae074a9d695c49ff60a7e0e546e13ee089f4b9832489206621b3a2d2e,3,Contest 14.doc,.doc,SMQ BIBLES\weekends\practice\SET 3\Contest 14.doc,False
6487ccbae074a9d695c49ff60a7e0e546e13ee089f4b9832489206621b3a2d2e,3,Contest 14.doc,.doc,SMQ BIBLES\NSMQ 2016 Questions\NSMQ 2012 Questions\Contest 14.doc,False
89771e37767bc4f7be1c73573c118b7c70ab50cc9d940d40add80be70a92c025,3,Contest 15.doc,.doc,SMQ BIBLES\NSMQ 2012 questions and Answers\Contest 15.doc,True
89771e37767bc4f7be1c73573c118b7c70ab50cc9d940d40add80be70a92c025,3,Contest 15.doc,.doc,SMQ BIBLES\weekends\practice\SET 3\Contest 15.doc,False
89771e37767bc4f7be1c73573c118b7c70ab50cc9d940d40add80be70a92c025,3,Contest 15.doc,.doc,SMQ BIBLES\NSMQ 2016 Questions\NSMQ 2012 Questions\Contest 15.doc,False
4b737bc36e18fdee0a198cfbcb4f3519654b7e44591c6067beed52a14c9eec4b,3,Contest 16.doc,.doc,SMQ BIBLES\NSMQ 2012 questions and Answers\Contest 16.doc,True
4b737bc36e18fdee0a198cfbcb4f3519654b7e44591c6067beed52a14c9eec4b,3,Contest 16.doc,.doc,SMQ BIBLES\weekends\practice\SET 3\Contest 16.doc,False
4b737bc36e18fdee0a198cfbcb4f3519654b7e44591c6067beed52a14c9eec4b,3,Contest 16.doc,.doc,SMQ BIBLES\NSMQ 2016 Questions\NSMQ 2012 Questions\Contest 16.doc,False
b53ef1e07758b8ebe17daf27ac6dbea76394f21e00a7208fd2d3c3d8baa638ea,3,Contest 17.doc,.doc,SMQ BIBLES\NSMQ 2012 questions and Answers\Contest 17.doc,True
b53ef1e07758b8ebe17daf27ac6dbea76394f21e00a7208fd2d3c3d8baa638ea,3,Contest 17.doc,.doc,SMQ BIBLES\weekends\practice\SET 3\Contest 17.doc,False
b53ef1e07758b8ebe17daf27ac6dbea76394f21e00a7208fd2d3c3d8baa638ea,3,Contest 17.doc,.doc,SMQ BIBLES\NSMQ 2016 Questions\NSMQ 2012 Questions\Contest 17.doc,False
3aca36b97fc795f3f43794a2271edf1de04b7a7c711c98f09d12d19c0c9ccde4,3,Contest 18.doc,.doc,SMQ BIBLES\NSMQ 2012 questions and Answers\Contest 18.doc,True
3aca36b97fc795f3f43794a2271edf1de04b7a7c711c98f09d12d19c0c9ccde4,3,Contest 18.doc,.doc,SMQ BIBLES\weekends\practice\SET 3\Contest 18.doc,False
3aca36b97fc795f3f43794a2271edf1de04b7a7c711c98f09d12d19c0c9ccde4,3,Contest 18.doc,.doc,SMQ BIBLES\NSMQ 2016 Questions\NSMQ 2012 Questions\Contest 18.doc,False
5f0b5bb5392f9ea3d59dc21796a7acec97b87fbf05508e71c77573c45ecd45f7,3,Contest 19.doc,.doc,SMQ BIBLES\NSMQ 2012 questions and Answers\Contest 19.doc,True
5f0b5bb5392f9ea3d59dc21796a7acec97b87fbf05508e71c77573c45ecd45f7,3,Contest 19.doc,.doc,SMQ BIBLES\weekends\practice\SET 3\Contest 19.doc,False
5f0b5bb5392f9ea3d59dc21796a7acec97b87fbf05508e71c77573c45ecd45f7,3,Contest 19.doc,.doc,SMQ BIBLES\NSMQ 2016 Questions\NSMQ 2012 Questions\Contest 19.doc,False
ff904c07b010108998a33d9caaaf3fce5a13d382e9e950854d1f341a9f4a07ef,3,Contest 20.doc,.doc,SMQ BIBLES\NSMQ 2012 questions and Answers\Contest 20.doc,True
ff904c07b010108998a33d9caaaf3fce5a13d382e9e950854d1f341a9f4a07ef,3,Contest 20.doc,.doc,SMQ BIBLES\weekends\practice\SET 3\Contest 20.doc,False
ff904c07b010108998a33d9caaaf3fce5a13d382e9e950854d1f341a9f4a07ef,3,Contest 20.doc,.doc,SMQ BIBLES\NSMQ 2016 Questions\NSMQ 2012 Questions\Contest 20.doc,False
971ce222fb9559c51cdfb17eed91611ae95eeae84c19e124bf3321252465748e,3,Contest 21.doc,.doc,SMQ BIBLES\NSMQ 2012 questions and Answers\Contest 21.doc,True
971ce222fb9559c51cdfb17eed91611ae95eeae84c19e124bf3321252465748e,3,Contest 21.doc,.doc,SMQ BIBLES\weekends\practice\SET 3\Contest 21.doc,False
971ce222fb9559c51cdfb17eed91611ae95eeae84c19e124bf3321252465748e,3,Contest 21.doc,.doc,SMQ BIBLES\NSMQ 2016 Questions\NSMQ 2012 Questions\Contest 21.doc,False
f17f5953e01993c01c7841ec7547c58ead5b7f264816b53cc39672b9dcb0ed65,3,Contest 21.docx,.docx,SMQ BIBLES\NSMQ 2012 questions and Answers\Contest 21.docx,True
f17f5953e01993c01c7841ec7547c58ead5b7f264816b53cc39672b9dcb0ed65,3,Contest 21.docx,.docx,SMQ BIBLES\weekends\practice\SET 3\Contest 21.docx,False
f17f5953e01993c01c7841ec7547c58ead5b7f264816b53cc39672b9dcb0ed65,3,Contest 21.docx,.docx,SMQ BIBLES\NSMQ 2016 Questions\NSMQ 2012 Questions\Contest 21.docx,False
fec6901e35c1297b039bd711f1e6c0885077b140d53f9be7052f33bdc04a1d04,3,Contest 22.doc,.doc,SMQ BIBLES\NSMQ 2012 questions and Answers\Contest 22.doc,True
fec6901e35c1297b039bd711f1e6c0885077b140d53f9be7052f33bdc04a1d04,3,Contest 22.doc,.doc,SMQ BIBLES\weekends\practice\SET 3\Contest 22.doc,False
fec6901e35c1297b039bd711f1e6c0885077b140d53f9be7052f33bdc04a1d04,3,Contest 22.doc,.doc,SMQ BIBLES\NSMQ 2016 Questions\NSMQ 2012 Questions\Contest 22.doc,False
b0048c5025d5495eb412d792c1c060b46768c6608358922ccbd2144e4fe7edd6,3,Contest 22.docx,.docx,SMQ BIBLES\NSMQ 2012 questions and Answers\Contest 22.docx,True
b0048c5025d5495eb412d792c1c060b46768c6608358922ccbd2144e4fe7edd6,3,Contest 22.docx,.docx,SMQ BIBLES\weekends\practice\SET 3\Contest 22.docx,False
b0048c5025d5495eb412d792c1c060b46768c6608358922ccbd2144e4fe7edd6,3,Contest 22.docx,.docx,SMQ BIBLES\NSMQ 2016 Questions\NSMQ 2012 Questions\Contest 22.docx,False
bd3a7f8a555deaf73c22021a33ea53af95cf8a31b0c45d676c7280973bc9e6f4,3,Contest 23.doc,.doc,SMQ BIBLES\NSMQ 2012 questions and Answers\Contest 23.doc,True
bd3a7f8a555deaf73c22021a33ea53af95cf8a31b0c45d676c7280973bc9e6f4,3,Contest 23.doc,.doc,SMQ BIBLES\weekends\practice\SET 3\Contest 23.doc,False
bd3a7f8a555deaf73c22021a33ea53af95cf8a31b0c45d676c7280973bc9e6f4,3,Contest 23.doc,.doc,SMQ BIBLES\NSMQ 2016 Questions\NSMQ 2012 Questions\Contest 23.doc,False
dce7c2b1d4a844255f53ec42e04030a3823273e25d6a8c0079c05ecb5f523733,3,Contest 24.doc,.doc,SMQ BIBLES\NSMQ 2012 questions and Answers\Contest 24.doc,True
dce7c2b1d4a844255f53ec42e04030a3823273e25d6a8c0079c05ecb5f523733,3,Contest 24.doc,.doc,SMQ BIBLES\weekends\practice\SET 3\Contest 24.doc,False
dce7c2b1d4a844255f53ec42e04030a3823273e25d6a8c0079c05ecb5f523733,3,Contest 24.doc,.doc,SMQ BIBLES\NSMQ 2016 Questions\NSMQ 2012 Questions\Contest 24.doc,False
b5dec1b2c8b09c764ee5f974d9396ddbb41f9c0bcafa6c08e9800d9ac568dda8,3,Contest 3.doc,.doc,SMQ BIBLES\NSMQ 2012 questions and Answers\Contest 3.doc,True
b5dec1b2c8b09c764ee5f974d9396ddbb41f9c0bcafa6c08e9800d9ac568dda8,3,Contest 3.doc,.doc,SMQ BIBLES\weekends\practice\SET 3\Contest 3.doc,False
b5dec1b2c8b09c764ee5f974d9396ddbb41f9c0bcafa6c08e9800d9ac568dda8,3,Contest 3.doc,.doc,SMQ BIBLES\NSMQ 2016 Questions\NSMQ 2012 Questions\Contest 3.doc,False
92ddafd46b4727d6c234d0793071ee796c728bfb6dfd7742a21084b3a127c85c,3,Contest 4.doc,.doc,SMQ BIBLES\NSMQ 2012 questions and Answers\Contest 4.doc,True
92ddafd46b4727d6c234d0793071ee796c728bfb6dfd7742a21084b3a127c85c,3,Contest 4.doc,.doc,SMQ BIBLES\weekends\practice\SET 3\Contest 4.doc,False
92ddafd46b4727d6c234d0793071ee796c728bfb6dfd7742a21084b3a127c85c,3,Contest 4.doc,.doc,SMQ BIBLES\NSMQ 2016 Questions\NSMQ 2012 Questions\Contest 4.doc,False
cfcac7c7a633e00dd18be1f12f90ce30e5695247fba6db4522636e84ba41c4fe,3,Contest 6.doc,.doc,SMQ BIBLES\NSMQ 2012 questions and Answers\Contest 6.doc,True
cfcac7c7a633e00dd18be1f12f90ce30e5695247fba6db4522636e84ba41c4fe,3,Contest 6.doc,.doc,SMQ BIBLES\weekends\practice\SET 3\Contest 6.doc,False
cfcac7c7a633e00dd18be1f12f90ce30e5695247fba6db4522636e84ba41c4fe,3,Contest 6.doc,.doc,SMQ BIBLES\NSMQ 2016 Questions\NSMQ 2012 Questions\Contest 6.doc,False
c8c6d79ddaf2b2129b2ae8b058b0a17ef23af01f3aa9eed8324aaddfcf00f220,3,Contest 7.doc,.doc,SMQ BIBLES\NSMQ 2012 questions and Answers\Contest 7.doc,True
c8c6d79ddaf2b2129b2ae8b058b0a17ef23af01f3aa9eed8324aaddfcf00f220,3,Contest 7.doc,.doc,SMQ BIBLES\weekends\practice\SET 3\Contest 7.doc,False
c8c6d79ddaf2b2129b2ae8b058b0a17ef23af01f3aa9eed8324aaddfcf00f220,3,Contest 7.doc,.doc,SMQ BIBLES\NSMQ 2016 Questions\NSMQ 2012 Questions\Contest 7.doc,False
17ff7ab6ac4d1896ceffb3440fb9c7b73f07528b824e9e88c369e5318882e101,3,Contest 8.doc,.doc,SMQ BIBLES\NSMQ 2012 questions and Answers\Contest 8.doc,True
17ff7ab6ac4d1896ceffb3440fb9c7b73f07528b824e9e88c369e5318882e101,3,Contest 8.doc,.doc,SMQ BIBLES\weekends\practice\SET 3\Contest 8.doc,False
17ff7ab6ac4d1896ceffb3440fb9c7b73f07528b824e9e88c369e5318882e101,3,Contest 8.doc,.doc,SMQ BIBLES\NSMQ 2016 Questions\NSMQ 2012 Questions\Contest 8.doc,False
bbdfea74d06d26838505ba1cf5e7198eaea0b9b4adb9af3fdc9bfe2b9e41786f,3,CONTEST 1.doc,.doc,SMQ BIBLES\NSMQ 2014\CONTEST 1.doc,True
bbdfea74d06d26838505ba1cf5e7198eaea0b9b4adb9af3fdc9bfe2b9e41786f,3,CONTEST 1 (2).doc,.doc,SMQ BIBLES\NSMQ 2014 Questions\CONTEST 1 (2).doc,False
bbdfea74d06d26838505ba1cf5e7198eaea0b9b4adb9af3fdc9bfe2b9e41786f,3,CONTEST 1.doc,.doc,SMQ BIBLES\NSMQ 2014\CHEMISTRY\CONTEST 1.doc,False
5ed8f28653ba77f0f7ecae6ef214d7b63cd7c6a7b70676bf70476a643e9759f3,3,CONTEST 11.doc,.doc,SMQ BIBLES\NSMQ 2014\CONTEST 11.doc,True
5ed8f28653ba77f0f7ecae6ef214d7b63cd7c6a7b70676bf70476a643e9759f3,3,Copy of CONTEST 11.doc,.doc,SMQ BIBLES\NSMQ 2014 Questions\Copy of CONTEST 11.doc,False
5ed8f28653ba77f0f7ecae6ef214d7b63cd7c6a7b70676bf70476a643e9759f3,3,CONTEST 11.doc,.doc,SMQ BIBLES\NSMQ 2014\CHEMISTRY\CONTEST 11.doc,False
9be8d542f204def2c03bf3b8db3dc53d7e9a98ef998a3c5f4f0f73eaf20bc631,3,CONTEST 19.docx,.docx,SMQ BIBLES\NSMQ 2014\CONTEST 19.docx,True
9be8d542f204def2c03bf3b8db3dc53d7e9a98ef998a3c5f4f0f73eaf20bc631,3,Copy of CONTEST 19.docx,.docx,SMQ BIBLES\NSMQ 2014 Questions\Copy of CONTEST 19.docx,False
9be8d542f204def2c03bf3b8db3dc53d7e9a98ef998a3c5f4f0f73eaf20bc631,3,CONTEST 19.docx,.docx,SMQ BIBLES\NSMQ 2014\CHEMISTRY\CONTEST 19.docx,False
d3d402c89c60ffbfcf1bccb05497ff5243c71b299f9cf59586bde79bc8bd0f83,3,CONTEST 2.doc,.doc,SMQ BIBLES\NSMQ 2014\CONTEST 2.doc,True
d3d402c89c60ffbfcf1bccb05497ff5243c71b299f9cf59586bde79bc8bd0f83,3,Copy of CONTEST 2.doc,.doc,SMQ BIBLES\NSMQ 2014 Questions\Copy of CONTEST 2.doc,False
d3d402c89c60ffbfcf1bccb05497ff5243c71b299f9cf59586bde79bc8bd0f83,3,CONTEST 2.doc,.doc,SMQ BIBLES\NSMQ 2014\CHEMISTRY\CONTEST 2.doc,False
b0a74a08490d56202310bce543d7980a884e89c59102227688a961129825f278,3,CONTEST 28.docx,.docx,SMQ BIBLES\NSMQ 2014\CONTEST 28.docx,True
b0a74a08490d56202310bce543d7980a884e89c59102227688a961129825f278,3,Copy of CONTEST 28.docx,.docx,SMQ BIBLES\NSMQ 2014 Questions\Copy of CONTEST 28.docx,False
b0a74a08490d56202310bce543d7980a884e89c59102227688a961129825f278,3,CONTEST 28.docx,.docx,SMQ BIBLES\NSMQ 2014\CHEMISTRY\CONTEST 28.docx,False
d537395c9bad5568881f9e9948ab5463d23b26120ca46ba0caa5f593d2a78944,3,CONTEST 29.docx,.docx,SMQ BIBLES\NSMQ 2014\CONTEST 29.docx,True
d537395c9bad5568881f9e9948ab5463d23b26120ca46ba0caa5f593d2a78944,3,Copy of CONTEST 29.docx,.docx,SMQ BIBLES\NSMQ 2014 Questions\Copy of CONTEST 29.docx,False
d537395c9bad5568881f9e9948ab5463d23b26120ca46ba0caa5f593d2a78944,3,CONTEST 29.docx,.docx,SMQ BIBLES\NSMQ 2014\CHEMISTRY\CONTEST 29.docx,False
03c0c9a550df985dc3a6a82e7fa1b8bb567bb800ba0f7debe30379124e59cf93,3,CONTEST 30.docx,.docx,SMQ BIBLES\NSMQ 2014\CONTEST 30.docx,True
03c0c9a550df985dc3a6a82e7fa1b8bb567bb800ba0f7debe30379124e59cf93,3,Copy of CONTEST 30.docx,.docx,SMQ BIBLES\NSMQ 2014 Questions\Copy of CONTEST 30.docx,False
03c0c9a550df985dc3a6a82e7fa1b8bb567bb800ba0f7debe30379124e59cf93,3,CONTEST 30.docx,.docx,SMQ BIBLES\NSMQ 2014\CHEMISTRY\CONTEST 30.docx,False
ad9ae7a21c1f1b1ec88744b61543a4b1b34832b8f408abaacb346426e92afb9a,3,CONTEST 31.docx,.docx,SMQ BIBLES\NSMQ 2014\CONTEST 31.docx,True
ad9ae7a21c1f1b1ec88744b61543a4b1b34832b8f408abaacb346426e92afb9a,3,Copy of CONTEST 31.docx,.docx,SMQ BIBLES\NSMQ 2014 Questions\Copy of CONTEST 31.docx,False
ad9ae7a21c1f1b1ec88744b61543a4b1b34832b8f408abaacb346426e92afb9a,3,CONTEST 31.docx,.docx,SMQ BIBLES\NSMQ 2014\CHEMISTRY\CONTEST 31.docx,False
c1aca3e009e155f4879a5005717849e4574aeb2cc513f58f651b3c65cf6117fc,3,CONTEST 32.docx,.docx,SMQ BIBLES\NSMQ 2014\CONTEST 32.docx,True
c1aca3e009e155f4879a5005717849e4574aeb2cc513f58f651b3c65cf6117fc,3,Copy of CONTEST 32.docx,.docx,SMQ BIBLES\NSMQ 2014 Questions\Copy of CONTEST 32.docx,False
c1aca3e009e155f4879a5005717849e4574aeb2cc513f58f651b3c65cf6117fc,3,CONTEST 32.docx,.docx,SMQ BIBLES\NSMQ 2014\CHEMISTRY\CONTEST 32.docx,False
22a6b8786fa9e6fea0dc28f821d515fa0e2a533c4510f13fe050d33ad9b12b50,3,CONTEST 33.docx,.docx,SMQ BIBLES\NSMQ 2014\CONTEST 33.docx,True
22a6b8786fa9e6fea0dc28f821d515fa0e2a533c4510f13fe050d33ad9b12b50,3,Copy of CONTEST 33.docx,.docx,SMQ BIBLES\NSMQ 2014 Questions\Copy of CONTEST 33.docx,False
22a6b8786fa9e6fea0dc28f821d515fa0e2a533c4510f13fe050d33ad9b12b50,3,CONTEST 33.docx,.docx,SMQ BIBLES\NSMQ 2014\CHEMISTRY\CONTEST 33.docx,False
3ffd78f601e1461f4edd4dd4c756fc8d87f34c72298ede40b3c77d0a3f6f2a66,3,CONTEST 34.docx,.docx,SMQ BIBLES\NSMQ 2014\CONTEST 34.docx,True
3ffd78f601e1461f4edd4dd4c756fc8d87f34c72298ede40b3c77d0a3f6f2a66,3,Copy of CONTEST 34.docx,.docx,SMQ BIBLES\NSMQ 2014 Questions\Copy of CONTEST 34.docx,False
3ffd78f601e1461f4edd4dd4c756fc8d87f34c72298ede40b3c77d0a3f6f2a66,3,CONTEST 34.docx,.docx,SMQ BIBLES\NSMQ 2014\CHEMISTRY\CONTEST 34.docx,False
13d79d210bb04640ccde7ea5d1106b7b479d4577134dd5a65c2c7170fd5dec4b,3,CONTEST 35.docx,.docx,SMQ BIBLES\NSMQ 2014\CONTEST 35.docx,True
13d79d210bb04640ccde7ea5d1106b7b479d4577134dd5a65c2c7170fd5dec4b,3,Copy of CONTEST 35.docx,.docx,SMQ BIBLES\NSMQ 2014 Questions\Copy of CONTEST 35.docx,False
13d79d210bb04640ccde7ea5d1106b7b479d4577134dd5a65c2c7170fd5dec4b,3,CONTEST 35.docx,.docx,SMQ BIBLES\NSMQ 2014\CHEMISTRY\CONTEST 35.docx,False
368169c981eddc4bfdd5e268b057e90aa7f8b8c581953fa8334a960a14f79d0e,3,CONTEST 36.docx,.docx,SMQ BIBLES\NSMQ 2014\CONTEST 36.docx,True
368169c981eddc4bfdd5e268b057e90aa7f8b8c581953fa8334a960a14f79d0e,3,Copy of CONTEST 36.docx,.docx,SMQ BIBLES\NSMQ 2014 Questions\Copy of CONTEST 36.docx,False
368169c981eddc4bfdd5e268b057e90aa7f8b8c581953fa8334a960a14f79d0e,3,CONTEST 36.docx,.docx,SMQ BIBLES\NSMQ 2014\CHEMISTRY\CONTEST 36.docx,False
244197cfb9a96978d98e197c183905b2a3173546cc2efa03288db62357b2cffc,3,CONTEST 37.docx,.docx,SMQ BIBLES\NSMQ 2014\CONTEST 37.docx,True
244197cfb9a96978d98e197c183905b2a3173546cc2efa03288db62357b2cffc,3,Copy of CONTEST 37.docx,.docx,SMQ BIBLES\NSMQ 2014 Questions\Copy of CONTEST 37.docx,False
244197cfb9a96978d98e197c183905b2a3173546cc2efa03288db62357b2cffc,3,CONTEST 37.docx,.docx,SMQ BIBLES\NSMQ 2014\CHEMISTRY\CONTEST 37.docx,False
5c68a9f217060f96c88e1d652c903e6e27ca1d06e8c788a5eb95fa0f3360f046,3,CONTEST 38.docx,.docx,SMQ BIBLES\NSMQ 2014\CONTEST 38.docx,True
5c68a9f217060f96c88e1d652c903e6e27ca1d06e8c788a5eb95fa0f3360f046,3,Copy of CONTEST 38.docx,.docx,SMQ BIBLES\NSMQ 2014 Questions\Copy of CONTEST 38.docx,False
5c68a9f217060f96c88e1d652c903e6e27ca1d06e8c788a5eb95fa0f3360f046,3,CONTEST 38.docx,.docx,SMQ BIBLES\NSMQ 2014\CHEMISTRY\CONTEST 38.docx,False
c4dd2904ac459cca81fc003715185c5bad89bc09ee1416cf60d85ee415b27ea8,3,CONTEST 39.docx,.docx,SMQ BIBLES\NSMQ 2014\CONTEST 39.docx,True
c4dd2904ac459cca81fc003715185c5bad89bc09ee1416cf60d85ee415b27ea8,3,Copy of CONTEST 39.docx,.docx,SMQ BIBLES\NSMQ 2014 Questions\Copy of CONTEST 39.docx,False
c4dd2904ac459cca81fc003715185c5bad89bc09ee1416cf60d85ee415b27ea8,3,CONTEST 39.docx,.docx,SMQ BIBLES\NSMQ 2014\CHEMISTRY\CONTEST 39.docx,False
703d9278e82fee232402bacaa97df91994c95de504c8039ec57160bc73b38ae6,3,CONTEST 4.doc,.doc,SMQ BIBLES\NSMQ 2014\CONTEST 4.doc,True
703d9278e82fee232402bacaa97df91994c95de504c8039ec57160bc73b38ae6,3,Copy of CONTEST 4.doc,.doc,SMQ BIBLES\NSMQ 2014 Questions\Copy of CONTEST 4.doc,False
703d9278e82fee232402bacaa97df91994c95de504c8039ec57160bc73b38ae6,3,CONTEST 4.doc,.doc,SMQ BIBLES\NSMQ 2014\CHEMISTRY\CONTEST 4.doc,False
0bb2efe14a8764bd7696625c096d496b448430ddaf3bfef1a119dd5847fe8047,3,CONTEST 40.docx,.docx,SMQ BIBLES\NSMQ 2014\CONTEST 40.docx,True
0bb2efe14a8764bd7696625c096d496b448430ddaf3bfef1a119dd5847fe8047,3,Copy of CONTEST 40.docx,.docx,SMQ BIBLES\NSMQ 2014 Questions\Copy of CONTEST 40.docx,False
0bb2efe14a8764bd7696625c096d496b448430ddaf3bfef1a119dd5847fe8047,3,CONTEST 40.docx,.docx,SMQ BIBLES\NSMQ 2014\CHEMISTRY\CONTEST 40.docx,False
155316665832a72050aaf86ef6f04ce82aa4efb53f4042fc16e11c364b9d480e,3,CONTEST 41.docx,.docx,SMQ BIBLES\NSMQ 2014\CONTEST 41.docx,True
155316665832a72050aaf86ef6f04ce82aa4efb53f4042fc16e11c364b9d480e,3,Copy of CONTEST 41.docx,.docx,SMQ BIBLES\NSMQ 2014 Questions\Copy of CONTEST 41.docx,False
155316665832a72050aaf86ef6f04ce82aa4efb53f4042fc16e11c364b9d480e,3,CONTEST 41.docx,.docx,SMQ BIBLES\NSMQ 2014\CHEMISTRY\CONTEST 41.docx,False
6c872f96b125fddff71fb55b6fabff7fb34388f0a19119abec82191e88c5ef44,3,CONTEST 42.docx,.docx,SMQ BIBLES\NSMQ 2014\CONTEST 42.docx,True
6c872f96b125fddff71fb55b6fabff7fb34388f0a19119abec82191e88c5ef44,3,Copy of CONTEST 42.docx,.docx,SMQ BIBLES\NSMQ 2014 Questions\Copy of CONTEST 42.docx,False
6c872f96b125fddff71fb55b6fabff7fb34388f0a19119abec82191e88c5ef44,3,CONTEST 42.docx,.docx,SMQ BIBLES\NSMQ 2014\CHEMISTRY\CONTEST 42.docx,False
30625fac62c3230ada0647bc9a418a117a48a238b1527db5be5de81e0a0d058f,3,CONTEST 43.docx,.docx,SMQ BIBLES\NSMQ 2014\CONTEST 43.docx,True
30625fac62c3230ada0647bc9a418a117a48a238b1527db5be5de81e0a0d058f,3,Copy of CONTEST 43.docx,.docx,SMQ BIBLES\NSMQ 2014 Questions\Copy of CONTEST 43.docx,False
30625fac62c3230ada0647bc9a418a117a48a238b1527db5be5de81e0a0d058f,3,CONTEST 43.docx,.docx,SMQ BIBLES\NSMQ 2014\CHEMISTRY\CONTEST 43.docx,False
35e1decae5c6e3a63d01e562064cb3beded24f3b3e58ff93962291c8c5f38139,3,CONTEST 44.docx,.docx,SMQ BIBLES\NSMQ 2014\CONTEST 44.docx,True
35e1decae5c6e3a63d01e562064cb3beded24f3b3e58ff93962291c8c5f38139,3,Copy of CONTEST 44.docx,.docx,SMQ BIBLES\NSMQ 2014 Questions\Copy of CONTEST 44.docx,False
35e1decae5c6e3a63d01e562064cb3beded24f3b3e58ff93962291c8c5f38139,3,CONTEST 44.docx,.docx,SMQ BIBLES\NSMQ 2014\CHEMISTRY\CONTEST 44.docx,False
9e3bd1a4a66b4179aeb435119483bcb2823de826b47f2fa6a1bf3318fc5dceda,3,CONTEST 45.docx,.docx,SMQ BIBLES\NSMQ 2014\CONTEST 45.docx,True
9e3bd1a4a66b4179aeb435119483bcb2823de826b47f2fa6a1bf3318fc5dceda,3,Copy of CONTEST 45.docx,.docx,SMQ BIBLES\NSMQ 2014 Questions\Copy of CONTEST 45.docx,False
9e3bd1a4a66b4179aeb435119483bcb2823de826b47f2fa6a1bf3318fc5dceda,3,CONTEST 45.docx,.docx,SMQ BIBLES\NSMQ 2014\CHEMISTRY\CONTEST 45.docx,False
e8883c27030f0ba4b8f12786ea7b9cb6f12451a8c416bec3d04d71d7ddff866b,3,CONTEST 46.docx,.docx,SMQ BIBLES\NSMQ 2014\CONTEST 46.docx,True
e8883c27030f0ba4b8f12786ea7b9cb6f12451a8c416bec3d04d71d7ddff866b,3,Copy of CONTEST 46.docx,.docx,SMQ BIBLES\NSMQ 2014 Questions\Copy of CONTEST 46.docx,False
e8883c27030f0ba4b8f12786ea7b9cb6f12451a8c416bec3d04d71d7ddff866b,3,CONTEST 46.docx,.docx,SMQ BIBLES\NSMQ 2014\CHEMISTRY\CONTEST 46.docx,False
eba8b88771c1cf97c433be4e23cc4540ce9a765cf46c11ad85d1aedf36625838,3,CONTEST 47.docx,.docx,SMQ BIBLES\NSMQ 2014\CONTEST 47.docx,True
eba8b88771c1cf97c433be4e23cc4540ce9a765cf46c11ad85d1aedf36625838,3,Copy of CONTEST 47.docx,.docx,SMQ BIBLES\NSMQ 2014 Questions\Copy of CONTEST 47.docx,False
eba8b88771c1cf97c433be4e23cc4540ce9a765cf46c11ad85d1aedf36625838,3,CONTEST 47.docx,.docx,SMQ BIBLES\NSMQ 2014\CHEMISTRY\CONTEST 47.docx,False
c610a2e86308d3bf6968a4f88daeaae6ec10016bf5152bf9d60ea71992c97333,3,CONTEST 48.docx,.docx,SMQ BIBLES\NSMQ 2014\CONTEST 48.docx,True
c610a2e86308d3bf6968a4f88daeaae6ec10016bf5152bf9d60ea71992c97333,3,Copy of CONTEST 48.docx,.docx,SMQ BIBLES\NSMQ 2014 Questions\Copy of CONTEST 48.docx,False
c610a2e86308d3bf6968a4f88daeaae6ec10016bf5152bf9d60ea71992c97333,3,CONTEST 48.docx,.docx,SMQ BIBLES\NSMQ 2014\CHEMISTRY\CONTEST 48.docx,False
accb87c01424a1f1b2fd2e1eb53321308c25a4c65a5d31f8a96252517bd67d51,3,CONTEST 49.docx,.docx,SMQ BIBLES\NSMQ 2014\CONTEST 49.docx,True
accb87c01424a1f1b2fd2e1eb53321308c25a4c65a5d31f8a96252517bd67d51,3,Copy of CONTEST 49.docx,.docx,SMQ BIBLES\NSMQ 2014 Questions\Copy of CONTEST 49.docx,False
accb87c01424a1f1b2fd2e1eb53321308c25a4c65a5d31f8a96252517bd67d51,3,CONTEST 49.docx,.docx,SMQ BIBLES\NSMQ 2014\CHEMISTRY\CONTEST 49.docx,False
e9133c22e3411d08812ae4eea020e39b8b39a54f966a56182e20760ac1f63096,3,CONTEST 50.docx,.docx,SMQ BIBLES\NSMQ 2014\CONTEST 50.docx,True
e9133c22e3411d08812ae4eea020e39b8b39a54f966a56182e20760ac1f63096,3,Copy of CONTEST 50.docx,.docx,SMQ BIBLES\NSMQ 2014 Questions\Copy of CONTEST 50.docx,False
e9133c22e3411d08812ae4eea020e39b8b39a54f966a56182e20760ac1f63096,3,CONTEST 50.docx,.docx,SMQ BIBLES\NSMQ 2014\CHEMISTRY\CONTEST 50.docx,False
74066e19035779ffd2e3191d327fa0c3cae8ec9e525bc02d1f5d46a0c3587d9d,3,CONTEST 51.docx,.docx,SMQ BIBLES\NSMQ 2014\CONTEST 51.docx,True
74066e19035779ffd2e3191d327fa0c3cae8ec9e525bc02d1f5d46a0c3587d9d,3,Copy of CONTEST 51.docx,.docx,SMQ BIBLES\NSMQ 2014 Questions\Copy of CONTEST 51.docx,False
74066e19035779ffd2e3191d327fa0c3cae8ec9e525bc02d1f5d46a0c3587d9d,3,CONTEST 51.docx,.docx,SMQ BIBLES\NSMQ 2014\CHEMISTRY\CONTEST 51.docx,False
4e197bfc96689e2c5f4dcec22ef7efa55f3449708c15c342b4820b98935166c3,3,CONTEST 52.docx,.docx,SMQ BIBLES\NSMQ 2014\CONTEST 52.docx,True
4e197bfc96689e2c5f4dcec22ef7efa55f3449708c15c342b4820b98935166c3,3,Copy of CONTEST 52.docx,.docx,SMQ BIBLES\NSMQ 2014 Questions\Copy of CONTEST 52.docx,False
4e197bfc96689e2c5f4dcec22ef7efa55f3449708c15c342b4820b98935166c3,3,CONTEST 52.docx,.docx,SMQ BIBLES\NSMQ 2014\CHEMISTRY\CONTEST 52.docx,False
0903cdc11cb5e8f4fe304430e60631c2dccdc02a0481e81d962f5b7886fb8370,3,CONTEST 53.docx,.docx,SMQ BIBLES\NSMQ 2014\CONTEST 53.docx,True
0903cdc11cb5e8f4fe304430e60631c2dccdc02a0481e81d962f5b7886fb8370,3,Copy of CONTEST 53.docx,.docx,SMQ BIBLES\NSMQ 2014 Questions\Copy of CONTEST 53.docx,False
0903cdc11cb5e8f4fe304430e60631c2dccdc02a0481e81d962f5b7886fb8370,3,CONTEST 53.docx,.docx,SMQ BIBLES\NSMQ 2014\CHEMISTRY\CONTEST 53.docx,False
1a4f400e8c8590f12e473c65d1009f3ccffcabf6226c52eb896c5ca42df07fa8,3,CONTEST 54.docx,.docx,SMQ BIBLES\NSMQ 2014\CONTEST 54.docx,True
1a4f400e8c8590f12e473c65d1009f3ccffcabf6226c52eb896c5ca42df07fa8,3,Copy of CONTEST 54.docx,.docx,SMQ BIBLES\NSMQ 2014 Questions\Copy of CONTEST 54.docx,False
1a4f400e8c8590f12e473c65d1009f3ccffcabf6226c52eb896c5ca42df07fa8,3,CONTEST 54.docx,.docx,SMQ BIBLES\NSMQ 2014\CHEMISTRY\CONTEST 54.docx,False
d3d7b31212fbe4fb333847184833e6f5760b6620f61ac12140fbf166084bad06,3,CONTEST 55.docx,.docx,SMQ BIBLES\NSMQ 2014\CONTEST 55.docx,True
d3d7b31212fbe4fb333847184833e6f5760b6620f61ac12140fbf166084bad06,3,Copy of CONTEST 55.docx,.docx,SMQ BIBLES\NSMQ 2014 Questions\Copy of CONTEST 55.docx,False
d3d7b31212fbe4fb333847184833e6f5760b6620f61ac12140fbf166084bad06,3,CONTEST 55.docx,.docx,SMQ BIBLES\NSMQ 2014\CHEMISTRY\CONTEST 55.docx,False
b7d566c178dac0c218c57cab90f888cbb0f40a4bd718e32ac18abef65bd996de,3,CONTEST 56.docx,.docx,SMQ BIBLES\NSMQ 2014\CONTEST 56.docx,True
b7d566c178dac0c218c57cab90f888cbb0f40a4bd718e32ac18abef65bd996de,3,Copy of CONTEST 56.docx,.docx,SMQ BIBLES\NSMQ 2014 Questions\Copy of CONTEST 56.docx,False
b7d566c178dac0c218c57cab90f888cbb0f40a4bd718e32ac18abef65bd996de,3,CONTEST 56.docx,.docx,SMQ BIBLES\NSMQ 2014\CHEMISTRY\CONTEST 56.docx,False
a916e27a475e1eed1fb95426731b0c6b584db1add7f9ba94bea5b1c652ce4eb2,3,CONTEST 57.docx,.docx,SMQ BIBLES\NSMQ 2014\CONTEST 57.docx,True
a916e27a475e1eed1fb95426731b0c6b584db1add7f9ba94bea5b1c652ce4eb2,3,Copy of CONTEST 57.docx,.docx,SMQ BIBLES\NSMQ 2014 Questions\Copy of CONTEST 57.docx,False
a916e27a475e1eed1fb95426731b0c6b584db1add7f9ba94bea5b1c652ce4eb2,3,CONTEST 57.docx,.docx,SMQ BIBLES\NSMQ 2014\CHEMISTRY\CONTEST 57.docx,False
a6928ca4845a658a4b3b687e349a1c49578d4d66f6f195f28dded185607b1e9d,3,CONTEST 58.docx,.docx,SMQ BIBLES\NSMQ 2014\CONTEST 58.docx,True
a6928ca4845a658a4b3b687e349a1c49578d4d66f6f195f28dded185607b1e9d,3,Copy of CONTEST 58.docx,.docx,SMQ BIBLES\NSMQ 2014 Questions\Copy of CONTEST 58.docx,False
a6928ca4845a658a4b3b687e349a1c49578d4d66f6f195f28dded185607b1e9d,3,CONTEST 58.docx,.docx,SMQ BIBLES\NSMQ 2014\CHEMISTRY\CONTEST 58.docx,False
aef878d042b4ae57623729cc478df235e1c07106e1150ace19cf0aeace0406a2,3,CONTEST 59.docx,.docx,SMQ BIBLES\NSMQ 2014\CONTEST 59.docx,True
aef878d042b4ae57623729cc478df235e1c07106e1150ace19cf0aeace0406a2,3,Copy of CONTEST 59.docx,.docx,SMQ BIBLES\NSMQ 2014 Questions\Copy of CONTEST 59.docx,False
aef878d042b4ae57623729cc478df235e1c07106e1150ace19cf0aeace0406a2,3,CONTEST 59.docx,.docx,SMQ BIBLES\NSMQ 2014\CHEMISTRY\CONTEST 59.docx,False
43d86f22987a3ebea2293b32279ebb47d245576f9d00fa9e1f285b47c33e4f1c,3,CONTEST 60.docx,.docx,SMQ BIBLES\NSMQ 2014\CONTEST 60.docx,True
43d86f22987a3ebea2293b32279ebb47d245576f9d00fa9e1f285b47c33e4f1c,3,Copy of CONTEST 60.docx,.docx,SMQ BIBLES\NSMQ 2014 Questions\Copy of CONTEST 60.docx,False
43d86f22987a3ebea2293b32279ebb47d245576f9d00fa9e1f285b47c33e4f1c,3,CONTEST 60.docx,.docx,SMQ BIBLES\NSMQ 2014\CHEMISTRY\CONTEST 60.docx,False
981563f989d449d4b0e66862641d1fb35eeccce43bf1fcd2465d1cce5470a9a2,3,CONTEST 61.docx,.docx,SMQ BIBLES\NSMQ 2014\CONTEST 61.docx,True
981563f989d449d4b0e66862641d1fb35eeccce43bf1fcd2465d1cce5470a9a2,3,Copy of CONTEST 61.docx,.docx,SMQ BIBLES\NSMQ 2014 Questions\Copy of CONTEST 61.docx,False
981563f989d449d4b0e66862641d1fb35eeccce43bf1fcd2465d1cce5470a9a2,3,CONTEST 61.docx,.docx,SMQ BIBLES\NSMQ 2014\CHEMISTRY\CONTEST 61.docx,False
1bd0e486309562eec9f630b7a5af7eb4cb9d5a4d4c4cc5f07d71e64aabb6ff86,3,CONTEST 62.docx,.docx,SMQ BIBLES\NSMQ 2014\CONTEST 62.docx,True
1bd0e486309562eec9f630b7a5af7eb4cb9d5a4d4c4cc5f07d71e64aabb6ff86,3,Copy of CONTEST 62.docx,.docx,SMQ BIBLES\NSMQ 2014 Questions\Copy of CONTEST 62.docx,False
1bd0e486309562eec9f630b7a5af7eb4cb9d5a4d4c4cc5f07d71e64aabb6ff86,3,CONTEST 62.docx,.docx,SMQ BIBLES\NSMQ 2014\CHEMISTRY\CONTEST 62.docx,False
032f4b000530f427892e6cdd53a5b3e8c036f58f59453b6cfa9bb1aee79a0f44,3,CONTEST 63.docx,.docx,SMQ BIBLES\NSMQ 2014\CONTEST 63.docx,True
032f4b000530f427892e6cdd53a5b3e8c036f58f59453b6cfa9bb1aee79a0f44,3,Copy of CONTEST 63.docx,.docx,SMQ BIBLES\NSMQ 2014 Questions\Copy of CONTEST 63.docx,False
032f4b000530f427892e6cdd53a5b3e8c036f58f59453b6cfa9bb1aee79a0f44,3,CONTEST 63.docx,.docx,SMQ BIBLES\NSMQ 2014\CHEMISTRY\CONTEST 63.docx,False
852585f80c7c93f9c657991711b945b4be5d6943bdd2e06f37429c8793504674,3,CONTEST 64.docx,.docx,SMQ BIBLES\NSMQ 2014\CONTEST 64.docx,True
852585f80c7c93f9c657991711b945b4be5d6943bdd2e06f37429c8793504674,3,Copy of CONTEST 64.docx,.docx,SMQ BIBLES\NSMQ 2014 Questions\Copy of CONTEST 64.docx,False
852585f80c7c93f9c657991711b945b4be5d6943bdd2e06f37429c8793504674,3,CONTEST 64.docx,.docx,SMQ BIBLES\NSMQ 2014\CHEMISTRY\CONTEST 64.docx,False
77c52378d8aa297ef9260481c368c648b941fafb7c461c81cfed2156115f279b,3,CONTEST 65.docx,.docx,SMQ BIBLES\NSMQ 2014\CONTEST 65.docx,True
77c52378d8aa297ef9260481c368c648b941fafb7c461c81cfed2156115f279b,3,Copy of CONTEST 65.docx,.docx,SMQ BIBLES\NSMQ 2014 Questions\Copy of CONTEST 65.docx,False
77c52378d8aa297ef9260481c368c648b941fafb7c461c81cfed2156115f279b,3,CONTEST 65.docx,.docx,SMQ BIBLES\NSMQ 2014\CHEMISTRY\CONTEST 65.docx,False
b7116bb8e43b20e2703d9247468e9031d5ef0e254913710c6b22d032f7a87d4f,3,CONTEST 66.docx,.docx,SMQ BIBLES\NSMQ 2014\CONTEST 66.docx,True
b7116bb8e43b20e2703d9247468e9031d5ef0e254913710c6b22d032f7a87d4f,3,Copy of CONTEST 66.docx,.docx,SMQ BIBLES\NSMQ 2014 Questions\Copy of CONTEST 66.docx,False
b7116bb8e43b20e2703d9247468e9031d5ef0e254913710c6b22d032f7a87d4f,3,CONTEST 66.docx,.docx,SMQ BIBLES\NSMQ 2014\CHEMISTRY\CONTEST 66.docx,False
771ec5563f9eecf034519a746a1ac76a33ce5b5eeca10683b73b31cf258033a7,3,CONTEST 67.docx,.docx,SMQ BIBLES\NSMQ 2014\CONTEST 67.docx,True
771ec5563f9eecf034519a746a1ac76a33ce5b5eeca10683b73b31cf258033a7,3,Copy of CONTEST 67.docx,.docx,SMQ BIBLES\NSMQ 2014 Questions\Copy of CONTEST 67.docx,False
771ec5563f9eecf034519a746a1ac76a33ce5b5eeca10683b73b31cf258033a7,3,CONTEST 67.docx,.docx,SMQ BIBLES\NSMQ 2014\CHEMISTRY\CONTEST 67.docx,False
7eb4c4d2e828c0705380e29c9ccc7930158e0ffc27115cd2bbe2e3e1a6c7e0fc,3,CONTEST 1.docx,.docx,SMQ BIBLES\NSMQ 2014 Questions\CONTEST 1.docx,True
7eb4c4d2e828c0705380e29c9ccc7930158e0ffc27115cd2bbe2e3e1a6c7e0fc,3,Copy of CONTEST 1.docx,.docx,SMQ BIBLES\NSMQ 2014 Questions\Copy of CONTEST 1.docx,False
7eb4c4d2e828c0705380e29c9ccc7930158e0ffc27115cd2bbe2e3e1a6c7e0fc,3,CONTEST 1.docx,.docx,SMQ BIBLES\NSMQ 2014\CHEMISTRY\Chemistry Questions\Quiz 2014 Nat Prelim\CONTEST 1.docx,False
30d4d26a29b89d438e721856878d65cbea930317199c30f0a24a421b3012b87c,3,CONTEST 11 (2).doc,.doc,SMQ BIBLES\NSMQ 2014 Questions\CONTEST 11 (2).doc,False
30d4d26a29b89d438e721856878d65cbea930317199c30f0a24a421b3012b87c,3,Copy of CONTEST 11 (2).doc,.doc,SMQ BIBLES\NSMQ 2014 Questions\Copy of CONTEST 11 (2).doc,False
30d4d26a29b89d438e721856878d65cbea930317199c30f0a24a421b3012b87c,3,CONTEST 11.doc,.doc,SMQ BIBLES\NSMQ QUESTIONS  - 2014\CONTEST 11.doc,True
915a481b22af174c200338c5928b5879349ee7d3fa003b832b911a7ecacb0da2,3,CONTEST 11.docx,.docx,SMQ BIBLES\NSMQ 2014 Questions\CONTEST 11.docx,True
915a481b22af174c200338c5928b5879349ee7d3fa003b832b911a7ecacb0da2,3,Copy of CONTEST 11.docx,.docx,SMQ BIBLES\NSMQ 2014 Questions\Copy of CONTEST 11.docx,False
915a481b22af174c200338c5928b5879349ee7d3fa003b832b911a7ecacb0da2,3,CONTEST 11.docx,.docx,SMQ BIBLES\NSMQ 2014\CHEMISTRY\Chemistry Questions\Quiz 2014 Nat Prelim\CONTEST 11.docx,False
914edc06988e78f8833098e7aa360af685fb0edf5cfa3351af5fee629eaab047,3,CONTEST 2.docx,.docx,SMQ BIBLES\NSMQ 2014 Questions\CONTEST 2.docx,True
914edc06988e78f8833098e7aa360af685fb0edf5cfa3351af5fee629eaab047,3,Copy of CONTEST 2.docx,.docx,SMQ BIBLES\NSMQ 2014 Questions\Copy of CONTEST 2.docx,False
914edc06988e78f8833098e7aa360af685fb0edf5cfa3351af5fee629eaab047,3,CONTEST 2.docx,.docx,SMQ BIBLES\NSMQ 2014\CHEMISTRY\Chemistry Questions\Quiz 2014 Nat Prelim\CONTEST 2.docx,False
7e87f1f4d83001ef4b6254886593c037b211fdee15afc0289cb7a2283492a392,3,CONTEST 4.docx,.docx,SMQ BIBLES\NSMQ 2014 Questions\CONTEST 4.docx,True
7e87f1f4d83001ef4b6254886593c037b211fdee15afc0289cb7a2283492a392,3,Copy of CONTEST 4.docx,.docx,SMQ BIBLES\NSMQ 2014 Questions\Copy of CONTEST 4.docx,False
7e87f1f4d83001ef4b6254886593c037b211fdee15afc0289cb7a2283492a392,3,CONTEST 4.docx,.docx,SMQ BIBLES\NSMQ 2014\CHEMISTRY\Chemistry Questions\Quiz 2014 Nat Prelim\CONTEST 4.docx,False
cebb8073b599ea367eefd8b18430749fdaae12456511854f483d95611c8cd56e,3,Problem of the day.doc,.doc,SMQ BIBLES\NSMQ 2014 Questions\Problem of the day.doc,True
cebb8073b599ea367eefd8b18430749fdaae12456511854f483d95611c8cd56e,3,Problem of the day(1).doc,.doc,SMQ BIBLES\NSMQ 2014\BIOLOGY\Problem of the day(1).doc,False
cebb8073b599ea367eefd8b18430749fdaae12456511854f483d95611c8cd56e,3,Problem of the day.doc,.doc,SMQ BIBLES\NSMQ 2014\BIOLOGY\Problem of the day.doc,False
cf1177999c803bb5421d8c5cce4661b30d96a62a01bfc45a7029cb885b37fcb7,3,Round 1 - Contest 1 to 67.doc,.doc,SMQ BIBLES\NSMQ 2014 Questions\Round 1 - Contest 1 to 67.doc,True
cf1177999c803bb5421d8c5cce4661b30d96a62a01bfc45a7029cb885b37fcb7,3,Round 1 - Contest 1 to 67(1).doc,.doc,SMQ BIBLES\NSMQ 2014\BIOLOGY\Round 1 - Contest 1 to 67(1).doc,False
cf1177999c803bb5421d8c5cce4661b30d96a62a01bfc45a7029cb885b37fcb7,3,Round 1 - Contest 1 to 67.doc,.doc,SMQ BIBLES\NSMQ 2014\BIOLOGY\Round 1 - Contest 1 to 67.doc,False
e76984fafd133f221bad4c558c19110412948dd42d483b5a33ecbc737faa1e92,3,True or False - Contest 1 to  67.doc,.doc,SMQ BIBLES\NSMQ 2014 Questions\True or False - Contest 1 to  67.doc,True
e76984fafd133f221bad4c558c19110412948dd42d483b5a33ecbc737faa1e92,3,True or False - Contest 1 to 67(1).doc,.doc,SMQ BIBLES\NSMQ 2014\BIOLOGY\True or False - Contest 1 to 67(1).doc,False
e76984fafd133f221bad4c558c19110412948dd42d483b5a33ecbc737faa1e92,3,True or False - Contest 1 to 67.doc,.doc,SMQ BIBLES\NSMQ 2014\BIOLOGY\True or False - Contest 1 to 67.doc,False
b90a9d8cb1918e952ad1a77cbae82481053f25dfcf066fa0d3007c95e05b8bc6,3,Contest 1.docx,.docx,SMQ BIBLES\NSMQ 2017\Contest 1.docx,True
b90a9d8cb1918e952ad1a77cbae82481053f25dfcf066fa0d3007c95e05b8bc6,3,Contest 1.docx,.docx,SMQ BIBLES\NSMQ 2017\Chemistry Questions\Contest 1.docx,False
b90a9d8cb1918e952ad1a77cbae82481053f25dfcf066fa0d3007c95e05b8bc6,3,Contest 1.docx,.docx,SMQ BIBLES\NSMQ 2017\NSMQ  Questions\Chemistry Questions\Contest 1.docx,False
1c97d27b0617118fec9dc28fc66c3c53a27e0a60017427ce6b781ac337539652,3,Contest 10.docx,.docx,SMQ BIBLES\NSMQ 2017\Contest 10.docx,True
1c97d27b0617118fec9dc28fc66c3c53a27e0a60017427ce6b781ac337539652,3,Contest 10.docx,.docx,SMQ BIBLES\NSMQ 2017\Chemistry Questions\Contest 10.docx,False
1c97d27b0617118fec9dc28fc66c3c53a27e0a60017427ce6b781ac337539652,3,Contest 10.docx,.docx,SMQ BIBLES\NSMQ 2017\NSMQ  Questions\Chemistry Questions\Contest 10.docx,False
930dd98566c16b962e5210f9913bc81cf506ddbda6f17c137d606d501c2f57a0,3,Contest 11.docx,.docx,SMQ BIBLES\NSMQ 2017\Contest 11.docx,True
930dd98566c16b962e5210f9913bc81cf506ddbda6f17c137d606d501c2f57a0,3,Contest 11.docx,.docx,SMQ BIBLES\NSMQ 2017\Chemistry Questions\Contest 11.docx,False
930dd98566c16b962e5210f9913bc81cf506ddbda6f17c137d606d501c2f57a0,3,Contest 11.docx,.docx,SMQ BIBLES\NSMQ 2017\NSMQ  Questions\Chemistry Questions\Contest 11.docx,False
382dc4415fefc57a1be66967431cca300c739738bbce2c344d51df47441bc5df,3,Contest 12.docx,.docx,SMQ BIBLES\NSMQ 2017\Contest 12.docx,True
382dc4415fefc57a1be66967431cca300c739738bbce2c344d51df47441bc5df,3,Contest 12.docx,.docx,SMQ BIBLES\NSMQ 2017\Chemistry Questions\Contest 12.docx,False
382dc4415fefc57a1be66967431cca300c739738bbce2c344d51df47441bc5df,3,Contest 12.docx,.docx,SMQ BIBLES\NSMQ 2017\NSMQ  Questions\Chemistry Questions\Contest 12.docx,False
cfea63f7a1eba27de91e2ed0a278a4624277eff903651a4bd841bd434e8ab1fb,3,Contest 13.docx,.docx,SMQ BIBLES\NSMQ 2017\Contest 13.docx,True
cfea63f7a1eba27de91e2ed0a278a4624277eff903651a4bd841bd434e8ab1fb,3,Contest 13.docx,.docx,SMQ BIBLES\NSMQ 2017\Chemistry Questions\Contest 13.docx,False
cfea63f7a1eba27de91e2ed0a278a4624277eff903651a4bd841bd434e8ab1fb,3,Contest 13.docx,.docx,SMQ BIBLES\NSMQ 2017\NSMQ  Questions\Chemistry Questions\Contest 13.docx,False
c46274f730f666e3d0bc175263a41b228104282887f845d7c5d870c2082fbb6e,3,Contest 14.docx,.docx,SMQ BIBLES\NSMQ 2017\Contest 14.docx,True
c46274f730f666e3d0bc175263a41b228104282887f845d7c5d870c2082fbb6e,3,Contest 14.docx,.docx,SMQ BIBLES\NSMQ 2017\Chemistry Questions\Contest 14.docx,False
c46274f730f666e3d0bc175263a41b228104282887f845d7c5d870c2082fbb6e,3,Contest 14.docx,.docx,SMQ BIBLES\NSMQ 2017\NSMQ  Questions\Chemistry Questions\Contest 14.docx,False
71ad60c379a2b4051d3838b3c9b3695ecd15398340c4334eee40b7564ef2678d,3,Contest 15.docx,.docx,SMQ BIBLES\NSMQ 2017\Contest 15.docx,True
71ad60c379a2b4051d3838b3c9b3695ecd15398340c4334eee40b7564ef2678d,3,Contest 15.docx,.docx,SMQ BIBLES\NSMQ 2017\Chemistry Questions\Contest 15.docx,False
71ad60c379a2b4051d3838b3c9b3695ecd15398340c4334eee40b7564ef2678d,3,Contest 15.docx,.docx,SMQ BIBLES\NSMQ 2017\NSMQ  Questions\Chemistry Questions\Contest 15.docx,False
3c5a2e7aacbb1589e37d9b2cfe260306379aec64a1f8b555c6b4d2622aed7701,3,Contest 17.docx,.docx,SMQ BIBLES\NSMQ 2017\Contest 17.docx,True
3c5a2e7aacbb1589e37d9b2cfe260306379aec64a1f8b555c6b4d2622aed7701,3,Contest 17.docx,.docx,SMQ BIBLES\NSMQ 2017\Chemistry Questions\Contest 17.docx,False
3c5a2e7aacbb1589e37d9b2cfe260306379aec64a1f8b555c6b4d2622aed7701,3,Contest 17.docx,.docx,SMQ BIBLES\NSMQ 2017\NSMQ  Questions\Chemistry Questions\Contest 17.docx,False
a4849cc4429b4eef8466d089354a70e4f543cac9c514e757b7861d7d37d099f0,3,Contest 18.docx,.docx,SMQ BIBLES\NSMQ 2017\Contest 18.docx,True
a4849cc4429b4eef8466d089354a70e4f543cac9c514e757b7861d7d37d099f0,3,Contest 18.docx,.docx,SMQ BIBLES\NSMQ 2017\Chemistry Questions\Contest 18.docx,False
a4849cc4429b4eef8466d089354a70e4f543cac9c514e757b7861d7d37d099f0,3,Contest 18.docx,.docx,SMQ BIBLES\NSMQ 2017\NSMQ  Questions\Chemistry Questions\Contest 18.docx,False
11500535379e4ad2793769e6ac4cbf997b497ef5a21486d2ce852611411aeaaa,3,Contest 19.docx,.docx,SMQ BIBLES\NSMQ 2017\Contest 19.docx,True
11500535379e4ad2793769e6ac4cbf997b497ef5a21486d2ce852611411aeaaa,3,Contest 19.docx,.docx,SMQ BIBLES\NSMQ 2017\Chemistry Questions\Contest 19.docx,False
11500535379e4ad2793769e6ac4cbf997b497ef5a21486d2ce852611411aeaaa,3,Contest 19.docx,.docx,SMQ BIBLES\NSMQ 2017\NSMQ  Questions\Chemistry Questions\Contest 19.docx,False
62ed5aeb2387006afa10a00b193e0f52d45c7d81c4ab81cc32d9c6e9597c0bff,3,Contest 2.docx,.docx,SMQ BIBLES\NSMQ 2017\Contest 2.docx,True
62ed5aeb2387006afa10a00b193e0f52d45c7d81c4ab81cc32d9c6e9597c0bff,3,Contest 2.docx,.docx,SMQ BIBLES\NSMQ 2017\Chemistry Questions\Contest 2.docx,False
62ed5aeb2387006afa10a00b193e0f52d45c7d81c4ab81cc32d9c6e9597c0bff,3,Contest 2.docx,.docx,SMQ BIBLES\NSMQ 2017\NSMQ  Questions\Chemistry Questions\Contest 2.docx,False
e74dbf17b47eb451c9043c96622c6da35b23f734290dc5f5a1101e28a5d84f09,3,Contest 20.docx,.docx,SMQ BIBLES\NSMQ 2017\Contest 20.docx,True
e74dbf17b47eb451c9043c96622c6da35b23f734290dc5f5a1101e28a5d84f09,3,Contest 20.docx,.docx,SMQ BIBLES\NSMQ 2017\Chemistry Questions\Contest 20.docx,False
e74dbf17b47eb451c9043c96622c6da35b23f734290dc5f5a1101e28a5d84f09,3,Contest 20.docx,.docx,SMQ BIBLES\NSMQ 2017\NSMQ  Questions\Chemistry Questions\Contest 20.docx,False
3e2729d498500493a2fb58c51254ba42c4dbce0ce2d0a463392c8fe7dde043b9,3,Contest 21.docx,.docx,SMQ BIBLES\NSMQ 2017\Contest 21.docx,True
3e2729d498500493a2fb58c51254ba42c4dbce0ce2d0a463392c8fe7dde043b9,3,Contest 21.docx,.docx,SMQ BIBLES\NSMQ 2017\Chemistry Questions\Contest 21.docx,False
3e2729d498500493a2fb58c51254ba42c4dbce0ce2d0a463392c8fe7dde043b9,3,Contest 21.docx,.docx,SMQ BIBLES\NSMQ 2017\NSMQ  Questions\Chemistry Questions\Contest 21.docx,False
f1ab2f4e987d675cc194576949ba94a7e1429c76d6f7459c4de6883fd963e0aa,3,Contest 23.docx,.docx,SMQ BIBLES\NSMQ 2017\Contest 23.docx,True
f1ab2f4e987d675cc194576949ba94a7e1429c76d6f7459c4de6883fd963e0aa,3,Contest 23.docx,.docx,SMQ BIBLES\NSMQ 2017\Chemistry Questions\Contest 23.docx,False
f1ab2f4e987d675cc194576949ba94a7e1429c76d6f7459c4de6883fd963e0aa,3,Contest 23.docx,.docx,SMQ BIBLES\NSMQ 2017\NSMQ  Questions\Chemistry Questions\Contest 23.docx,False
e3321ff74cea5a970f650a202777526b722f2673869d1177e1f269620867ae6b,3,Contest 24.docx,.docx,SMQ BIBLES\NSMQ 2017\Contest 24.docx,True
e3321ff74cea5a970f650a202777526b722f2673869d1177e1f269620867ae6b,3,Contest 24.docx,.docx,SMQ BIBLES\NSMQ 2017\Chemistry Questions\Contest 24.docx,False
e3321ff74cea5a970f650a202777526b722f2673869d1177e1f269620867ae6b,3,Contest 24.docx,.docx,SMQ BIBLES\NSMQ 2017\NSMQ  Questions\Chemistry Questions\Contest 24.docx,False
a4d89be84c60656217a96eaa43d49076897cf25d1d4d30026d275513e83cca17,3,Contest 25.docx,.docx,SMQ BIBLES\NSMQ 2017\Contest 25.docx,True
a4d89be84c60656217a96eaa43d49076897cf25d1d4d30026d275513e83cca17,3,Contest 25.docx,.docx,SMQ BIBLES\NSMQ 2017\Chemistry Questions\Contest 25.docx,False
a4d89be84c60656217a96eaa43d49076897cf25d1d4d30026d275513e83cca17,3,Contest 25.docx,.docx,SMQ BIBLES\NSMQ 2017\NSMQ  Questions\Chemistry Questions\Contest 25.docx,False
ff910e954f5661b790c8804a28d76ee3772b090ce5686144fc91448af18bcfb1,3,Contest 26.docx,.docx,SMQ BIBLES\NSMQ 2017\Contest 26.docx,True
ff910e954f5661b790c8804a28d76ee3772b090ce5686144fc91448af18bcfb1,3,Contest 26.docx,.docx,SMQ BIBLES\NSMQ 2017\Chemistry Questions\Contest 26.docx,False
ff910e954f5661b790c8804a28d76ee3772b090ce5686144fc91448af18bcfb1,3,Contest 26.docx,.docx,SMQ BIBLES\NSMQ 2017\NSMQ  Questions\Chemistry Questions\Contest 26.docx,False
3d4319c03990421990ec3514e4317bf256d40e6d21b1fd14b399e8dd49ecbf15,3,Contest 27.docx,.docx,SMQ BIBLES\NSMQ 2017\Contest 27.docx,True
3d4319c03990421990ec3514e4317bf256d40e6d21b1fd14b399e8dd49ecbf15,3,Contest 27.docx,.docx,SMQ BIBLES\NSMQ 2017\Chemistry Questions\Contest 27.docx,False
3d4319c03990421990ec3514e4317bf256d40e6d21b1fd14b399e8dd49ecbf15,3,Contest 27.docx,.docx,SMQ BIBLES\NSMQ 2017\NSMQ  Questions\Chemistry Questions\Contest 27.docx,False
18252a205b091b4367107e0de7bab7f22b3ebc9821bbc682f494f35eeb6359ac,3,Contest 28.docx,.docx,SMQ BIBLES\NSMQ 2017\Contest 28.docx,True
18252a205b091b4367107e0de7bab7f22b3ebc9821bbc682f494f35eeb6359ac,3,Contest 28.docx,.docx,SMQ BIBLES\NSMQ 2017\Chemistry Questions\Contest 28.docx,False
18252a205b091b4367107e0de7bab7f22b3ebc9821bbc682f494f35eeb6359ac,3,Contest 28.docx,.docx,SMQ BIBLES\NSMQ 2017\NSMQ  Questions\Chemistry Questions\Contest 28.docx,False
aa1e18b132d8d732866c3ce1b1fc3573c34126a2f4c7e0cef45aeed0cc5d3e59,3,Contest 29.docx,.docx,SMQ BIBLES\NSMQ 2017\Contest 29.docx,True
aa1e18b132d8d732866c3ce1b1fc3573c34126a2f4c7e0cef45aeed0cc5d3e59,3,Contest 29.docx,.docx,SMQ BIBLES\NSMQ 2017\Chemistry Questions\Contest 29.docx,False
aa1e18b132d8d732866c3ce1b1fc3573c34126a2f4c7e0cef45aeed0cc5d3e59,3,Contest 29.docx,.docx,SMQ BIBLES\NSMQ 2017\NSMQ  Questions\Chemistry Questions\Contest 29.docx,False
906b132ee01cc5a323a09e8c6e99e7dc16738f41de899d4f2bd5019406b6e424,3,Contest 30.docx,.docx,SMQ BIBLES\NSMQ 2017\Contest 30.docx,True
906b132ee01cc5a323a09e8c6e99e7dc16738f41de899d4f2bd5019406b6e424,3,Contest 30.docx,.docx,SMQ BIBLES\NSMQ 2017\Chemistry Questions\Contest 30.docx,False
906b132ee01cc5a323a09e8c6e99e7dc16738f41de899d4f2bd5019406b6e424,3,Contest 30.docx,.docx,SMQ BIBLES\NSMQ 2017\NSMQ  Questions\Chemistry Questions\Contest 30.docx,False
5fd18237ab1d42f3ec121843d90f76df8b342d8d0e85115b740a1ae5bb15f18f,3,Contest 32.docx,.docx,SMQ BIBLES\NSMQ 2017\Contest 32.docx,True
5fd18237ab1d42f3ec121843d90f76df8b342d8d0e85115b740a1ae5bb15f18f,3,Contest 32.docx,.docx,SMQ BIBLES\NSMQ 2017\Chemistry Questions\Contest 32.docx,False
5fd18237ab1d42f3ec121843d90f76df8b342d8d0e85115b740a1ae5bb15f18f,3,Contest 32.docx,.docx,SMQ BIBLES\NSMQ 2017\NSMQ  Questions\Chemistry Questions\Contest 32.docx,False
26933c108b7600a4c4fd3ae27dbd16eefa79ccaafa229efc938661abdb2d08cd,3,Contest 33.docx,.docx,SMQ BIBLES\NSMQ 2017\Contest 33.docx,True
26933c108b7600a4c4fd3ae27dbd16eefa79ccaafa229efc938661abdb2d08cd,3,Contest 33.docx,.docx,SMQ BIBLES\NSMQ 2017\Chemistry Questions\Contest 33.docx,False
26933c108b7600a4c4fd3ae27dbd16eefa79ccaafa229efc938661abdb2d08cd,3,Contest 33.docx,.docx,SMQ BIBLES\NSMQ 2017\NSMQ  Questions\Chemistry Questions\Contest 33.docx,False
b075dfe473d860d2541cd75ef06864bc463c37331d6dd33ab18a20e10c0818fd,3,Contest 34.docx,.docx,SMQ BIBLES\NSMQ 2017\Contest 34.docx,True
b075dfe473d860d2541cd75ef06864bc463c37331d6dd33ab18a20e10c0818fd,3,Contest 34.docx,.docx,SMQ BIBLES\NSMQ 2017\Chemistry Questions\Contest 34.docx,False
b075dfe473d860d2541cd75ef06864bc463c37331d6dd33ab18a20e10c0818fd,3,Contest 34.docx,.docx,SMQ BIBLES\NSMQ 2017\NSMQ  Questions\Chemistry Questions\Contest 34.docx,False
98a41dfaa62d35d4b470a544450f75699b7051959e18c23f34a8abaecc4ab906,3,Contest 35.docx,.docx,SMQ BIBLES\NSMQ 2017\Contest 35.docx,True
98a41dfaa62d35d4b470a544450f75699b7051959e18c23f34a8abaecc4ab906,3,Contest 35.docx,.docx,SMQ BIBLES\NSMQ 2017\Chemistry Questions\Contest 35.docx,False
98a41dfaa62d35d4b470a544450f75699b7051959e18c23f34a8abaecc4ab906,3,Contest 35.docx,.docx,SMQ BIBLES\NSMQ 2017\NSMQ  Questions\Chemistry Questions\Contest 35.docx,False
128900c17e0500854d848ee047535cd80dae73d5faccbb0d3b39d3ada67fc2d2,3,Contest 37.docx,.docx,SMQ BIBLES\NSMQ 2017\Contest 37.docx,True
128900c17e0500854d848ee047535cd80dae73d5faccbb0d3b39d3ada67fc2d2,3,Contest 37.docx,.docx,SMQ BIBLES\NSMQ 2017\Chemistry Questions\Contest 37.docx,False
128900c17e0500854d848ee047535cd80dae73d5faccbb0d3b39d3ada67fc2d2,3,Contest 37.docx,.docx,SMQ BIBLES\NSMQ 2017\NSMQ  Questions\Chemistry Questions\Contest 37.docx,False
575cb0723f9092a188d700a056da7737891ece02d58d796fcefbff0f20f90801,3,Contest 39.docx,.docx,SMQ BIBLES\NSMQ 2017\Contest 39.docx,True
575cb0723f9092a188d700a056da7737891ece02d58d796fcefbff0f20f90801,3,Contest 39.docx,.docx,SMQ BIBLES\NSMQ 2017\Chemistry Questions\Contest 39.docx,False
575cb0723f9092a188d700a056da7737891ece02d58d796fcefbff0f20f90801,3,Contest 39.docx,.docx,SMQ BIBLES\NSMQ 2017\NSMQ  Questions\Chemistry Questions\Contest 39.docx,False
f68b952096ebecfcdb37cb62cd61aff2d622781d51622a026ec8bdf24f0a1aa4,3,Contest 40.docx,.docx,SMQ BIBLES\NSMQ 2017\Contest 40.docx,True
f68b952096ebecfcdb37cb62cd61aff2d622781d51622a026ec8bdf24f0a1aa4,3,Contest 40.docx,.docx,SMQ BIBLES\NSMQ 2017\Chemistry Questions\Contest 40.docx,False
f68b952096ebecfcdb37cb62cd61aff2d622781d51622a026ec8bdf24f0a1aa4,3,Contest 40.docx,.docx,SMQ BIBLES\NSMQ 2017\NSMQ  Questions\Chemistry Questions\Contest 40.docx,False
b484838076a3094da415aed390263b2db92187c978c1bc3884a3ed4317787726,3,Contest 5.docx,.docx,SMQ BIBLES\NSMQ 2017\Contest 5.docx,True
b484838076a3094da415aed390263b2db92187c978c1bc3884a3ed4317787726,3,Contest 5.docx,.docx,SMQ BIBLES\NSMQ 2017\Chemistry Questions\Contest 5.docx,False
b484838076a3094da415aed390263b2db92187c978c1bc3884a3ed4317787726,3,Contest 5.docx,.docx,SMQ BIBLES\NSMQ 2017\NSMQ  Questions\Chemistry Questions\Contest 5.docx,False
6eca222b68b10cc666b2be49dc54d0886863a0b255667a2e33ef2e0d8773da5e,3,Contest 6.docx,.docx,SMQ BIBLES\NSMQ 2017\Contest 6.docx,True
6eca222b68b10cc666b2be49dc54d0886863a0b255667a2e33ef2e0d8773da5e,3,Contest 6.docx,.docx,SMQ BIBLES\NSMQ 2017\Chemistry Questions\Contest 6.docx,False
6eca222b68b10cc666b2be49dc54d0886863a0b255667a2e33ef2e0d8773da5e,3,Contest 6.docx,.docx,SMQ BIBLES\NSMQ 2017\NSMQ  Questions\Chemistry Questions\Contest 6.docx,False
9deb08980627e1815e258de81ce227f705b77ecad1f5cedc191408fb2853fd3b,3,Contest 7.docx,.docx,SMQ BIBLES\NSMQ 2017\Contest 7.docx,True
9deb08980627e1815e258de81ce227f705b77ecad1f5cedc191408fb2853fd3b,3,Contest 7.docx,.docx,SMQ BIBLES\NSMQ 2017\Chemistry Questions\Contest 7.docx,False
9deb08980627e1815e258de81ce227f705b77ecad1f5cedc191408fb2853fd3b,3,Contest 7.docx,.docx,SMQ BIBLES\NSMQ 2017\NSMQ  Questions\Chemistry Questions\Contest 7.docx,False
047e47179e5217a99b59f9fa6dc872c53d6722289e54320dd49859bb107a0af1,3,Contest 8.docx,.docx,SMQ BIBLES\NSMQ 2017\Contest 8.docx,True
047e47179e5217a99b59f9fa6dc872c53d6722289e54320dd49859bb107a0af1,3,Contest 8.docx,.docx,SMQ BIBLES\NSMQ 2017\Chemistry Questions\Contest 8.docx,False
047e47179e5217a99b59f9fa6dc872c53d6722289e54320dd49859bb107a0af1,3,Contest 8.docx,.docx,SMQ BIBLES\NSMQ 2017\NSMQ  Questions\Chemistry Questions\Contest 8.docx,False
19773c9dada95c1370bbfad4434ad51384fc9478d0a7c162fd063d3aeb122f7b,3,Contest 9.docx,.docx,SMQ BIBLES\NSMQ 2017\Contest 9.docx,True
19773c9dada95c1370bbfad4434ad51384fc9478d0a7c162fd063d3aeb122f7b,3,Contest 9.docx,.docx,SMQ BIBLES\NSMQ 2017\Chemistry Questions\Contest 9.docx,False
19773c9dada95c1370bbfad4434ad51384fc9478d0a7c162fd063d3aeb122f7b,3,Contest 9.docx,.docx,SMQ BIBLES\NSMQ 2017\NSMQ  Questions\Chemistry Questions\Contest 9.docx,False
9dfd54027d30ffe28ebb43ae7a2fcf3ed39dd47a72cbd3cf9d479667ea930b88,3,Problem of the day MC.docx,.docx,SMQ BIBLES\NSMQ 2017\Problem of the day MC.docx,True
9dfd54027d30ffe28ebb43ae7a2fcf3ed39dd47a72cbd3cf9d479667ea930b88,3,Problem of the day MC.docx,.docx,SMQ BIBLES\NSMQ 2017\Chemistry Questions\Problem of the day MC.docx,False
9dfd54027d30ffe28ebb43ae7a2fcf3ed39dd47a72cbd3cf9d479667ea930b88,3,Problem of the day MC.docx,.docx,SMQ BIBLES\NSMQ 2017\NSMQ  Questions\Chemistry Questions\Problem of the day MC.docx,False
e3b0c44298fc1c149afbf4c8996fb92427ae41e4649b934ca495991b7852b855,3,biology.docx,.docx,SMQ BIBLES\sampled\biology.docx,True
e3b0c44298fc1c149afbf4c8996fb92427ae41e4649b934ca495991b7852b855,3,chemistry.docx,.docx,SMQ BIBLES\sampled\chemistry.docx,False
e3b0c44298fc1c149afbf4c8996fb92427ae41e4649b934ca495991b7852b855,3,maths.docx,.docx,SMQ BIBLES\sampled\maths.docx,False
2d764c1cfcc4ae9f43be881f0a9e20f03ffa7b391f080f5d4c40f075890e3d41,3,10.docx,.docx,SMQ BIBLES\weekends\complicated questions\riddles\10.docx,True
2d764c1cfcc4ae9f43be881f0a9e20f03ffa7b391f080f5d4c40f075890e3d41,3,Round 5.docx,.docx,SMQ BIBLES\NSMQ 2009\CONTEST10 FF\Round 5.docx,False
2d764c1cfcc4ae9f43be881f0a9e20f03ffa7b391f080f5d4c40f075890e3d41,3,Round 5.docx,.docx,SMQ BIBLES\NSMQ 2009\Ready for Editing\CONTEST10\Round 5.docx,False
5e1b6f43dfb46150956635d040201400f68497eb879079b2101ffddc72ceb100,3,12.doc,.doc,SMQ BIBLES\weekends\complicated questions\riddles\12.doc,True
5e1b6f43dfb46150956635d040201400f68497eb879079b2101ffddc72ceb100,3,ROUND 5.doc,.doc,SMQ BIBLES\NSMQ 2009\CONTEST12 SAF\ROUND 5.doc,False
5e1b6f43dfb46150956635d040201400f68497eb879079b2101ffddc72ceb100,3,ROUND 5.doc,.doc,SMQ BIBLES\NSMQ 2009\Ready for Editing\CONTEST12\ROUND 5.doc,False
98442487191518aae359f8c048ad8dd2479b673b4a15924a976d5483e5a03f6f,3,14.doc,.doc,SMQ BIBLES\weekends\complicated questions\riddles\14.doc,True
98442487191518aae359f8c048ad8dd2479b673b4a15924a976d5483e5a03f6f,3,ROUND5.doc,.doc,SMQ BIBLES\NSMQ 2009\CONTEST14 FA\ROUND5.doc,False
98442487191518aae359f8c048ad8dd2479b673b4a15924a976d5483e5a03f6f,3,ROUND5.doc,.doc,SMQ BIBLES\NSMQ 2009\Ready for Editing\CONTEST14\ROUND5.doc,False
4e21049b64761e21c54eb6830dbb3c1adb78a19df7621f43f347ce307fd9b6bb,3,15.doc,.doc,SMQ BIBLES\weekends\complicated questions\riddles\15.doc,True
4e21049b64761e21c54eb6830dbb3c1adb78a19df7621f43f347ce307fd9b6bb,3,ROUND 5.doc,.doc,SMQ BIBLES\NSMQ 2009\CONTEST15 GA\ROUND 5.doc,False
4e21049b64761e21c54eb6830dbb3c1adb78a19df7621f43f347ce307fd9b6bb,3,ROUND 5.doc,.doc,SMQ BIBLES\NSMQ 2009\Ready for Editing\CONTEST15\ROUND 5.doc,False
95c40fc136a4e961b12705e355fb97c5af2f494af03a162e4fc8f5b1ea81fde4,3,16.doc,.doc,SMQ BIBLES\weekends\complicated questions\riddles\16.doc,True
95c40fc136a4e961b12705e355fb97c5af2f494af03a162e4fc8f5b1ea81fde4,3,ROUND 5.doc,.doc,SMQ BIBLES\NSMQ 2009\CONTEST16 GA\ROUND 5.doc,False
95c40fc136a4e961b12705e355fb97c5af2f494af03a162e4fc8f5b1ea81fde4,3,ROUND 5.doc,.doc,SMQ BIBLES\NSMQ 2009\Ready for Editing\CONTEST16\ROUND 5.doc,False
32b5c1aa13da0c33a88e49cbf1ae7afa1bcf7805babc7ede01a7ae713c0792e1,3,18.doc,.doc,SMQ BIBLES\weekends\complicated questions\riddles\18.doc,True
32b5c1aa13da0c33a88e49cbf1ae7afa1bcf7805babc7ede01a7ae713c0792e1,3,ROUND 5.doc,.doc,SMQ BIBLES\NSMQ 2009\CONTEST18 GA\ROUND 5.doc,False
32b5c1aa13da0c33a88e49cbf1ae7afa1bcf7805babc7ede01a7ae713c0792e1,3,ROUND 5.doc,.doc,SMQ BIBLES\NSMQ 2009\Ready for Editing\CONTEST18\ROUND 5.doc,False
85437d9d11bc933e05f0f3d82cb55f388c45b83acb1a6f4240c3afa7d903322b,3,19.doc,.doc,SMQ BIBLES\weekends\complicated questions\riddles\19.doc,True
85437d9d11bc933e05f0f3d82cb55f388c45b83acb1a6f4240c3afa7d903322b,3,ROUND 5.doc,.doc,SMQ BIBLES\NSMQ 2009\CONTEST19 FA\ROUND 5.doc,False
85437d9d11bc933e05f0f3d82cb55f388c45b83acb1a6f4240c3afa7d903322b,3,ROUND 5.doc,.doc,SMQ BIBLES\NSMQ 2009\Ready for Editing\CONTEST19\ROUND 5.doc,False
39ccd9d9e221b20fd01e2f529eaf0a7a3e60a23e1faecafb5785863cd91f10f6,3,20.doc,.doc,SMQ BIBLES\weekends\complicated questions\riddles\20.doc,True
39ccd9d9e221b20fd01e2f529eaf0a7a3e60a23e1faecafb5785863cd91f10f6,3,ROUND 5.doc,.doc,SMQ BIBLES\NSMQ 2009\CONTEST20 GA\ROUND 5.doc,False
39ccd9d9e221b20fd01e2f529eaf0a7a3e60a23e1faecafb5785863cd91f10f6,3,ROUND 5.doc,.doc,SMQ BIBLES\NSMQ 2009\Ready for Editing\CONTEST20\ROUND 5.doc,False
d31b598a7cefee18fa93e566b7079417203c9ae1a62ef9868360968305702033,3,22.docx,.docx,SMQ BIBLES\weekends\complicated questions\riddles\22.docx,True
d31b598a7cefee18fa93e566b7079417203c9ae1a62ef9868360968305702033,3,Round 5.docx,.docx,SMQ BIBLES\NSMQ 2009\CONTEST22 FF\Round 5.docx,False
d31b598a7cefee18fa93e566b7079417203c9ae1a62ef9868360968305702033,3,Round 5.docx,.docx,SMQ BIBLES\NSMQ 2009\Ready for Editing\CONTEST22\Round 5.docx,False
45b029b952a251b3518d94c383779985b08050d5d8fe6fd228529b4f214ac8c1,3,4.doc,.doc,SMQ BIBLES\weekends\complicated questions\riddles\4.doc,True
45b029b952a251b3518d94c383779985b08050d5d8fe6fd228529b4f214ac8c1,3,ROUND 5.doc,.doc,SMQ BIBLES\NSMQ 2009\CONTEST4 GA\ROUND 5.doc,False
45b029b952a251b3518d94c383779985b08050d5d8fe6fd228529b4f214ac8c1,3,ROUND 5.doc,.doc,SMQ BIBLES\NSMQ 2009\Ready for Editing\CONTEST4\ROUND 5.doc,False
b040ecdcd359050d536137401c4d4c48d43f4675a0a6df38a434105c06ed2753,3,5.doc,.doc,SMQ BIBLES\weekends\complicated questions\riddles\5.doc,True
b040ecdcd359050d536137401c4d4c48d43f4675a0a6df38a434105c06ed2753,3,ROUND 5.doc,.doc,SMQ BIBLES\NSMQ 2009\CONTEST5 GA\ROUND 5.doc,False
b040ecdcd359050d536137401c4d4c48d43f4675a0a6df38a434105c06ed2753,3,ROUND 5.doc,.doc,SMQ BIBLES\NSMQ 2009\Ready for Editing\CONTEST5\ROUND 5.doc,False
7c7f3d5f18bea723382537a7d2a3c40f9fd067218afa40da465f1359d76dea12,3,6.doc,.doc,SMQ BIBLES\weekends\complicated questions\riddles\6.doc,True
7c7f3d5f18bea723382537a7d2a3c40f9fd067218afa40da465f1359d76dea12,3,ROUND 5.doc,.doc,SMQ BIBLES\NSMQ 2009\CONTEST6 SAF\ROUND 5.doc,False
7c7f3d5f18bea723382537a7d2a3c40f9fd067218afa40da465f1359d76dea12,3,ROUND 5.doc,.doc,SMQ BIBLES\NSMQ 2009\Ready for Editing\CONTEST6\ROUND 5.doc,False
211183bb541cd669c293c71f38728ed6ff261a6138e6f3aedd70a4dd95d1cac0,3,11.doc,.doc,SMQ BIBLES\weekends\complicated questions\true or false\11.doc,True
211183bb541cd669c293c71f38728ed6ff261a6138e6f3aedd70a4dd95d1cac0,3,ROUND4.doc,.doc,SMQ BIBLES\NSMQ 2009\CONTEST11 SAF\ROUND4.doc,False
211183bb541cd669c293c71f38728ed6ff261a6138e6f3aedd70a4dd95d1cac0,3,ROUND4.doc,.doc,SMQ BIBLES\NSMQ 2009\Ready for Editing\CONTEST11\ROUND4.doc,False
78d35c4028fd7bee99dfda4c2330195ebd9ea5808389b70cdaa3bb8c978b26be,3,12.doc,.doc,SMQ BIBLES\weekends\complicated questions\true or false\12.doc,True
78d35c4028fd7bee99dfda4c2330195ebd9ea5808389b70cdaa3bb8c978b26be,3,ROUND 4.doc,.doc,SMQ BIBLES\NSMQ 2009\CONTEST12 SAF\ROUND 4.doc,False
78d35c4028fd7bee99dfda4c2330195ebd9ea5808389b70cdaa3bb8c978b26be,3,ROUND 4.doc,.doc,SMQ BIBLES\NSMQ 2009\Ready for Editing\CONTEST12\ROUND 4.doc,False
920245e14ba86f24e9f9fa72e114b693403753bedcc0489237634fabf8c758d6,3,13.doc,.doc,SMQ BIBLES\weekends\complicated questions\true or false\13.doc,True
920245e14ba86f24e9f9fa72e114b693403753bedcc0489237634fabf8c758d6,3,ROUND4.doc,.doc,SMQ BIBLES\NSMQ 2009\CONTEST13 SAF\ROUND4.doc,False
920245e14ba86f24e9f9fa72e114b693403753bedcc0489237634fabf8c758d6,3,ROUND4.doc,.doc,SMQ BIBLES\NSMQ 2009\Ready for Editing\CONTEST13\ROUND4.doc,False
90f92b585da0b5175839c1ac42c0edcf80655523b1ed62fc87932759f857a258,3,15.doc,.doc,SMQ BIBLES\weekends\complicated questions\true or false\15.doc,True
90f92b585da0b5175839c1ac42c0edcf80655523b1ed62fc87932759f857a258,3,ROUND 4.doc,.doc,SMQ BIBLES\NSMQ 2009\CONTEST15 GA\ROUND 4.doc,False
90f92b585da0b5175839c1ac42c0edcf80655523b1ed62fc87932759f857a258,3,ROUND 4.doc,.doc,SMQ BIBLES\NSMQ 2009\Ready for Editing\CONTEST15\ROUND 4.doc,False
cb35660a35648607859ef3b57e89c1a6fb1fe043ba53b01199d86eb3fd25072b,3,16.doc,.doc,SMQ BIBLES\weekends\complicated questions\true or false\16.doc,True
cb35660a35648607859ef3b57e89c1a6fb1fe043ba53b01199d86eb3fd25072b,3,ROUND 4.doc,.doc,SMQ BIBLES\NSMQ 2009\CONTEST16 GA\ROUND 4.doc,False
cb35660a35648607859ef3b57e89c1a6fb1fe043ba53b01199d86eb3fd25072b,3,ROUND 4.doc,.doc,SMQ BIBLES\NSMQ 2009\Ready for Editing\CONTEST16\ROUND 4.doc,False
94fd20095df58ce1fe36c4e71b146305ee3a25fb0f4bc89e9ef0dbfb1a036730,3,18.doc,.doc,SMQ BIBLES\weekends\complicated questions\true or false\18.doc,True
94fd20095df58ce1fe36c4e71b146305ee3a25fb0f4bc89e9ef0dbfb1a036730,3,ROUND 4.doc,.doc,SMQ BIBLES\NSMQ 2009\CONTEST18 GA\ROUND 4.doc,False
94fd20095df58ce1fe36c4e71b146305ee3a25fb0f4bc89e9ef0dbfb1a036730,3,ROUND 4.doc,.doc,SMQ BIBLES\NSMQ 2009\Ready for Editing\CONTEST18\ROUND 4.doc,False
ebb6ef1022f3ff56938835f56641808699f5208cc9a21ba7f2057cd7039f523b,3,19.doc,.doc,SMQ BIBLES\weekends\complicated questions\true or false\19.doc,True
ebb6ef1022f3ff56938835f56641808699f5208cc9a21ba7f2057cd7039f523b,3,ROUND 4.doc,.doc,SMQ BIBLES\NSMQ 2009\CONTEST19 FA\ROUND 4.doc,False
ebb6ef1022f3ff56938835f56641808699f5208cc9a21ba7f2057cd7039f523b,3,ROUND 4.doc,.doc,SMQ BIBLES\NSMQ 2009\Ready for Editing\CONTEST19\ROUND 4.doc,False
736e6e4f3aacd1026f8d20ca98b8af4e3f091d02ce132ee1da05d368356fb351,3,2.doc,.doc,SMQ BIBLES\weekends\complicated questions\true or false\2.doc,True
736e6e4f3aacd1026f8d20ca98b8af4e3f091d02ce132ee1da05d368356fb351,3,Round 4.doc,.doc,SMQ BIBLES\NSMQ 2009\CONTEST2 GA\Round 4.doc,False
736e6e4f3aacd1026f8d20ca98b8af4e3f091d02ce132ee1da05d368356fb351,3,Round 4.doc,.doc,SMQ BIBLES\NSMQ 2009\Ready for Editing\CONTEST2\Round 4.doc,False
fc25a1dae43cb952db31d0bbf5eebe0c49334360356240abf4a623d3a149c56f,3,20.doc,.doc,SMQ BIBLES\weekends\complicated questions\true or false\20.doc,True
fc25a1dae43cb952db31d0bbf5eebe0c49334360356240abf4a623d3a149c56f,3,ROUND 4.doc,.doc,SMQ BIBLES\NSMQ 2009\CONTEST20 GA\ROUND 4.doc,False
fc25a1dae43cb952db31d0bbf5eebe0c49334360356240abf4a623d3a149c56f,3,ROUND 4.doc,.doc,SMQ BIBLES\NSMQ 2009\Ready for Editing\CONTEST20\ROUND 4.doc,False
83154156bb95ad0ee4dc06b6a4b7e3911e71c6b49f62f79534fa9159ad041155,3,22.doc,.doc,SMQ BIBLES\weekends\complicated questions\true or false\22.doc,True
83154156bb95ad0ee4dc06b6a4b7e3911e71c6b49f62f79534fa9159ad041155,3,ROUND 4.doc,.doc,SMQ BIBLES\NSMQ 2009\CONTEST22\ROUND 4.doc,False
83154156bb95ad0ee4dc06b6a4b7e3911e71c6b49f62f79534fa9159ad041155,3,ROUND 4.doc,.doc,SMQ BIBLES\NSMQ 2009\Ready for Editing\CONTEST22\ROUND 4.doc,False
8f079c198b8075fbeedaa51577b03e4e1613b19c55de4c6766f9677bdd960108,3,3.doc,.doc,SMQ BIBLES\weekends\complicated questions\true or false\3.doc,True
8f079c198b8075fbeedaa51577b03e4e1613b19c55de4c6766f9677bdd960108,3,ROUND4.doc,.doc,SMQ BIBLES\NSMQ 2009\CONTEST3 GA\ROUND4.doc,False
8f079c198b8075fbeedaa51577b03e4e1613b19c55de4c6766f9677bdd960108,3,ROUND4.doc,.doc,SMQ BIBLES\NSMQ 2009\Ready for Editing\CONTEST3\ROUND4.doc,False
d28186a67d40425015290259a3c4e0f2fb7b414d16fa6a45612814bc2334dfc8,3,4.doc,.doc,SMQ BIBLES\weekends\complicated questions\true or false\4.doc,True
d28186a67d40425015290259a3c4e0f2fb7b414d16fa6a45612814bc2334dfc8,3,ROUND 4.doc,.doc,SMQ BIBLES\NSMQ 2009\CONTEST4 GA\ROUND 4.doc,False
d28186a67d40425015290259a3c4e0f2fb7b414d16fa6a45612814bc2334dfc8,3,ROUND 4.doc,.doc,SMQ BIBLES\NSMQ 2009\Ready for Editing\CONTEST4\ROUND 4.doc,False
04a5498c1cb610fbf21f3eaaea8695ffb60e6551bad3143f13486d6ac0206565,3,5.doc,.doc,SMQ BIBLES\weekends\complicated questions\true or false\5.doc,True
04a5498c1cb610fbf21f3eaaea8695ffb60e6551bad3143f13486d6ac0206565,3,ROUND 4.doc,.doc,SMQ BIBLES\NSMQ 2009\CONTEST5 GA\ROUND 4.doc,False
04a5498c1cb610fbf21f3eaaea8695ffb60e6551bad3143f13486d6ac0206565,3,ROUND 4.doc,.doc,SMQ BIBLES\NSMQ 2009\Ready for Editing\CONTEST5\ROUND 4.doc,False
799d91262b82bbbbf67eadbfe31005cc22a1241d015138fc65ff85cecba2e36f,3,6.doc,.doc,SMQ BIBLES\weekends\complicated questions\true or false\6.doc,True
799d91262b82bbbbf67eadbfe31005cc22a1241d015138fc65ff85cecba2e36f,3,ROUND 4.doc,.doc,SMQ BIBLES\NSMQ 2009\CONTEST6 SAF\ROUND 4.doc,False
799d91262b82bbbbf67eadbfe31005cc22a1241d015138fc65ff85cecba2e36f,3,ROUND 4.doc,.doc,SMQ BIBLES\NSMQ 2009\Ready for Editing\CONTEST6\ROUND 4.doc,False
2ba04ba02eff2f145eaf5ca6e3499f3a23da4ea7eb4fb23c7475459ab15fe066,3,CONTESTS 1 - 10.docx,.docx,SMQ BIBLES\NSMQ 2014\CHEMISTRY\CONTESTS 1 - 10.docx,True
2ba04ba02eff2f145eaf5ca6e3499f3a23da4ea7eb4fb23c7475459ab15fe066,3,CONTESTS 1 - 10.docx,.docx,SMQ BIBLES\NSMQ 2014\MATHEMATICS\CONTESTS 1 - 10.docx,False
2ba04ba02eff2f145eaf5ca6e3499f3a23da4ea7eb4fb23c7475459ab15fe066,3,CONTESTS 1 - 10.docx,.docx,SMQ BIBLES\NSMQ 2014\Maths\Main Questions\CONTESTS 1 - 10.docx,False
0a4328c620df7bc21f2c051a05eafef33d21e044d9d43cefe2d9e009da58e467,3,CONTESTS 38-47.docx,.docx,SMQ BIBLES\NSMQ 2014\CHEMISTRY\CONTESTS 38-47.docx,True
0a4328c620df7bc21f2c051a05eafef33d21e044d9d43cefe2d9e009da58e467,3,CONTESTS 38-47.docx,.docx,SMQ BIBLES\NSMQ 2014\MATHEMATICS\CONTESTS 38-47.docx,False
0a4328c620df7bc21f2c051a05eafef33d21e044d9d43cefe2d9e009da58e467,3,CONTESTS 38-47.docx,.docx,SMQ BIBLES\NSMQ 2014\Maths\Main Questions\CONTESTS 38-47.docx,False
42358b41736d8c6d090c7873f46e51690c291959f44546bb847c6dce1997fea6,3,CONTESTS 48-57.docx,.docx,SMQ BIBLES\NSMQ 2014\CHEMISTRY\CONTESTS 48-57.docx,True
42358b41736d8c6d090c7873f46e51690c291959f44546bb847c6dce1997fea6,3,CONTESTS 48-57.docx,.docx,SMQ BIBLES\NSMQ 2014\MATHEMATICS\CONTESTS 48-57.docx,False
42358b41736d8c6d090c7873f46e51690c291959f44546bb847c6dce1997fea6,3,CONTESTS 48-57.docx,.docx,SMQ BIBLES\NSMQ 2014\Maths\Main Questions\CONTESTS 48-57.docx,False
a06204b309e2b8cf37c7d34a6c22927099274a110b114e812d9cdac7b2d3918e,3,PROBLEM OF THE DAY.doc,.doc,SMQ BIBLES\NSMQ 2009\CONTEST11\PROBLEM OF THE DAY.doc,True
a06204b309e2b8cf37c7d34a6c22927099274a110b114e812d9cdac7b2d3918e,3,PROBLEM OF THE DAY.doc,.doc,SMQ BIBLES\NSMQ 2009\CONTEST11 SAF\PROBLEM OF THE DAY.doc,False
a06204b309e2b8cf37c7d34a6c22927099274a110b114e812d9cdac7b2d3918e,3,PROBLEM OF THE DAY.doc,.doc,SMQ BIBLES\NSMQ 2009\Ready for Editing\CONTEST11\PROBLEM OF THE DAY.doc,False
990caa7bb0c3b9da232441d0563add73811485bddfa9b3cc3864189cb8c08b55,3,ROUND1.doc,.doc,SMQ BIBLES\NSMQ 2009\CONTEST11\ROUND1.doc,True
990caa7bb0c3b9da232441d0563add73811485bddfa9b3cc3864189cb8c08b55,3,ROUND1.doc,.doc,SMQ BIBLES\NSMQ 2009\CONTEST11 SAF\ROUND1.doc,False
990caa7bb0c3b9da232441d0563add73811485bddfa9b3cc3864189cb8c08b55,3,ROUND1.doc,.doc,SMQ BIBLES\NSMQ 2009\Ready for Editing\CONTEST11\ROUND1.doc,False
263276522949e26330e9e96088e8396cac58a92033fd8ff3aa880844c1af28af,3,ROUND2.doc,.doc,SMQ BIBLES\NSMQ 2009\CONTEST11\ROUND2.doc,True
263276522949e26330e9e96088e8396cac58a92033fd8ff3aa880844c1af28af,3,ROUND2.doc,.doc,SMQ BIBLES\NSMQ 2009\CONTEST11 SAF\ROUND2.doc,False
263276522949e26330e9e96088e8396cac58a92033fd8ff3aa880844c1af28af,3,ROUND2.doc,.doc,SMQ BIBLES\NSMQ 2009\Ready for Editing\CONTEST11\ROUND2.doc,False
1c752737edad3e24e5b891ae4221d163666f949c4b3db6ffd111295b7f188c43,3,PROBLEM OF THE DAY.doc,.doc,SMQ BIBLES\NSMQ 2009\CONTEST12\PROBLEM OF THE DAY.doc,True
1c752737edad3e24e5b891ae4221d163666f949c4b3db6ffd111295b7f188c43,3,PROBLEM OF THE DAY.doc,.doc,SMQ BIBLES\NSMQ 2009\CONTEST12 SAF\PROBLEM OF THE DAY.doc,False
1c752737edad3e24e5b891ae4221d163666f949c4b3db6ffd111295b7f188c43,3,PROBLEM OF THE DAY.doc,.doc,SMQ BIBLES\NSMQ 2009\Ready for Editing\CONTEST12\PROBLEM OF THE DAY.doc,False
1204ea64e560f48cea15c18fc7694f48730d4b7c2076508a187e945057620d36,3,ROUND1.doc,.doc,SMQ BIBLES\NSMQ 2009\CONTEST12\ROUND1.doc,True
1204ea64e560f48cea15c18fc7694f48730d4b7c2076508a187e945057620d36,3,ROUND1.doc,.doc,SMQ BIBLES\NSMQ 2009\CONTEST12 SAF\ROUND1.doc,False
1204ea64e560f48cea15c18fc7694f48730d4b7c2076508a187e945057620d36,3,ROUND1.doc,.doc,SMQ BIBLES\NSMQ 2009\Ready for Editing\CONTEST12\ROUND1.doc,False
3379537c1501276a122f77d9ea91a477d71c64de8db87e7e62f81d761d61718f,3,PROBLEM OF THE DAY.doc,.doc,SMQ BIBLES\NSMQ 2009\CONTEST13\PROBLEM OF THE DAY.doc,True
3379537c1501276a122f77d9ea91a477d71c64de8db87e7e62f81d761d61718f,3,PROBLEM OF THE DAY.doc,.doc,SMQ BIBLES\NSMQ 2009\CONTEST13 SAF\PROBLEM OF THE DAY.doc,False
3379537c1501276a122f77d9ea91a477d71c64de8db87e7e62f81d761d61718f,3,PROBLEM OF THE DAY.doc,.doc,SMQ BIBLES\NSMQ 2009\Ready for Editing\CONTEST13\PROBLEM OF THE DAY.doc,False
0180ff90161c68d45b1e634034e45fb006a1c84384a44d161a8db9dea92a49d9,3,ROUND1.doc,.doc,SMQ BIBLES\NSMQ 2009\CONTEST13\ROUND1.doc,True
0180ff90161c68d45b1e634034e45fb006a1c84384a44d161a8db9dea92a49d9,3,ROUND1.doc,.doc,SMQ BIBLES\NSMQ 2009\CONTEST13 SAF\ROUND1.doc,False
0180ff90161c68d45b1e634034e45fb006a1c84384a44d161a8db9dea92a49d9,3,ROUND1.doc,.doc,SMQ BIBLES\NSMQ 2009\Ready for Editing\CONTEST13\ROUND1.doc,False
255f9738e18ae5a07631ecca810d8f2bf308d11b26407fd0f5e2d5c994db8b34,3,ROUND2.doc,.doc,SMQ BIBLES\NSMQ 2009\CONTEST13\ROUND2.doc,True
255f9738e18ae5a07631ecca810d8f2bf308d11b26407fd0f5e2d5c994db8b34,3,ROUND2.doc,.doc,SMQ BIBLES\NSMQ 2009\CONTEST13 SAF\ROUND2.doc,False
255f9738e18ae5a07631ecca810d8f2bf308d11b26407fd0f5e2d5c994db8b34,3,ROUND2.doc,.doc,SMQ BIBLES\NSMQ 2009\Ready for Editing\CONTEST13\ROUND2.doc,False
bdc2021349ddcaed66c4084824bdf2d4e07ebb80429ae2cc20c7a276aeb8020d,3,PROBLEM OF THE DAY.doc,.doc,SMQ BIBLES\NSMQ 2009\CONTEST14\PROBLEM OF THE DAY.doc,True
bdc2021349ddcaed66c4084824bdf2d4e07ebb80429ae2cc20c7a276aeb8020d,3,PROBLEM OF THE DAY.doc,.doc,SMQ BIBLES\NSMQ 2009\CONTEST14 FA\PROBLEM OF THE DAY.doc,False
bdc2021349ddcaed66c4084824bdf2d4e07ebb80429ae2cc20c7a276aeb8020d,3,PROBLEM OF THE DAY.doc,.doc,SMQ BIBLES\NSMQ 2009\Ready for Editing\CONTEST14\PROBLEM OF THE DAY.doc,False
73350de0fdf633dbcd84d0a0b3d05c43e85c06a93209f639754c373d875789a2,3,ROUND1.doc,.doc,SMQ BIBLES\NSMQ 2009\CONTEST14\ROUND1.doc,True
73350de0fdf633dbcd84d0a0b3d05c43e85c06a93209f639754c373d875789a2,3,ROUND1.doc,.doc,SMQ BIBLES\NSMQ 2009\CONTEST14 FA\ROUND1.doc,False
73350de0fdf633dbcd84d0a0b3d05c43e85c06a93209f639754c373d875789a2,3,ROUND1.doc,.doc,SMQ BIBLES\NSMQ 2009\Ready for Editing\CONTEST14\ROUND1.doc,False
4096b58b08faba4bca4d0eb851689178cb8f8e05ff98ca2b34bced15d2ee3190,3,ROUND2.doc,.doc,SMQ BIBLES\NSMQ 2009\CONTEST14\ROUND2.doc,True
4096b58b08faba4bca4d0eb851689178cb8f8e05ff98ca2b34bced15d2ee3190,3,ROUND2.doc,.doc,SMQ BIBLES\NSMQ 2009\CONTEST14 FA\ROUND2.doc,False
4096b58b08faba4bca4d0eb851689178cb8f8e05ff98ca2b34bced15d2ee3190,3,ROUND2.doc,.doc,SMQ BIBLES\NSMQ 2009\Ready for Editing\CONTEST14\ROUND2.doc,False
f5d0f58fc9a5887fe0479dde405314cffe8f0a94ccd6e4c007af937af6046479,3,problem of the day.doc,.doc,SMQ BIBLES\NSMQ 2009\CONTEST15\problem of the day.doc,True
f5d0f58fc9a5887fe0479dde405314cffe8f0a94ccd6e4c007af937af6046479,3,problem of the day.doc,.doc,SMQ BIBLES\NSMQ 2009\CONTEST15 GA\problem of the day.doc,False
f5d0f58fc9a5887fe0479dde405314cffe8f0a94ccd6e4c007af937af6046479,3,problem of the day.doc,.doc,SMQ BIBLES\NSMQ 2009\Ready for Editing\CONTEST15\problem of the day.doc,False
9fccc42b22c2036c3f10c6a31d2789e4bff64101d7e56e37a5f5c70d1ed0dfff,3,ROUND 1.doc,.doc,SMQ BIBLES\NSMQ 2009\CONTEST15\ROUND 1.doc,True
9fccc42b22c2036c3f10c6a31d2789e4bff64101d7e56e37a5f5c70d1ed0dfff,3,ROUND 1.doc,.doc,SMQ BIBLES\NSMQ 2009\CONTEST15 GA\ROUND 1.doc,False
9fccc42b22c2036c3f10c6a31d2789e4bff64101d7e56e37a5f5c70d1ed0dfff,3,ROUND 1.doc,.doc,SMQ BIBLES\NSMQ 2009\Ready for Editing\CONTEST15\ROUND 1.doc,False
db7704bb3e3ef464e3fe2d078ab75fe9dd5aae288225a21de9072fac8a7db200,3,ROUND 2.doc,.doc,SMQ BIBLES\NSMQ 2009\CONTEST15\ROUND 2.doc,True
db7704bb3e3ef464e3fe2d078ab75fe9dd5aae288225a21de9072fac8a7db200,3,ROUND 2.doc,.doc,SMQ BIBLES\NSMQ 2009\CONTEST15 GA\ROUND 2.doc,False
db7704bb3e3ef464e3fe2d078ab75fe9dd5aae288225a21de9072fac8a7db200,3,ROUND 2.doc,.doc,SMQ BIBLES\NSMQ 2009\Ready for Editing\CONTEST15\ROUND 2.doc,False
d82bab4bbe2fc12f0426191ff146235ad9c63e29315e95463482f703bbc628fd,3,PROBLEM OF THE DAY.doc,.doc,SMQ BIBLES\NSMQ 2009\CONTEST16\PROBLEM OF THE DAY.doc,True
d82bab4bbe2fc12f0426191ff146235ad9c63e29315e95463482f703bbc628fd,3,PROBLEM OF THE DAY.doc,.doc,SMQ BIBLES\NSMQ 2009\CONTEST16 GA\PROBLEM OF THE DAY.doc,False
d82bab4bbe2fc12f0426191ff146235ad9c63e29315e95463482f703bbc628fd,3,PROBLEM OF THE DAY.doc,.doc,SMQ BIBLES\NSMQ 2009\Ready for Editing\CONTEST16\PROBLEM OF THE DAY.doc,False
bf097da2622f58b46ec0eb4c86ade33dc208321af26d54d0f4d8f4943ea54116,3,ROUND 1.doc,.doc,SMQ BIBLES\NSMQ 2009\CONTEST16\ROUND 1.doc,True
bf097da2622f58b46ec0eb4c86ade33dc208321af26d54d0f4d8f4943ea54116,3,ROUND 1.doc,.doc,SMQ BIBLES\NSMQ 2009\CONTEST16 GA\ROUND 1.doc,False
bf097da2622f58b46ec0eb4c86ade33dc208321af26d54d0f4d8f4943ea54116,3,ROUND 1.doc,.doc,SMQ BIBLES\NSMQ 2009\Ready for Editing\CONTEST16\ROUND 1.doc,False
220560ff108e222ff52f83e0897b0c4d572d6a2d43b3d239b52972f1df7f2744,3,ROUND 2.doc,.doc,SMQ BIBLES\NSMQ 2009\CONTEST16\ROUND 2.doc,True
220560ff108e222ff52f83e0897b0c4d572d6a2d43b3d239b52972f1df7f2744,3,ROUND 2.doc,.doc,SMQ BIBLES\NSMQ 2009\CONTEST16 GA\ROUND 2.doc,False
220560ff108e222ff52f83e0897b0c4d572d6a2d43b3d239b52972f1df7f2744,3,ROUND 2.doc,.doc,SMQ BIBLES\NSMQ 2009\Ready for Editing\CONTEST16\ROUND 2.doc,False
fd689c719543bac9abc134bb245c7a0762500cd6cd8f2ec6f2a8dc78083aedbf,3,PROBLEM OF THE DAY.doc,.doc,SMQ BIBLES\NSMQ 2009\CONTEST18\PROBLEM OF THE DAY.doc,True
fd689c719543bac9abc134bb245c7a0762500cd6cd8f2ec6f2a8dc78083aedbf,3,PROBLEM OF THE DAY.doc,.doc,SMQ BIBLES\NSMQ 2009\CONTEST18 GA\PROBLEM OF THE DAY.doc,False
fd689c719543bac9abc134bb245c7a0762500cd6cd8f2ec6f2a8dc78083aedbf,3,PROBLEM OF THE DAY.doc,.doc,SMQ BIBLES\NSMQ 2009\Ready for Editing\CONTEST18\PROBLEM OF THE DAY.doc,False
9cff1bb4fb00a07d75b6bdd6005dd9456935fa7f1ae3498161d5b13d6cf53a37,3,ROUND 1.doc,.doc,SMQ BIBLES\NSMQ 2009\CONTEST18\ROUND 1.doc,True
9cff1bb4fb00a07d75b6bdd6005dd9456935fa7f1ae3498161d5b13d6cf53a37,3,ROUND 1.doc,.doc,SMQ BIBLES\NSMQ 2009\CONTEST18 GA\ROUND 1.doc,False
9cff1bb4fb00a07d75b6bdd6005dd9456935fa7f1ae3498161d5b13d6cf53a37,3,ROUND 1.doc,.doc,SMQ BIBLES\NSMQ 2009\Ready for Editing\CONTEST18\ROUND 1.doc,False
818f26ec3d29620b80d158d54b6f3f416959c778adf5b63564df54355ec27ee8,3,ROUND 2.doc,.doc,SMQ BIBLES\NSMQ 2009\CONTEST18\ROUND 2.doc,True
818f26ec3d29620b80d158d54b6f3f416959c778adf5b63564df54355ec27ee8,3,ROUND 2.doc,.doc,SMQ BIBLES\NSMQ 2009\CONTEST18 GA\ROUND 2.doc,False
818f26ec3d29620b80d158d54b6f3f416959c778adf5b63564df54355ec27ee8,3,ROUND 2.doc,.doc,SMQ BIBLES\NSMQ 2009\Ready for Editing\CONTEST18\ROUND 2.doc,False
02846168404d1af86b11d389574ee68528c35d0f11d2ab7ec5e1f7d21f8404ab,3,PROBLEM OF THE DAY.doc,.doc,SMQ BIBLES\NSMQ 2009\CONTEST19\PROBLEM OF THE DAY.doc,True
02846168404d1af86b11d389574ee68528c35d0f11d2ab7ec5e1f7d21f8404ab,3,PROBLEM OF THE DAY.doc,.doc,SMQ BIBLES\NSMQ 2009\CONTEST19 FA\PROBLEM OF THE DAY.doc,False
02846168404d1af86b11d389574ee68528c35d0f11d2ab7ec5e1f7d21f8404ab,3,PROBLEM OF THE DAY.doc,.doc,SMQ BIBLES\NSMQ 2009\Ready for Editing\CONTEST19\PROBLEM OF THE DAY.doc,False
02df3d00c1cb56158a9ba0380cfd3bda4a637044a89640a6807aa4a5418bca65,3,ROUND 1.doc,.doc,SMQ BIBLES\NSMQ 2009\CONTEST19\ROUND 1.doc,True
02df3d00c1cb56158a9ba0380cfd3bda4a637044a89640a6807aa4a5418bca65,3,ROUND 1.doc,.doc,SMQ BIBLES\NSMQ 2009\CONTEST19 FA\ROUND 1.doc,False
02df3d00c1cb56158a9ba0380cfd3bda4a637044a89640a6807aa4a5418bca65,3,ROUND 1.doc,.doc,SMQ BIBLES\NSMQ 2009\Ready for Editing\CONTEST19\ROUND 1.doc,False
ae25fc2b2b2de94946d34a1fb7565c16a51232cc381e55588659b7531e40884c,3,ROUND 2.doc,.doc,SMQ BIBLES\NSMQ 2009\CONTEST19\ROUND 2.doc,True
ae25fc2b2b2de94946d34a1fb7565c16a51232cc381e55588659b7531e40884c,3,ROUND 2.doc,.doc,SMQ BIBLES\NSMQ 2009\CONTEST19 FA\ROUND 2.doc,False
ae25fc2b2b2de94946d34a1fb7565c16a51232cc381e55588659b7531e40884c,3,ROUND 2.doc,.doc,SMQ BIBLES\NSMQ 2009\Ready for Editing\CONTEST19\ROUND 2.doc,False
01535e373b0b64636501a85b11bca4ad70121338b79a04bc1afae6748cebe14c,3,Round 2.doc,.doc,SMQ BIBLES\NSMQ 2009\CONTEST2\Round 2.doc,True
01535e373b0b64636501a85b11bca4ad70121338b79a04bc1afae6748cebe14c,3,Round 2.doc,.doc,SMQ BIBLES\NSMQ 2009\CONTEST2 GA\Round 2.doc,False
01535e373b0b64636501a85b11bca4ad70121338b79a04bc1afae6748cebe14c,3,Round 2.doc,.doc,SMQ BIBLES\NSMQ 2009\Ready for Editing\CONTEST2\Round 2.doc,False
f877f2ca2b6ba75e0f54147d54c90888b7a28e4a8c6406239526d4f9e50e4a4d,3,PROBLEM OF THE DAY.doc,.doc,SMQ BIBLES\NSMQ 2009\CONTEST20\PROBLEM OF THE DAY.doc,True
f877f2ca2b6ba75e0f54147d54c90888b7a28e4a8c6406239526d4f9e50e4a4d,3,PROBLEM OF THE DAY.doc,.doc,SMQ BIBLES\NSMQ 2009\CONTEST20 GA\PROBLEM OF THE DAY.doc,False
f877f2ca2b6ba75e0f54147d54c90888b7a28e4a8c6406239526d4f9e50e4a4d,3,PROBLEM OF THE DAY.doc,.doc,SMQ BIBLES\NSMQ 2009\Ready for Editing\CONTEST20\PROBLEM OF THE DAY.doc,False
66defc40faa2d29ac70db9ff4106a21f9c8d41c53bfb0cfc6e371f8726e2475c,3,ROUND 1.doc,.doc,SMQ BIBLES\NSMQ 2009\CONTEST20\ROUND 1.doc,True
66defc40faa2d29ac70db9ff4106a21f9c8d41c53bfb0cfc6e371f8726e2475c,3,ROUND 1.doc,.doc,SMQ BIBLES\NSMQ 2009\CONTEST20 GA\ROUND 1.doc,False
66defc40faa2d29ac70db9ff4106a21f9c8d41c53bfb0cfc6e371f8726e2475c,3,ROUND 1.doc,.doc,SMQ BIBLES\NSMQ 2009\Ready for Editing\CONTEST20\ROUND 1.doc,False
e5653f840638c7016e5887338826a8b4ce6d24dbd4bfd030034070b8c955b36d,3,PROBLEM OF THE DAY.doc,.doc,SMQ BIBLES\NSMQ 2009\CONTEST21\PROBLEM OF THE DAY.doc,True
e5653f840638c7016e5887338826a8b4ce6d24dbd4bfd030034070b8c955b36d,3,PROBLEM OF THE DAY.doc,.doc,SMQ BIBLES\NSMQ 2009\CONTEST21 FA\PROBLEM OF THE DAY.doc,False
e5653f840638c7016e5887338826a8b4ce6d24dbd4bfd030034070b8c955b36d,3,PROBLEM OF THE DAY.doc,.doc,SMQ BIBLES\NSMQ 2009\Ready for Editing\CONTEST21\PROBLEM OF THE DAY.doc,False
b7497fd281a8dd3b87d03c71c27efb8943352328b98f44fb0e5bcfbe7fa7182e,3,ROUND 2.doc,.doc,SMQ BIBLES\NSMQ 2009\CONTEST21\ROUND 2.doc,True
b7497fd281a8dd3b87d03c71c27efb8943352328b98f44fb0e5bcfbe7fa7182e,3,ROUND 2.doc,.doc,SMQ BIBLES\NSMQ 2009\CONTEST21 FA\ROUND 2.doc,False
b7497fd281a8dd3b87d03c71c27efb8943352328b98f44fb0e5bcfbe7fa7182e,3,ROUND 2.doc,.doc,SMQ BIBLES\NSMQ 2009\Ready for Editing\CONTEST21\ROUND 2.doc,False
999a556c5f0e943dc5555da89b5fcba66a7758b60422d754716182ba2a4d6f94,3,PROBLEM OF THE DAY.docx,.docx,SMQ BIBLES\NSMQ 2009\CONTEST22\PROBLEM OF THE DAY.docx,True
999a556c5f0e943dc5555da89b5fcba66a7758b60422d754716182ba2a4d6f94,3,PROBLEM OF THE DAY.docx,.docx,SMQ BIBLES\NSMQ 2009\CONTEST22 FF\PROBLEM OF THE DAY.docx,False
999a556c5f0e943dc5555da89b5fcba66a7758b60422d754716182ba2a4d6f94,3,PROBLEM OF THE DAY.docx,.docx,SMQ BIBLES\NSMQ 2009\Ready for Editing\CONTEST22\PROBLEM OF THE DAY.docx,False
336b3e9198a95d5d778c359f563f2c84e4a5457e96523cc721b842becd6411a2,3,ROUND 1.docx,.docx,SMQ BIBLES\NSMQ 2009\CONTEST22\ROUND 1.docx,True
336b3e9198a95d5d778c359f563f2c84e4a5457e96523cc721b842becd6411a2,3,ROUND 1.docx,.docx,SMQ BIBLES\NSMQ 2009\CONTEST22 FF\ROUND 1.docx,False
336b3e9198a95d5d778c359f563f2c84e4a5457e96523cc721b842becd6411a2,3,ROUND 1.docx,.docx,SMQ BIBLES\NSMQ 2009\Ready for Editing\CONTEST22\ROUND 1.docx,False
37e5781e058cae642c56b3f4592479608fa00419f41a036f381f75e63c02ab75,3,ROUND 2.docx,.docx,SMQ BIBLES\NSMQ 2009\CONTEST22\ROUND 2.docx,True
37e5781e058cae642c56b3f4592479608fa00419f41a036f381f75e63c02ab75,3,ROUND 2.docx,.docx,SMQ BIBLES\NSMQ 2009\CONTEST22 FF\ROUND 2.docx,False
37e5781e058cae642c56b3f4592479608fa00419f41a036f381f75e63c02ab75,3,ROUND 2.docx,.docx,SMQ BIBLES\NSMQ 2009\Ready for Editing\CONTEST22\ROUND 2.docx,False
7107a5a674fb1ae8a269edbaf1a6f2ba713b24d5e0786287e225c2f3584421c9,3,ROUND1.doc,.doc,SMQ BIBLES\NSMQ 2009\CONTEST3\ROUND1.doc,True
7107a5a674fb1ae8a269edbaf1a6f2ba713b24d5e0786287e225c2f3584421c9,3,ROUND1.doc,.doc,SMQ BIBLES\NSMQ 2009\CONTEST3 GA\ROUND1.doc,False
7107a5a674fb1ae8a269edbaf1a6f2ba713b24d5e0786287e225c2f3584421c9,3,ROUND1.doc,.doc,SMQ BIBLES\NSMQ 2009\Ready for Editing\CONTEST3\ROUND1.doc,False
222c4bd759ca529c86b87afbcb032f35a896c47f39256da7af50737583ecc111,3,PROBLEM OF THE DAY.doc,.doc,SMQ BIBLES\NSMQ 2009\CONTEST4\PROBLEM OF THE DAY.doc,True
222c4bd759ca529c86b87afbcb032f35a896c47f39256da7af50737583ecc111,3,PROBLEM OF THE DAY.doc,.doc,SMQ BIBLES\NSMQ 2009\CONTEST4 GA\PROBLEM OF THE DAY.doc,False
222c4bd759ca529c86b87afbcb032f35a896c47f39256da7af50737583ecc111,3,PROBLEM OF THE DAY.doc,.doc,SMQ BIBLES\NSMQ 2009\Ready for Editing\CONTEST4\PROBLEM OF THE DAY.doc,False
c2213856cf751fcc96e653ba0864cb71e23f280c0b35d6ace7e6e6c451ef9d5d,3,ROUND 1.doc,.doc,SMQ BIBLES\NSMQ 2009\CONTEST5\ROUND 1.doc,True
c2213856cf751fcc96e653ba0864cb71e23f280c0b35d6ace7e6e6c451ef9d5d,3,ROUND 1.doc,.doc,SMQ BIBLES\NSMQ 2009\CONTEST5 GA\ROUND 1.doc,False
c2213856cf751fcc96e653ba0864cb71e23f280c0b35d6ace7e6e6c451ef9d5d,3,ROUND 1.doc,.doc,SMQ BIBLES\NSMQ 2009\Ready for Editing\CONTEST5\ROUND 1.doc,False
947b81a76d79f7454251ec732749e5a59a47af00a76da6c5cbfc56c5403e84a3,3,ROUND 2.doc,.doc,SMQ BIBLES\NSMQ 2009\CONTEST5\ROUND 2.doc,True
947b81a76d79f7454251ec732749e5a59a47af00a76da6c5cbfc56c5403e84a3,3,ROUND 2.doc,.doc,SMQ BIBLES\NSMQ 2009\CONTEST5 GA\ROUND 2.doc,False
947b81a76d79f7454251ec732749e5a59a47af00a76da6c5cbfc56c5403e84a3,3,ROUND 2.doc,.doc,SMQ BIBLES\NSMQ 2009\Ready for Editing\CONTEST5\ROUND 2.doc,False
b96fad4c501b391fcc65a7053d1c309588aa433aa13e8336b20b92b9e899254c,3,ROUND 1.doc,.doc,SMQ BIBLES\NSMQ 2009\CONTEST6\ROUND 1.doc,True
b96fad4c501b391fcc65a7053d1c309588aa433aa13e8336b20b92b9e899254c,3,ROUND 1.doc,.doc,SMQ BIBLES\NSMQ 2009\CONTEST6 SAF\ROUND 1.doc,False
b96fad4c501b391fcc65a7053d1c309588aa433aa13e8336b20b92b9e899254c,3,ROUND 1.doc,.doc,SMQ BIBLES\NSMQ 2009\Ready for Editing\CONTEST6\ROUND 1.doc,False
e7d1c7e44974e37cff2886dbeb8834ca25b97bde5db2f8361d7ae3286fb6430c,3,ROUND 2.doc,.doc,SMQ BIBLES\NSMQ 2009\CONTEST6\ROUND 2.doc,True
e7d1c7e44974e37cff2886dbeb8834ca25b97bde5db2f8361d7ae3286fb6430c,3,ROUND 2.doc,.doc,SMQ BIBLES\NSMQ 2009\CONTEST6 SAF\ROUND 2.doc,False
e7d1c7e44974e37cff2886dbeb8834ca25b97bde5db2f8361d7ae3286fb6430c,3,ROUND 2.doc,.doc,SMQ BIBLES\NSMQ 2009\Ready for Editing\CONTEST6\ROUND 2.doc,False
c8b5d46c8fcfae57e1b95a210e3d0b1ae1c42c8decd3f9535b976cb2e1356160,3,ROUND1.doc,.doc,SMQ BIBLES\NSMQ 2009\CONTEST7\ROUND1.doc,True
c8b5d46c8fcfae57e1b95a210e3d0b1ae1c42c8decd3f9535b976cb2e1356160,3,ROUND1.doc,.doc,SMQ BIBLES\NSMQ 2009\CONTEST7 FA\ROUND1.doc,False
c8b5d46c8fcfae57e1b95a210e3d0b1ae1c42c8decd3f9535b976cb2e1356160,3,ROUND1.doc,.doc,SMQ BIBLES\NSMQ 2009\Ready for Editing\CONTEST7\ROUND1.doc,False
39abe7f13f25d3c2818606fd1b893ec05e78301d50c5a3cb4d7f1fa09e5df270,3,ROUND2.doc,.doc,SMQ BIBLES\NSMQ 2009\CONTEST7\ROUND2.doc,True
39abe7f13f25d3c2818606fd1b893ec05e78301d50c5a3cb4d7f1fa09e5df270,3,ROUND2.doc,.doc,SMQ BIBLES\NSMQ 2009\CONTEST7 FA\ROUND2.doc,False
39abe7f13f25d3c2818606fd1b893ec05e78301d50c5a3cb4d7f1fa09e5df270,3,ROUND2.doc,.doc,SMQ BIBLES\NSMQ 2009\Ready for Editing\CONTEST7\ROUND2.doc,False
7ec12f4b32428f78b0b9d808bf1816c2ad6be4252add602a70a52cd97a6ccc48,3,ROUND 2.doc,.doc,SMQ BIBLES\NSMQ 2009\CONTEST9\ROUND 2.doc,True
7ec12f4b32428f78b0b9d808bf1816c2ad6be4252add602a70a52cd97a6ccc48,3,ROUND 2.doc,.doc,SMQ BIBLES\NSMQ 2009\CONTEST9 FF\ROUND 2.doc,False
7ec12f4b32428f78b0b9d808bf1816c2ad6be4252add602a70a52cd97a6ccc48,3,ROUND 2.doc,.doc,SMQ BIBLES\NSMQ 2009\Ready for Editing\CONTEST9\ROUND 2.doc,False
aa0c4adadac14fdcdc8a66b90d4e2db7b9dfbc380401595de5831b64087c18ca,2,Contest 1.doc,.doc,SMQ BIBLES\NSMQ 2012 questions and Answers\Contest 1.doc,True
aa0c4adadac14fdcdc8a66b90d4e2db7b9dfbc380401595de5831b64087c18ca,2,Contest 1.doc,.doc,SMQ BIBLES\weekends\practice\SET 3\Contest 1.doc,False
b1a0aa9d4fcb8edf782e563239a31a108ed255e0e7161a55983fc30a18ea8849,2,Contest 10.doc,.doc,SMQ BIBLES\NSMQ 2012 questions and Answers\Contest 10.doc,True
b1a0aa9d4fcb8edf782e563239a31a108ed255e0e7161a55983fc30a18ea8849,2,Contest 10.doc,.doc,SMQ BIBLES\weekends\practice\SET 3\Contest 10.doc,False
e064ec730216bf1fb6da2890dfdaf650f3b60ec1f24ceea44fb3a0c543f0949f,2,Contest 13.doc,.doc,SMQ BIBLES\NSMQ 2012 questions and Answers\Contest 13.doc,True
e064ec730216bf1fb6da2890dfdaf650f3b60ec1f24ceea44fb3a0c543f0949f,2,Contest 13.doc,.doc,SMQ BIBLES\weekends\practice\SET 3\Contest 13.doc,False
d434df579ab92c0f12d61ae55fa0b246da868516ed5fff83447bce48999086a9,2,Contest 2.doc,.doc,SMQ BIBLES\NSMQ 2012 questions and Answers\Contest 2.doc,True
d434df579ab92c0f12d61ae55fa0b246da868516ed5fff83447bce48999086a9,2,Contest 2.doc,.doc,SMQ BIBLES\weekends\practice\SET 3\Contest 2.doc,False
35312a8f3123704cee7edac426dddba03ac30b1477ef6f3e88d3d0f23fd59f88,2,Contest 25.docx,.docx,SMQ BIBLES\NSMQ 2012 questions and Answers\Contest 25.docx,True
35312a8f3123704cee7edac426dddba03ac30b1477ef6f3e88d3d0f23fd59f88,2,Contest 25.docx,.docx,SMQ BIBLES\NSMQ 2016 Questions\NSMQ 2012 Questions\Contest 25.docx,False
3f122af2af5a47ebff57f97b0edbc9989bcc9d232f1bdda3370847c881a0e9e6,2,Contest 26.doc,.doc,SMQ BIBLES\NSMQ 2012 questions and Answers\Contest 26.doc,True
3f122af2af5a47ebff57f97b0edbc9989bcc9d232f1bdda3370847c881a0e9e6,2,Contest 26.doc,.doc,SMQ BIBLES\NSMQ 2016 Questions\NSMQ 2012 Questions\Contest 26.doc,False
9503943a879443024a2954a024ba2f6f7c0c91de8140b3a39319cc4878293494,2,Contest 27.doc,.doc,SMQ BIBLES\NSMQ 2012 questions and Answers\Contest 27.doc,True
9503943a879443024a2954a024ba2f6f7c0c91de8140b3a39319cc4878293494,2,Contest 27.doc,.doc,SMQ BIBLES\NSMQ 2016 Questions\NSMQ 2012 Questions\Contest 27.doc,False
6e8e6ef03092a688a82db020b9330865620fe09c2cd83cc38628a18cf44b1c52,2,Contest 28.doc,.doc,SMQ BIBLES\NSMQ 2012 questions and Answers\Contest 28.doc,True
6e8e6ef03092a688a82db020b9330865620fe09c2cd83cc38628a18cf44b1c52,2,Contest 28.doc,.doc,SMQ BIBLES\NSMQ 2016 Questions\NSMQ 2012 Questions\Contest 28.doc,False
978959fb88d268d4294a79e98c26af9af88d1992285bd9772e2c21db2f0dcd05,2,Contest 30.doc,.doc,SMQ BIBLES\NSMQ 2012 questions and Answers\Contest 30.doc,True
978959fb88d268d4294a79e98c26af9af88d1992285bd9772e2c21db2f0dcd05,2,Contest 30.doc,.doc,SMQ BIBLES\NSMQ 2016 Questions\NSMQ 2012 Questions\Contest 30.doc,False
89dd69f9117993cc39eb47dbaaa3a8fdc9fa8f17b12a86c770335fc2508bf6e5,2,Contest 32.doc,.doc,SMQ BIBLES\NSMQ 2012 questions and Answers\Contest 32.doc,True
89dd69f9117993cc39eb47dbaaa3a8fdc9fa8f17b12a86c770335fc2508bf6e5,2,Contest 32.doc,.doc,SMQ BIBLES\NSMQ 2016 Questions\NSMQ 2012 Questions\Contest 32.doc,False
fde989a9ca3c6169b6bd5cdaab12d48487beefd16d17b504d1e3356c87d9b648,2,Contest 34.doc,.doc,SMQ BIBLES\NSMQ 2012 questions and Answers\Contest 34.doc,True
fde989a9ca3c6169b6bd5cdaab12d48487beefd16d17b504d1e3356c87d9b648,2,Contest 34.doc,.doc,SMQ BIBLES\NSMQ 2016 Questions\NSMQ 2012 Questions\Contest 34.doc,False
a96b6707f4cbd6f6411c8c28125eeabfc10f1606ba6d7ba999bfaa8def682121,2,Contest 5.doc,.doc,SMQ BIBLES\NSMQ 2012 questions and Answers\Contest 5.doc,True
a96b6707f4cbd6f6411c8c28125eeabfc10f1606ba6d7ba999bfaa8def682121,2,Contest 5.doc,.doc,SMQ BIBLES\weekends\practice\SET 3\Contest 5.doc,False
c9ca38743ca526d804b039a545d5e309b0fbe86adc9b0a7c09e5910f76f8d69b,2,CONTEST 1.doc,.doc,SMQ BIBLES\NSMQ 2013 Questions COMPLETE\CONTEST 1.doc,True
c9ca38743ca526d804b039a545d5e309b0fbe86adc9b0a7c09e5910f76f8d69b,2,CONTEST 1.doc,.doc,SMQ BIBLES\weekends\practice\SET 2\CONTEST 1.doc,False
860a5105b813ae9dc242a7e5faf7c20e0dc87fe01bb01bc1bbeaf07fe8a1c680,2,CONTEST 10.doc,.doc,SMQ BIBLES\NSMQ 2013 Questions COMPLETE\CONTEST 10.doc,True
860a5105b813ae9dc242a7e5faf7c20e0dc87fe01bb01bc1bbeaf07fe8a1c680,2,CONTEST 10.doc,.doc,SMQ BIBLES\weekends\practice\SET 2\CONTEST 10.doc,False
39fdff2aace5707189c2afc4b2789fb2d67bd38dd75537eb35a9a76735de5752,2,CONTEST 11.docx,.docx,SMQ BIBLES\NSMQ 2013 Questions COMPLETE\CONTEST 11.docx,True
39fdff2aace5707189c2afc4b2789fb2d67bd38dd75537eb35a9a76735de5752,2,CONTEST 11.docx,.docx,SMQ BIBLES\weekends\practice\SET 2\CONTEST 11.docx,False
6a2a8229240e5cbe5b2e3436b70d87b5eb13806873e35dabeb0fcaf4097facaf,2,CONTEST 12.docx,.docx,SMQ BIBLES\NSMQ 2013 Questions COMPLETE\CONTEST 12.docx,True
6a2a8229240e5cbe5b2e3436b70d87b5eb13806873e35dabeb0fcaf4097facaf,2,CONTEST 12.docx,.docx,SMQ BIBLES\weekends\practice\SET 2\CONTEST 12.docx,False
5986b14e4495f55dd130f66f08848f9da097c384c1acd5574b8852724bc0811b,2,CONTEST 13.docx,.docx,SMQ BIBLES\NSMQ 2013 Questions COMPLETE\CONTEST 13.docx,True
5986b14e4495f55dd130f66f08848f9da097c384c1acd5574b8852724bc0811b,2,CONTEST 13.docx,.docx,SMQ BIBLES\weekends\practice\SET 2\CONTEST 13.docx,False
4d2ade4d25a3a3d063e19d9c75fa8bec092ab5d7f6f9e3b361a3030f7ad6250c,2,CONTEST 14.docx,.docx,SMQ BIBLES\NSMQ 2013 Questions COMPLETE\CONTEST 14.docx,True
4d2ade4d25a3a3d063e19d9c75fa8bec092ab5d7f6f9e3b361a3030f7ad6250c,2,CONTEST 14.docx,.docx,SMQ BIBLES\weekends\practice\SET 2\CONTEST 14.docx,False
938bb27e2ec553bf543a9bda000d975ad1b73f75d1a0d7a8dc9f057b140ab66b,2,CONTEST 15.doc,.doc,SMQ BIBLES\NSMQ 2013 Questions COMPLETE\CONTEST 15.doc,True
938bb27e2ec553bf543a9bda000d975ad1b73f75d1a0d7a8dc9f057b140ab66b,2,CONTEST 15.doc,.doc,SMQ BIBLES\weekends\practice\SET 2\CONTEST 15.doc,False
5c3d886cef8eb9d9f970d0b075b4d8219e14ccae53d2b16f8cbaf9e9350ad456,2,CONTEST 15.docx,.docx,SMQ BIBLES\NSMQ 2013 Questions COMPLETE\CONTEST 15.docx,True
5c3d886cef8eb9d9f970d0b075b4d8219e14ccae53d2b16f8cbaf9e9350ad456,2,CONTEST 15.docx,.docx,SMQ BIBLES\weekends\practice\SET 2\CONTEST 15.docx,False
e147321319e869a12dd81b70b0281bf33ab0f8cb29e1e12a1c68b7a213d9931a,2,CONTEST 16.docx,.docx,SMQ BIBLES\NSMQ 2013 Questions COMPLETE\CONTEST 16.docx,True
e147321319e869a12dd81b70b0281bf33ab0f8cb29e1e12a1c68b7a213d9931a,2,CONTEST 16.docx,.docx,SMQ BIBLES\weekends\practice\SET 2\CONTEST 16.docx,False
cee32ece77e6646dd8b35a114be82b417a53b9751bdac44fac66d58ab65511aa,2,CONTEST 17.docx,.docx,SMQ BIBLES\NSMQ 2013 Questions COMPLETE\CONTEST 17.docx,True
cee32ece77e6646dd8b35a114be82b417a53b9751bdac44fac66d58ab65511aa,2,CONTEST 17.docx,.docx,SMQ BIBLES\weekends\practice\SET 2\CONTEST 17.docx,False
d28f9ca1c91adb4400297ba0111ea4d3bb1ecbce85d572f19bdd780941b4b522,2,CONTEST 18.docx,.docx,SMQ BIBLES\NSMQ 2013 Questions COMPLETE\CONTEST 18.docx,True
d28f9ca1c91adb4400297ba0111ea4d3bb1ecbce85d572f19bdd780941b4b522,2,CONTEST 18.docx,.docx,SMQ BIBLES\weekends\practice\SET 2\CONTEST 18.docx,False
9bb622f644c3364b285e75e81ff6c8af77e231c57112f202bba65893841c1c3f,2,CONTEST 19.docx,.docx,SMQ BIBLES\NSMQ 2013 Questions COMPLETE\CONTEST 19.docx,True
9bb622f644c3364b285e75e81ff6c8af77e231c57112f202bba65893841c1c3f,2,CONTEST 19.docx,.docx,SMQ BIBLES\weekends\practice\SET 2\CONTEST 19.docx,False
555b19df34a54d82cf12304c27cde38c7c20c0738362b41a109473b0d053a476,2,CONTEST 2.doc,.doc,SMQ BIBLES\NSMQ 2013 Questions COMPLETE\CONTEST 2.doc,True
555b19df34a54d82cf12304c27cde38c7c20c0738362b41a109473b0d053a476,2,CONTEST 2.doc,.doc,SMQ BIBLES\weekends\practice\SET 2\CONTEST 2.doc,False
a151cd705adaf00f60a8bced66e5d96dd586d89492a2d762da5bb1a121925b0f,2,CONTEST 20.docx,.docx,SMQ BIBLES\NSMQ 2013 Questions COMPLETE\CONTEST 20.docx,True
a151cd705adaf00f60a8bced66e5d96dd586d89492a2d762da5bb1a121925b0f,2,CONTEST 20.docx,.docx,SMQ BIBLES\weekends\practice\SET 2\CONTEST 20.docx,False
ebeb6c841f9ff2cc872600a72791b7a61e55ed5b717b742a939c62efc59521b8,2,CONTEST 21.doc,.doc,SMQ BIBLES\NSMQ 2013 Questions COMPLETE\CONTEST 21.doc,True
ebeb6c841f9ff2cc872600a72791b7a61e55ed5b717b742a939c62efc59521b8,2,CONTEST 21.doc,.doc,SMQ BIBLES\weekends\practice\SET 2\CONTEST 21.doc,False
4cdb3868820018fc992900b3f62e9aed4f4945f0a0db000861fb8687be56d765,2,CONTEST 21.docx,.docx,SMQ BIBLES\NSMQ 2013 Questions COMPLETE\CONTEST 21.docx,True
4cdb3868820018fc992900b3f62e9aed4f4945f0a0db000861fb8687be56d765,2,CONTEST 21.docx,.docx,SMQ BIBLES\weekends\practice\SET 2\CONTEST 21.docx,False
df4d3102d1e09aeef2eb20da0f5f36a0da2a8b6a0040afaf02bcc38517cd0d59,2,CONTEST 22.doc,.doc,SMQ BIBLES\NSMQ 2013 Questions COMPLETE\CONTEST 22.doc,True
df4d3102d1e09aeef2eb20da0f5f36a0da2a8b6a0040afaf02bcc38517cd0d59,2,CONTEST 22.doc,.doc,SMQ BIBLES\weekends\practice\SET 2\CONTEST 22.doc,False
e340d3effe60d0eaa509a38df7a6c2dec8e4bc8298859bbdc75ecf0410530c12,2,CONTEST 23.doc,.doc,SMQ BIBLES\NSMQ 2013 Questions COMPLETE\CONTEST 23.doc,True
e340d3effe60d0eaa509a38df7a6c2dec8e4bc8298859bbdc75ecf0410530c12,2,CONTEST 23.doc,.doc,SMQ BIBLES\weekends\practice\SET 2\CONTEST 23.doc,False
cc8badd7753598da80c7c2b97c856c77a1c4eea94475c6792d18509d64a421a4,2,CONTEST 23.docx,.docx,SMQ BIBLES\NSMQ 2013 Questions COMPLETE\CONTEST 23.docx,True
cc8badd7753598da80c7c2b97c856c77a1c4eea94475c6792d18509d64a421a4,2,CONTEST 23.docx,.docx,SMQ BIBLES\weekends\practice\SET 2\CONTEST 23.docx,False
c6ac4d0d4541290989d62d8629e947941b7d3086d7b7eb72808546151f62f62d,2,CONTEST 24.doc,.doc,SMQ BIBLES\NSMQ 2013 Questions COMPLETE\CONTEST 24.doc,True
c6ac4d0d4541290989d62d8629e947941b7d3086d7b7eb72808546151f62f62d,2,CONTEST 24.doc,.doc,SMQ BIBLES\weekends\practice\SET 2\CONTEST 24.doc,False
6e9d8796a6cb1cc4cf20b04c50623957034649cab376142a22247bcea0676ae2,2,CONTEST 25.doc,.doc,SMQ BIBLES\NSMQ 2013 Questions COMPLETE\CONTEST 25.doc,True
6e9d8796a6cb1cc4cf20b04c50623957034649cab376142a22247bcea0676ae2,2,CONTEST 25.doc,.doc,SMQ BIBLES\weekends\practice\SET 2\CONTEST 25.doc,False
119c6279cc263dbd50c6a58f32103bcc09fd5f27909d9a89bb61cdcabbbe7b62,2,CONTEST 26.doc,.doc,SMQ BIBLES\NSMQ 2013 Questions COMPLETE\CONTEST 26.doc,True
119c6279cc263dbd50c6a58f32103bcc09fd5f27909d9a89bb61cdcabbbe7b62,2,CONTEST 26.doc,.doc,SMQ BIBLES\weekends\practice\SET 2\CONTEST 26.doc,False
b9de5d795b14387c313254b5846efbf371cd087792fd3b6474c4918e11306dd5,2,CONTEST 27.doc,.doc,SMQ BIBLES\NSMQ 2013 Questions COMPLETE\CONTEST 27.doc,True
b9de5d795b14387c313254b5846efbf371cd087792fd3b6474c4918e11306dd5,2,CONTEST 27.doc,.doc,SMQ BIBLES\weekends\practice\SET 2\CONTEST 27.doc,False
1aa52bb16aa8b396e734eff0e3d1ba96fa8bfd0d0827d2871410e92bd2ef874a,2,CONTEST 28.doc,.doc,SMQ BIBLES\NSMQ 2013 Questions COMPLETE\CONTEST 28.doc,True
1aa52bb16aa8b396e734eff0e3d1ba96fa8bfd0d0827d2871410e92bd2ef874a,2,CONTEST 28.doc,.doc,SMQ BIBLES\weekends\practice\SET 2\CONTEST 28.doc,False
ce4e99dc5479fcbdd1352593bf0a63a64c275e20ce520c20b4d04b96f94559ab,2,CONTEST 3.doc,.doc,SMQ BIBLES\NSMQ 2013 Questions COMPLETE\CONTEST 3.doc,True
ce4e99dc5479fcbdd1352593bf0a63a64c275e20ce520c20b4d04b96f94559ab,2,CONTEST 3.doc,.doc,SMQ BIBLES\weekends\practice\SET 2\CONTEST 3.doc,False
19a413f3223cd2c3d06608b76b0cdf0c5f19b5b731f628e66ba47f3a5217d3cb,2,CONTEST 4.doc,.doc,SMQ BIBLES\NSMQ 2013 Questions COMPLETE\CONTEST 4.doc,True
19a413f3223cd2c3d06608b76b0cdf0c5f19b5b731f628e66ba47f3a5217d3cb,2,CONTEST 4.doc,.doc,SMQ BIBLES\weekends\practice\SET 2\CONTEST 4.doc,False
ff4b2c544cb88ef3caabb17f1ef14e9d4bac4cc684f1477a8b160ef4632f9a5d,2,CONTEST 5.doc,.doc,SMQ BIBLES\NSMQ 2013 Questions COMPLETE\CONTEST 5.doc,True
ff4b2c544cb88ef3caabb17f1ef14e9d4bac4cc684f1477a8b160ef4632f9a5d,2,CONTEST 5.doc,.doc,SMQ BIBLES\weekends\practice\SET 2\CONTEST 5.doc,False
349afa8b03fc5213a44bde5c500e3b4df0bf96f4b8e4e7ce0d2ed1bbcbd05f35,2,CONTEST 6.doc,.doc,SMQ BIBLES\NSMQ 2013 Questions COMPLETE\CONTEST 6.doc,True
349afa8b03fc5213a44bde5c500e3b4df0bf96f4b8e4e7ce0d2ed1bbcbd05f35,2,CONTEST 6.doc,.doc,SMQ BIBLES\weekends\practice\SET 2\CONTEST 6.doc,False
7999da031bfbaac68b34eb2f854f2b883e86ebcfd2cf7e0ea71f8a133141805a,2,CONTEST 7.doc,.doc,SMQ BIBLES\NSMQ 2013 Questions COMPLETE\CONTEST 7.doc,True
7999da031bfbaac68b34eb2f854f2b883e86ebcfd2cf7e0ea71f8a133141805a,2,CONTEST 7.doc,.doc,SMQ BIBLES\weekends\practice\SET 2\CONTEST 7.doc,False
d49f978b6cd2c4de67257b6d75ed66be705a49f67116a005760ed0855f90ca30,2,CONTEST 8.doc,.doc,SMQ BIBLES\NSMQ 2013 Questions COMPLETE\CONTEST 8.doc,True
d49f978b6cd2c4de67257b6d75ed66be705a49f67116a005760ed0855f90ca30,2,CONTEST 8.doc,.doc,SMQ BIBLES\weekends\practice\SET 2\CONTEST 8.doc,False
82d8e4198c0d86b1213b3b271457589854b170eab0deeffddd753c3a1b6937a4,2,CONTEST 9.doc,.doc,SMQ BIBLES\NSMQ 2013 Questions COMPLETE\CONTEST 9.doc,True
82d8e4198c0d86b1213b3b271457589854b170eab0deeffddd753c3a1b6937a4,2,CONTEST 9.doc,.doc,SMQ BIBLES\weekends\practice\SET 2\CONTEST 9.doc,False
0cf8f4af766d59362f6007499239ab824a88768763cce587848824b09a2e76b1,2,CONTEST 10 (2).docx,.docx,SMQ BIBLES\NSMQ 2014 Questions\CONTEST 10 (2).docx,True
0cf8f4af766d59362f6007499239ab824a88768763cce587848824b09a2e76b1,2,Copy of CONTEST 10 (2).docx,.docx,SMQ BIBLES\NSMQ 2014 Questions\Copy of CONTEST 10 (2).docx,False
e97b1c6661a1c13e23252f289525af74c39b31527eca3dec9f565754a7844fb1,2,Contest 52 - Diagram.pdf,.pdf,SMQ BIBLES\NSMQ 2014 Questions\Contest 52 - Diagram.pdf,True
e97b1c6661a1c13e23252f289525af74c39b31527eca3dec9f565754a7844fb1,2,Copy of Contest 52 - Diagram.pdf,.pdf,SMQ BIBLES\NSMQ 2014 Questions\Copy of Contest 52 - Diagram.pdf,False
ec3d09936ed914f6be633b542792205bc2b5f72d253b29c2da07894dd9deeac0,2,MAIN CONTEST 28.docx,.docx,SMQ BIBLES\NSMQ 2014 Questions\MAIN CONTEST 28.docx,True
ec3d09936ed914f6be633b542792205bc2b5f72d253b29c2da07894dd9deeac0,2,MAIN CONTEST 28.docx,.docx,SMQ BIBLES\NSMQ 2014\CHEMISTRY\MAIN CONTEST 28.docx,False
59eee1fc4a517b26f03287b4482b5f800741d3b336307651e539fca74268efc3,2,MAIN CONTEST 29.docx,.docx,SMQ BIBLES\NSMQ 2014 Questions\MAIN CONTEST 29.docx,True
59eee1fc4a517b26f03287b4482b5f800741d3b336307651e539fca74268efc3,2,MAIN CONTEST 29.docx,.docx,SMQ BIBLES\NSMQ 2014\CHEMISTRY\MAIN CONTEST 29.docx,False
997102e0c00211e6bdee50b6e7c870e9bce86f67daec7bd3372f491d7844bdd6,2,MAIN CONTEST 30.docx,.docx,SMQ BIBLES\NSMQ 2014 Questions\MAIN CONTEST 30.docx,True
997102e0c00211e6bdee50b6e7c870e9bce86f67daec7bd3372f491d7844bdd6,2,MAIN CONTEST 30.docx,.docx,SMQ BIBLES\NSMQ 2014\CHEMISTRY\MAIN CONTEST 30.docx,False
9822c625e1282079b6693c5e8fb90c377dbcc03c0418129a2a579dee09cdca60,2,MAIN CONTEST 31.docx,.docx,SMQ BIBLES\NSMQ 2014 Questions\MAIN CONTEST 31.docx,True
9822c625e1282079b6693c5e8fb90c377dbcc03c0418129a2a579dee09cdca60,2,MAIN CONTEST 31.docx,.docx,SMQ BIBLES\NSMQ 2014\CHEMISTRY\MAIN CONTEST 31.docx,False
ddb098c3c9dcdfeb69ce09d4e5a7e5881aca2da27c997b32e0be8f72fd13eb1a,2,MAIN CONTEST 32.docx,.docx,SMQ BIBLES\NSMQ 2014 Questions\MAIN CONTEST 32.docx,True
ddb098c3c9dcdfeb69ce09d4e5a7e5881aca2da27c997b32e0be8f72fd13eb1a,2,MAIN CONTEST 32.docx,.docx,SMQ BIBLES\NSMQ 2014\CHEMISTRY\MAIN CONTEST 32.docx,False
f3b7461fc0542cb7d4c8e7ad1a4d2a773d14b0b0ff38c4d96af89d20ac47adaa,2,MAIN CONTEST 33.docx,.docx,SMQ BIBLES\NSMQ 2014 Questions\MAIN CONTEST 33.docx,True
f3b7461fc0542cb7d4c8e7ad1a4d2a773d14b0b0ff38c4d96af89d20ac47adaa,2,MAIN CONTEST 33.docx,.docx,SMQ BIBLES\NSMQ 2014\CHEMISTRY\MAIN CONTEST 33.docx,False
6bbb2e4db777c22c9fe7eb7d0a3de36d9bc09d343e407764b7bf78a31df5e2a2,2,MAIN CONTEST 34.docx,.docx,SMQ BIBLES\NSMQ 2014 Questions\MAIN CONTEST 34.docx,True
6bbb2e4db777c22c9fe7eb7d0a3de36d9bc09d343e407764b7bf78a31df5e2a2,2,MAIN CONTEST 34.docx,.docx,SMQ BIBLES\NSMQ 2014\CHEMISTRY\MAIN CONTEST 34.docx,False
b352160eb9375cb5408a6b1bccc18634c47683d583c89ad911d76cc879313af2,2,MAIN CONTEST 35.docx,.docx,SMQ BIBLES\NSMQ 2014 Questions\MAIN CONTEST 35.docx,True
b352160eb9375cb5408a6b1bccc18634c47683d583c89ad911d76cc879313af2,2,MAIN CONTEST 35.docx,.docx,SMQ BIBLES\NSMQ 2014\CHEMISTRY\MAIN CONTEST 35.docx,False
4eab341936c9297b0a06747397860cc1ef211da6fc69d6c196000d2a6ef41986,2,MAIN CONTEST 36.docx,.docx,SMQ BIBLES\NSMQ 2014 Questions\MAIN CONTEST 36.docx,True
4eab341936c9297b0a06747397860cc1ef211da6fc69d6c196000d2a6ef41986,2,MAIN CONTEST 36.docx,.docx,SMQ BIBLES\NSMQ 2014\CHEMISTRY\MAIN CONTEST 36.docx,False
09fa9741a8d3cf7a7cf6b4acbef7b3477aeec8474f75d1bd3920e83114bb2cf1,2,MAIN CONTEST 37.docx,.docx,SMQ BIBLES\NSMQ 2014 Questions\MAIN CONTEST 37.docx,True
09fa9741a8d3cf7a7cf6b4acbef7b3477aeec8474f75d1bd3920e83114bb2cf1,2,MAIN CONTEST 37.docx,.docx,SMQ BIBLES\NSMQ 2014\CHEMISTRY\MAIN CONTEST 37.docx,False
2310da0f8f12cdf5780726a8548de4fe257197bf124249e43ec5e4f35870cfd5,2,MAIN CONTEST 38.docx,.docx,SMQ BIBLES\NSMQ 2014 Questions\MAIN CONTEST 38.docx,True
2310da0f8f12cdf5780726a8548de4fe257197bf124249e43ec5e4f35870cfd5,2,MAIN CONTEST 38.docx,.docx,SMQ BIBLES\NSMQ 2014\CHEMISTRY\MAIN CONTEST 38.docx,False
8c58d2131c6c0dabb459466ab541eaf065c6e3110cf145cdb0e91a49f0341a82,2,MAIN CONTEST 39.docx,.docx,SMQ BIBLES\NSMQ 2014 Questions\MAIN CONTEST 39.docx,True
8c58d2131c6c0dabb459466ab541eaf065c6e3110cf145cdb0e91a49f0341a82,2,MAIN CONTEST 39.docx,.docx,SMQ BIBLES\NSMQ 2014\CHEMISTRY\MAIN CONTEST 39.docx,False
8b8cd61ea227d408b8ee68e0d6773feba90122a9829edb36094cb36237100f9a,2,MAIN CONTEST 40.docx,.docx,SMQ BIBLES\NSMQ 2014 Questions\MAIN CONTEST 40.docx,True
8b8cd61ea227d408b8ee68e0d6773feba90122a9829edb36094cb36237100f9a,2,MAIN CONTEST 40.docx,.docx,SMQ BIBLES\NSMQ 2014\CHEMISTRY\MAIN CONTEST 40.docx,False
3929eea944f899c4ef8bd8ad503089dc44c92f585934991998e23ecf6ae5c130,2,MAIN CONTEST 41.docx,.docx,SMQ BIBLES\NSMQ 2014 Questions\MAIN CONTEST 41.docx,True
3929eea944f899c4ef8bd8ad503089dc44c92f585934991998e23ecf6ae5c130,2,MAIN CONTEST 41.docx,.docx,SMQ BIBLES\NSMQ 2014\CHEMISTRY\MAIN CONTEST 41.docx,False
6d03d6d54ea998c5f59c77739ed95b6e7574dc78ebcd038fe7787c69e64f3b4e,2,MAIN CONTEST 42.docx,.docx,SMQ BIBLES\NSMQ 2014 Questions\MAIN CONTEST 42.docx,True
6d03d6d54ea998c5f59c77739ed95b6e7574dc78ebcd038fe7787c69e64f3b4e,2,MAIN CONTEST 42.docx,.docx,SMQ BIBLES\NSMQ 2014\CHEMISTRY\MAIN CONTEST 42.docx,False
ad906de330189b4e6302501f3dc68cd92618315e547edaee262e7b9bc1f02bd6,2,MAIN CONTEST 43.docx,.docx,SMQ BIBLES\NSMQ 2014 Questions\MAIN CONTEST 43.docx,True
ad906de330189b4e6302501f3dc68cd92618315e547edaee262e7b9bc1f02bd6,2,MAIN CONTEST 43.docx,.docx,SMQ BIBLES\NSMQ 2014\CHEMISTRY\MAIN CONTEST 43.docx,False
b9ded9d65daa423f7e97ec4d9f0c3277690224648bd15652374b7676fa21db5b,2,MAIN CONTEST 44.docx,.docx,SMQ BIBLES\NSMQ 2014 Questions\MAIN CONTEST 44.docx,True
b9ded9d65daa423f7e97ec4d9f0c3277690224648bd15652374b7676fa21db5b,2,MAIN CONTEST 44.docx,.docx,SMQ BIBLES\NSMQ 2014\CHEMISTRY\MAIN CONTEST 44.docx,False
aea47e11242662d0f40a717b6b55e94889f0e06c0dfbbb360025ada1e429320d,2,MAIN CONTEST 45.docx,.docx,SMQ BIBLES\NSMQ 2014 Questions\MAIN CONTEST 45.docx,True
aea47e11242662d0f40a717b6b55e94889f0e06c0dfbbb360025ada1e429320d,2,MAIN CONTEST 45.docx,.docx,SMQ BIBLES\NSMQ 2014\CHEMISTRY\MAIN CONTEST 45.docx,False
592b7925e9a33ce17a6eae44dabccf69fd3f4bbc322eb5c701038cbfd02bdd30,2,MAIN CONTEST 46.docx,.docx,SMQ BIBLES\NSMQ 2014 Questions\MAIN CONTEST 46.docx,True
592b7925e9a33ce17a6eae44dabccf69fd3f4bbc322eb5c701038cbfd02bdd30,2,MAIN CONTEST 46.docx,.docx,SMQ BIBLES\NSMQ 2014\CHEMISTRY\MAIN CONTEST 46.docx,False
55a44ca748d1fdf43cb9b9f9764aa2b5e5b0aa5ce32639a866ec4fa044e89561,2,MAIN CONTEST 47.docx,.docx,SMQ BIBLES\NSMQ 2014 Questions\MAIN CONTEST 47.docx,True
55a44ca748d1fdf43cb9b9f9764aa2b5e5b0aa5ce32639a866ec4fa044e89561,2,MAIN CONTEST 47.docx,.docx,SMQ BIBLES\NSMQ 2014\CHEMISTRY\MAIN CONTEST 47.docx,False
f8fab7e2f323dbf046fc2474cafdc7735fbae3a9216276506676f274710c58f2,2,MAIN CONTEST 48.docx,.docx,SMQ BIBLES\NSMQ 2014 Questions\MAIN CONTEST 48.docx,True
f8fab7e2f323dbf046fc2474cafdc7735fbae3a9216276506676f274710c58f2,2,MAIN CONTEST 48.docx,.docx,SMQ BIBLES\NSMQ 2014\CHEMISTRY\MAIN CONTEST 48.docx,False
f18df0dd91d16eaa6081c20607406926361e54da6ded42da726c87eee52e5552,2,MAIN CONTEST 49.docx,.docx,SMQ BIBLES\NSMQ 2014 Questions\MAIN CONTEST 49.docx,True
f18df0dd91d16eaa6081c20607406926361e54da6ded42da726c87eee52e5552,2,MAIN CONTEST 49.docx,.docx,SMQ BIBLES\NSMQ 2014\CHEMISTRY\MAIN CONTEST 49.docx,False
ae7bcdc04318c20264d305c18a283c4395db4949f1b4758df45f3b4b5aeada04,2,MAIN CONTEST 50.docx,.docx,SMQ BIBLES\NSMQ 2014 Questions\MAIN CONTEST 50.docx,True
ae7bcdc04318c20264d305c18a283c4395db4949f1b4758df45f3b4b5aeada04,2,MAIN CONTEST 50.docx,.docx,SMQ BIBLES\NSMQ 2014\CHEMISTRY\MAIN CONTEST 50.docx,False
608e5b7f0fbb3fa483aea444ed0e1fb3c8ca8d7921a3783484488102b721b82c,2,MAIN CONTEST 51.docx,.docx,SMQ BIBLES\NSMQ 2014 Questions\MAIN CONTEST 51.docx,True
608e5b7f0fbb3fa483aea444ed0e1fb3c8ca8d7921a3783484488102b721b82c,2,MAIN CONTEST 51.docx,.docx,SMQ BIBLES\NSMQ 2014\CHEMISTRY\MAIN CONTEST 51.docx,False
f0fa78c43bc5ea64092d9822250656f87e2782b7dc717795b2976cb0b22b3253,2,MAIN CONTEST 52.docx,.docx,SMQ BIBLES\NSMQ 2014 Questions\MAIN CONTEST 52.docx,True
f0fa78c43bc5ea64092d9822250656f87e2782b7dc717795b2976cb0b22b3253,2,MAIN CONTEST 52.docx,.docx,SMQ BIBLES\NSMQ 2014\CHEMISTRY\MAIN CONTEST 52.docx,False
d478f7b38479eb9abf3ee95e3e2b896f9f57719e64eca8ac482475c58c4eb4da,2,MAIN CONTEST 53.docx,.docx,SMQ BIBLES\NSMQ 2014 Questions\MAIN CONTEST 53.docx,True
d478f7b38479eb9abf3ee95e3e2b896f9f57719e64eca8ac482475c58c4eb4da,2,MAIN CONTEST 53.docx,.docx,SMQ BIBLES\NSMQ 2014\CHEMISTRY\MAIN CONTEST 53.docx,False
19984ca10a9c85fe7c68df8bb08f7c0765775775be5c17baa7d760dd9716ee88,2,MAIN CONTEST 54.docx,.docx,SMQ BIBLES\NSMQ 2014 Questions\MAIN CONTEST 54.docx,True
19984ca10a9c85fe7c68df8bb08f7c0765775775be5c17baa7d760dd9716ee88,2,MAIN CONTEST 54.docx,.docx,SMQ BIBLES\NSMQ 2014\CHEMISTRY\MAIN CONTEST 54.docx,False
8e5a04133816ddc945795f8f34c2e04c19ce885ff4ab36ef3576f6f3f7c1a3b2,2,MAIN CONTEST 55.docx,.docx,SMQ BIBLES\NSMQ 2014 Questions\MAIN CONTEST 55.docx,True
8e5a04133816ddc945795f8f34c2e04c19ce885ff4ab36ef3576f6f3f7c1a3b2,2,MAIN CONTEST 55.docx,.docx,SMQ BIBLES\NSMQ 2014\CHEMISTRY\MAIN CONTEST 55.docx,False
be370dfa30d27a69fcf3a5699f1f8c5b843ec55f1c50f4f28704c97ea2bdc517,2,MAIN CONTEST 56.docx,.docx,SMQ BIBLES\NSMQ 2014 Questions\MAIN CONTEST 56.docx,True
be370dfa30d27a69fcf3a5699f1f8c5b843ec55f1c50f4f28704c97ea2bdc517,2,MAIN CONTEST 56.docx,.docx,SMQ BIBLES\NSMQ 2014\CHEMISTRY\MAIN CONTEST 56.docx,False
b1807f4a1f8a9b8038c444107f1ce086562d468b9aa133e27bc3d854509739af,2,MAIN CONTEST 57.docx,.docx,SMQ BIBLES\NSMQ 2014 Questions\MAIN CONTEST 57.docx,True
b1807f4a1f8a9b8038c444107f1ce086562d468b9aa133e27bc3d854509739af,2,MAIN CONTEST 57.docx,.docx,SMQ BIBLES\NSMQ 2014\CHEMISTRY\MAIN CONTEST 57.docx,False
4955beb0a184ac2550ad03066165fba4832e126658e33f351404149a7526fee0,2,MAIN CONTEST 58.docx,.docx,SMQ BIBLES\NSMQ 2014 Questions\MAIN CONTEST 58.docx,True
4955beb0a184ac2550ad03066165fba4832e126658e33f351404149a7526fee0,2,MAIN CONTEST 58.docx,.docx,SMQ BIBLES\NSMQ 2014\CHEMISTRY\MAIN CONTEST 58.docx,False
f801e1c78a4821f1010d9df1583f6dc76f32bfa2e7cce25bd52df4fa5b08b437,2,MAIN CONTEST 59.docx,.docx,SMQ BIBLES\NSMQ 2014 Questions\MAIN CONTEST 59.docx,True
f801e1c78a4821f1010d9df1583f6dc76f32bfa2e7cce25bd52df4fa5b08b437,2,MAIN CONTEST 59.docx,.docx,SMQ BIBLES\NSMQ 2014\CHEMISTRY\MAIN CONTEST 59.docx,False
00742c19ca5686e1141df9f5d826abc2ac1cf4577a6d3d93e1ae91060c73e996,2,MAIN CONTEST 60.docx,.docx,SMQ BIBLES\NSMQ 2014 Questions\MAIN CONTEST 60.docx,True
00742c19ca5686e1141df9f5d826abc2ac1cf4577a6d3d93e1ae91060c73e996,2,MAIN CONTEST 60.docx,.docx,SMQ BIBLES\NSMQ 2014\CHEMISTRY\MAIN CONTEST 60.docx,False
be55681c0d116b1e991dc976e0e2570742ba6294c8b5e8315eeefdf49c0d124c,2,MAIN CONTEST 61.docx,.docx,SMQ BIBLES\NSMQ 2014 Questions\MAIN CONTEST 61.docx,True
be55681c0d116b1e991dc976e0e2570742ba6294c8b5e8315eeefdf49c0d124c,2,MAIN CONTEST 61.docx,.docx,SMQ BIBLES\NSMQ 2014\CHEMISTRY\MAIN CONTEST 61.docx,False
63a34fe5ad0ea21a0f9097e07947d5076207da7acfa994cf52aefb50289c9075,2,MAIN CONTEST 62.docx,.docx,SMQ BIBLES\NSMQ 2014 Questions\MAIN CONTEST 62.docx,True
63a34fe5ad0ea21a0f9097e07947d5076207da7acfa994cf52aefb50289c9075,2,MAIN CONTEST 62.docx,.docx,SMQ BIBLES\NSMQ 2014\CHEMISTRY\MAIN CONTEST 62.docx,False
c2eb6397beb52e68ae6d95f0c8549a5fcf1d106f9d2cd0be343ebc18ad0389de,2,MAIN CONTEST 63.docx,.docx,SMQ BIBLES\NSMQ 2014 Questions\MAIN CONTEST 63.docx,True
c2eb6397beb52e68ae6d95f0c8549a5fcf1d106f9d2cd0be343ebc18ad0389de,2,MAIN CONTEST 63.docx,.docx,SMQ BIBLES\NSMQ 2014\CHEMISTRY\MAIN CONTEST 63.docx,False
7ad0b8734a9900cbd6966f83ff170a5c7b4bd2e2ab643291cf367e09f464ba1b,2,MAIN CONTEST 64.docx,.docx,SMQ BIBLES\NSMQ 2014 Questions\MAIN CONTEST 64.docx,True
7ad0b8734a9900cbd6966f83ff170a5c7b4bd2e2ab643291cf367e09f464ba1b,2,MAIN CONTEST 64.docx,.docx,SMQ BIBLES\NSMQ 2014\CHEMISTRY\MAIN CONTEST 64.docx,False
9c2bb662b2897e00b25452ffa1ac2d33669aa338098071b0a0040996a991a4d9,2,MAIN CONTEST 65.docx,.docx,SMQ BIBLES\NSMQ 2014 Questions\MAIN CONTEST 65.docx,True
9c2bb662b2897e00b25452ffa1ac2d33669aa338098071b0a0040996a991a4d9,2,MAIN CONTEST 65.docx,.docx,SMQ BIBLES\NSMQ 2014\CHEMISTRY\MAIN CONTEST 65.docx,False
b5063ba7a704de7e3496847b03ffc1181abd2747ecb594bdb4858e4b0c08a63d,2,MAIN CONTEST 66.docx,.docx,SMQ BIBLES\NSMQ 2014 Questions\MAIN CONTEST 66.docx,True
b5063ba7a704de7e3496847b03ffc1181abd2747ecb594bdb4858e4b0c08a63d,2,MAIN CONTEST 66.docx,.docx,SMQ BIBLES\NSMQ 2014\CHEMISTRY\MAIN CONTEST 66.docx,False
5d7ea0355c1a1c6ca61654cf4caa72a848b3c1e7d6b148c6e04588f4b22e2533,2,MAIN CONTEST 67.docx,.docx,SMQ BIBLES\NSMQ 2014 Questions\MAIN CONTEST 67.docx,True
5d7ea0355c1a1c6ca61654cf4caa72a848b3c1e7d6b148c6e04588f4b22e2533,2,MAIN CONTEST 67.docx,.docx,SMQ BIBLES\NSMQ 2014\CHEMISTRY\MAIN CONTEST 67.docx,False
a6157a610f3081636145ef4d1ed792afd55a10c732436f1302fad739cbd925dd,2,PROBLEM OF THE DAY.docx,.docx,SMQ BIBLES\NSMQ 2014 Questions\PROBLEM OF THE DAY.docx,True
a6157a610f3081636145ef4d1ed792afd55a10c732436f1302fad739cbd925dd,2,PROBLEM OF THE DAY.docx,.docx,SMQ BIBLES\NSMQ 2014\CHEMISTRY\Chemistry Questions\Quiz 2014 Nat Prelim\PROBLEM OF THE DAY.docx,False
295da1a314a7477268666a0bc19d1704fb66922c9387a704c1c62c798b6fe3dc,2,Problems of the day 2.docx,.docx,SMQ BIBLES\NSMQ 2014 Questions\Problems of the day 2.docx,True
295da1a314a7477268666a0bc19d1704fb66922c9387a704c1c62c798b6fe3dc,2,Problems of the day 2.docx,.docx,SMQ BIBLES\NSMQ 2014\CHEMISTRY\Problems of the day 2.docx,False
7053acbbebbbb3d9ffa71eb715f6f642cc402f0a1680c3ea20bca931c85eecbd,2,Problems of the Day.docx,.docx,SMQ BIBLES\NSMQ 2014 Questions\Problems of the Day.docx,True
7053acbbebbbb3d9ffa71eb715f6f642cc402f0a1680c3ea20bca931c85eecbd,2,Problems of the Day.docx,.docx,SMQ BIBLES\NSMQ 2014\CHEMISTRY\Problems of the Day.docx,False
10cdc302afda995371055db724fc1d4fa669d1825b91b8a46c65e84a57cfba27,2,CONTEST 26.docx,.docx,SMQ BIBLES\NSMQ 2015 Questions\CONTEST 26.docx,True
10cdc302afda995371055db724fc1d4fa669d1825b91b8a46c65e84a57cfba27,2,CONTEST 26.docx,.docx,SMQ BIBLES\weekends\practice\SET 1\CONTEST 26.docx,False
b620ddc93e6b5a1c0d66a99de6fdc8d3854d43c7e52fc91f19ac449886d5c205,2,CONTEST 27.docx,.docx,SMQ BIBLES\NSMQ 2015 Questions\CONTEST 27.docx,True
b620ddc93e6b5a1c0d66a99de6fdc8d3854d43c7e52fc91f19ac449886d5c205,2,CONTEST 27.docx,.docx,SMQ BIBLES\weekends\practice\SET 1\CONTEST 27.docx,False
f2b52400b17a34935a16e16735c212669ac6296b8713011fff525f9ffb0e2659,2,CONTEST 51 (2).docx,.docx,SMQ BIBLES\NSMQ 2015 Questions\CONTEST 51 (2).docx,True
f2b52400b17a34935a16e16735c212669ac6296b8713011fff525f9ffb0e2659,2,CONTEST 52 (2).docx,.docx,SMQ BIBLES\NSMQ 2015 Questions\CONTEST 52 (2).docx,False
18f78c47addaa3d489eae21ff63033b0115d5a6e46113625a10865ef50a77132,2,Biology 2017 Questions Riddles.docx,.docx,SMQ BIBLES\NSMQ 2017\Biology 2017 Questions Riddles.docx,True
18f78c47addaa3d489eae21ff63033b0115d5a6e46113625a10865ef50a77132,2,Biology 2017 Questions Riddles.docx,.docx,SMQ BIBLES\NSMQ 2017\NSMQ  Questions\Biology Questions\Biology 2017 Questions Riddles.docx,False
69540e4fa69bca3d47021f12de6eea4294ffe965ce02f6239fd567f9238deafa,2,Biology 2017 Questions True or false.docx,.docx,SMQ BIBLES\NSMQ 2017\Biology 2017 Questions True or false.docx,True
69540e4fa69bca3d47021f12de6eea4294ffe965ce02f6239fd567f9238deafa,2,Biology 2017 Questions True or false.docx,.docx,SMQ BIBLES\NSMQ 2017\NSMQ  Questions\Biology Questions\Biology 2017 Questions True or false.docx,False
202fbfa60eb032f075b846d02199b681e2fc83fdef8bc79f147c4ea9930d9818,2,Biology 2017(Problem of the Day) - one-eighth to finals.docx,.docx,SMQ BIBLES\NSMQ 2017\Biology 2017(Problem of the Day) - one-eighth to finals.docx,True
202fbfa60eb032f075b846d02199b681e2fc83fdef8bc79f147c4ea9930d9818,2,Biology 2017(Problem of the Day) - one-eighth to finals.docx,.docx,SMQ BIBLES\NSMQ 2017\NSMQ  Questions\Biology Questions\Biology 2017(Problem of the Day) - one-eighth to finals.docx,False
da0857b15ed49ee28b69b361a7704f5a6519df19abd604c38e919eaf8aae13dd,2,Contest 22.docx,.docx,SMQ BIBLES\NSMQ 2017\Contest 22.docx,True
da0857b15ed49ee28b69b361a7704f5a6519df19abd604c38e919eaf8aae13dd,2,Contest 22.docx,.docx,SMQ BIBLES\NSMQ 2017\NSMQ  Questions\Chemistry Questions\Contest 22.docx,False
d191f5a1355f68208ad400e396a645ea6951339b6c19d0898f9779096a927358,2,Contest 4.docx,.docx,SMQ BIBLES\NSMQ 2017\Contest 4.docx,True
d191f5a1355f68208ad400e396a645ea6951339b6c19d0898f9779096a927358,2,Contest 4.docx,.docx,SMQ BIBLES\NSMQ 2017\NSMQ  Questions\Chemistry Questions\Contest 4.docx,False
267bbe47a2c6a28e85d097c13371df9879d24c3e48f411bccc569249ce6f9ae5,2,CONTEST SIX.docx,.docx,SMQ BIBLES\NSMQ 2017\CONTEST SIX.docx,True
267bbe47a2c6a28e85d097c13371df9879d24c3e48f411bccc569249ce6f9ae5,2,CONTEST SIX.docx,.docx,SMQ BIBLES\NSMQ 2017\REGIONAL     EDITEDMSQ\CONTEST SIX.docx,False
469328d9b2f986a4cda7c10bb3fda11694bc24750ad24c41e999e87f859539d4,2,CONTEST TWO.docx,.docx,SMQ BIBLES\NSMQ 2017\CONTEST TWO.docx,True
469328d9b2f986a4cda7c10bb3fda11694bc24750ad24c41e999e87f859539d4,2,CONTEST TWO.docx,.docx,SMQ BIBLES\NSMQ 2017\REGIONAL     EDITEDMSQ\CONTEST TWO.docx,False
6eafe12937bcc5b561f4eebcdd575c21ef98b47d780b9b4a77bbb9a22a9b35da,2,FINAL.docx,.docx,SMQ BIBLES\NSMQ 2017\FINAL.docx,True
6eafe12937bcc5b561f4eebcdd575c21ef98b47d780b9b4a77bbb9a22a9b35da,2,FINAL.docx,.docx,SMQ BIBLES\NSMQ 2017\REGIONAL     EDITEDMSQ\FINAL.docx,False
57e31eb0e53af8e5613dd9fb6c4387a7fde7f52b54d9333021f32ec0eaf6dc17,2,NSMQ 2017 Biology Questions Round 1.docx,.docx,SMQ BIBLES\NSMQ 2017\NSMQ 2017 Biology Questions Round 1.docx,True
57e31eb0e53af8e5613dd9fb6c4387a7fde7f52b54d9333021f32ec0eaf6dc17,2,NSMQ 2017 Biology Questions Round 1.docx,.docx,SMQ BIBLES\NSMQ 2017\NSMQ  Questions\Biology Questions\NSMQ 2017 Biology Questions Round 1.docx,False
d70c62caa5854f498f451a7443f56dd4d304cb81743b8715315e58e76410613d,2,NSMQ Finals 2017 - Maths Questions Problem of the day 2017.docx,.docx,SMQ BIBLES\NSMQ 2017\NSMQ Finals 2017 - Maths Questions Problem of the day 2017.docx,True
d70c62caa5854f498f451a7443f56dd4d304cb81743b8715315e58e76410613d,2,NSMQ Finals 2017 - Maths Questions Problem of the day 2017.docx,.docx,SMQ BIBLES\NSMQ 2017\NSMQ  Questions\Maths Questions\NSMQ Finals 2017 - Maths Questions Problem of the day 2017.docx,False
5725ce44f3f27d4e7445f2ea638ece28d0e5e23d985ccbdb1438fe5319b9eadd,2,Round 2 - Physics 2017.docx,.docx,SMQ BIBLES\NSMQ 2017\Round 2 - Physics 2017.docx,True
5725ce44f3f27d4e7445f2ea638ece28d0e5e23d985ccbdb1438fe5319b9eadd,2,Round 2 - Physics 2017.docx,.docx,SMQ BIBLES\NSMQ 2017\NSMQ  Questions\Physics Questions\Round 2 - Physics 2017.docx,False
05d5fcedb743516b8b9a9f0be1f7ed8aa9ffb1cc98bf12736939c5906e2e6286,2,Round 5 - Physics 2017.docx,.docx,SMQ BIBLES\NSMQ 2017\Round 5 - Physics 2017.docx,True
05d5fcedb743516b8b9a9f0be1f7ed8aa9ffb1cc98bf12736939c5906e2e6286,2,Round 5 - Physics 2017.docx,.docx,SMQ BIBLES\NSMQ 2017\NSMQ  Questions\Physics Questions\Round 5 - Physics 2017.docx,False
2f99e93874fe11eebca5fc7278848303914b81a6e7f5624d056e695aaf097ab5,2,11.doc,.doc,SMQ BIBLES\weekends\complicated questions\riddles\11.doc,True
2f99e93874fe11eebca5fc7278848303914b81a6e7f5624d056e695aaf097ab5,2,ROUND5.doc,.doc,SMQ BIBLES\NSMQ 2009\Ready for Editing\CONTEST11\ROUND5.doc,False
875f07bf827846c800ab349f2823474bae78c7185dc00c69150fb2b7fe465ee3,2,13.doc,.doc,SMQ BIBLES\weekends\complicated questions\riddles\13.doc,True
875f07bf827846c800ab349f2823474bae78c7185dc00c69150fb2b7fe465ee3,2,ROUND5.doc,.doc,SMQ BIBLES\NSMQ 2009\Ready for Editing\CONTEST13\ROUND5.doc,False
3578320ccdf9b0864d5958193740cf6ed4a200708ab75cb15a91f57a8b99d0e4,2,17.doc,.doc,SMQ BIBLES\weekends\complicated questions\riddles\17.doc,True
3578320ccdf9b0864d5958193740cf6ed4a200708ab75cb15a91f57a8b99d0e4,2,ROUND 5.doc,.doc,SMQ BIBLES\NSMQ 2009\Ready for Editing\CONTEST17\ROUND 5.doc,False
415212010830a2089726aaaeacce4c2542aa996e9417571251fbc0f294ba13f4,2,2.doc,.doc,SMQ BIBLES\weekends\complicated questions\riddles\2.doc,True
415212010830a2089726aaaeacce4c2542aa996e9417571251fbc0f294ba13f4,2,Round 5.doc,.doc,SMQ BIBLES\NSMQ 2009\Ready for Editing\CONTEST2\Round 5.doc,False
800e302f27d3f703c2cd983806d828b7e0b754751f27e1784d1832e7841ec0b1,2,21.doc,.doc,SMQ BIBLES\weekends\complicated questions\riddles\21.doc,True
800e302f27d3f703c2cd983806d828b7e0b754751f27e1784d1832e7841ec0b1,2,ROUND 5.doc,.doc,SMQ BIBLES\NSMQ 2009\Ready for Editing\CONTEST21\ROUND 5.doc,False
57a3f60f6c06698a2c0cb53a8a3f975bb7e844264c0880e49096a0be69647275,2,3.doc,.doc,SMQ BIBLES\weekends\complicated questions\riddles\3.doc,True
57a3f60f6c06698a2c0cb53a8a3f975bb7e844264c0880e49096a0be69647275,2,ROUND5.doc,.doc,SMQ BIBLES\NSMQ 2009\Ready for Editing\CONTEST3\ROUND5.doc,False
5371e579b8b282aaca04ee507c36d0e2845b856ed50760f9691f1908cae5d39f,2,10.docx,.docx,SMQ BIBLES\weekends\complicated questions\true or false\10.docx,True
5371e579b8b282aaca04ee507c36d0e2845b856ed50760f9691f1908cae5d39f,2,Round 4.docx,.docx,SMQ BIBLES\NSMQ 2009\Ready for Editing\CONTEST10\Round 4.docx,False
43e03dfd14b3daa11462f7b4dafccdbbccb4ec38890d6dc6494f24473221bfea,2,14.doc,.doc,SMQ BIBLES\weekends\complicated questions\true or false\14.doc,True
43e03dfd14b3daa11462f7b4dafccdbbccb4ec38890d6dc6494f24473221bfea,2,ROUND4.doc,.doc,SMQ BIBLES\NSMQ 2009\Ready for Editing\CONTEST14\ROUND4.doc,False
6804ea0611b3b42e8109d4294e5b6335f24f82f66c9080eef374a81854df10d1,2,17.doc,.doc,SMQ BIBLES\weekends\complicated questions\true or false\17.doc,True
6804ea0611b3b42e8109d4294e5b6335f24f82f66c9080eef374a81854df10d1,2,ROUND 4.doc,.doc,SMQ BIBLES\NSMQ 2009\Ready for Editing\CONTEST17\ROUND 4.doc,False
1cde478bc264a56e7bfd99a9fa639f9677bb5348515896373b728adac7e460eb,2,21.doc,.doc,SMQ BIBLES\weekends\complicated questions\true or false\21.doc,True
1cde478bc264a56e7bfd99a9fa639f9677bb5348515896373b728adac7e460eb,2,ROUND 4.doc,.doc,SMQ BIBLES\NSMQ 2009\Ready for Editing\CONTEST21\ROUND 4.doc,False
06b627249a4d38b36beba5aee623464d20d88d01e39371e130a49c442f25e3b2,2,9.doc,.doc,SMQ BIBLES\weekends\complicated questions\true or false\9.doc,True
06b627249a4d38b36beba5aee623464d20d88d01e39371e130a49c442f25e3b2,2,ROUND 4.doc,.doc,SMQ BIBLES\NSMQ 2009\Ready for Editing\CONTEST9\ROUND 4.doc,False
a3fd8f8e24b9d266d5c7aa09eed87ba8d8f78d982ea1255eddd29a32882eff93,2,One-Eighth - Finals Riddles .docx,.docx,SMQ BIBLES\NSMQ2020\BIOLOGY\One-Eighth - Finals Riddles .docx,True
a3fd8f8e24b9d266d5c7aa09eed87ba8d8f78d982ea1255eddd29a32882eff93,2,One-Eighth - Finals Riddles .docx,.docx,SMQ BIBLES\NSMQ 2020\BIOLOGY\One-Eighth - Finals Riddles .docx,False
01703d85adf932d53be53889fcbe82d1f6d1578c825be17d5b018c0568a8578b,2,One-Eighth - Finals Round 1.docx,.docx,SMQ BIBLES\NSMQ2020\BIOLOGY\One-Eighth - Finals Round 1.docx,True
01703d85adf932d53be53889fcbe82d1f6d1578c825be17d5b018c0568a8578b,2,One-Eighth - Finals Round 1.docx,.docx,SMQ BIBLES\NSMQ 2020\BIOLOGY\One-Eighth - Finals Round 1.docx,False
ea4103bc223f1fb495f5541f544a3f8fc3a8ae3008e7e1551145b9e7ed6a8e52,2,One-Eighth - Finals Speed Race.docx,.docx,SMQ BIBLES\NSMQ2020\BIOLOGY\One-Eighth - Finals Speed Race.docx,True
ea4103bc223f1fb495f5541f544a3f8fc3a8ae3008e7e1551145b9e7ed6a8e52,2,One-Eighth - Finals Speed Race.docx,.docx,SMQ BIBLES\NSMQ 2020\BIOLOGY\One-Eighth - Finals Speed Race.docx,False
ff865a8d28af7b275ca5291c6d7f073b94839c698492bd5b2bb4838e8b698598,2,One-Eighth - Finals True or False.docx,.docx,SMQ BIBLES\NSMQ2020\BIOLOGY\One-Eighth - Finals True or False.docx,True
ff865a8d28af7b275ca5291c6d7f073b94839c698492bd5b2bb4838e8b698598,2,One-Eighth - Finals True or False.docx,.docx,SMQ BIBLES\NSMQ 2020\BIOLOGY\One-Eighth - Finals True or False.docx,False
f780729ae815f1c193036f63bcd6a8c6aeecca1ad51272279469cc9db3229fee,2,NC 1.docx,.docx,SMQ BIBLES\NSMQ2020\CHEMISTRY\NC 1.docx,True
f780729ae815f1c193036f63bcd6a8c6aeecca1ad51272279469cc9db3229fee,2,NC 1.docx,.docx,SMQ BIBLES\NSMQ 2020\Chemistry\NC 1.docx,False
3126adab5f721e0295fb55a78b3d44f08c9ed19f45f520c0005eec75d9434f5e,2,NC 10.docx,.docx,SMQ BIBLES\NSMQ2020\CHEMISTRY\NC 10.docx,True
3126adab5f721e0295fb55a78b3d44f08c9ed19f45f520c0005eec75d9434f5e,2,NC 10.docx,.docx,SMQ BIBLES\NSMQ 2020\Chemistry\NC 10.docx,False
5f7788c28dad58ee0fcf8283f11123d7974d002ce443e2438ca561b35d7fc203,2,NC 11.docx,.docx,SMQ BIBLES\NSMQ2020\CHEMISTRY\NC 11.docx,True
5f7788c28dad58ee0fcf8283f11123d7974d002ce443e2438ca561b35d7fc203,2,NC 11.docx,.docx,SMQ BIBLES\NSMQ 2020\Chemistry\NC 11.docx,False
5d03b396d6f5b2400c3c06bb7b078e5f117672d9d15730bb24b1ec9725bad2d3,2,NC 12.docx,.docx,SMQ BIBLES\NSMQ2020\CHEMISTRY\NC 12.docx,True
5d03b396d6f5b2400c3c06bb7b078e5f117672d9d15730bb24b1ec9725bad2d3,2,NC 12.docx,.docx,SMQ BIBLES\NSMQ 2020\Chemistry\NC 12.docx,False
87ac8c9abf34202f1afeebc0403f2c0c3b47740a65fb1d2b30c55ae30f7af88b,2,NC 13.docx,.docx,SMQ BIBLES\NSMQ2020\CHEMISTRY\NC 13.docx,True
87ac8c9abf34202f1afeebc0403f2c0c3b47740a65fb1d2b30c55ae30f7af88b,2,NC 13.docx,.docx,SMQ BIBLES\NSMQ 2020\Chemistry\NC 13.docx,False
66a1bdb8a69a4fe363d625d31306eb1fe5b057f0569616feefd385a81a0afbb8,2,NC 14.docx,.docx,SMQ BIBLES\NSMQ2020\CHEMISTRY\NC 14.docx,True
66a1bdb8a69a4fe363d625d31306eb1fe5b057f0569616feefd385a81a0afbb8,2,NC 14.docx,.docx,SMQ BIBLES\NSMQ 2020\Chemistry\NC 14.docx,False
962d4bbf098049eb0b564cedf80e6aa3bcdd3df966def34de04e2736264d0ce9,2,NC 15.docx,.docx,SMQ BIBLES\NSMQ2020\CHEMISTRY\NC 15.docx,True
962d4bbf098049eb0b564cedf80e6aa3bcdd3df966def34de04e2736264d0ce9,2,NC 15.docx,.docx,SMQ BIBLES\NSMQ 2020\Chemistry\NC 15.docx,False
b48b5ef99689e6440a76e12b48fbe9ffc13b7a3cbdcde2247deb0246f3b6b7f1,2,NC 16.docx,.docx,SMQ BIBLES\NSMQ2020\CHEMISTRY\NC 16.docx,True
b48b5ef99689e6440a76e12b48fbe9ffc13b7a3cbdcde2247deb0246f3b6b7f1,2,NC 16.docx,.docx,SMQ BIBLES\NSMQ 2020\Chemistry\NC 16.docx,False
a7030cf12afa2bf391fb85bae34a3ae0e51528c94a1e351ec34e28aef3329265,2,NC 17.docx,.docx,SMQ BIBLES\NSMQ2020\CHEMISTRY\NC 17.docx,True
a7030cf12afa2bf391fb85bae34a3ae0e51528c94a1e351ec34e28aef3329265,2,NC 17.docx,.docx,SMQ BIBLES\NSMQ 2020\Chemistry\NC 17.docx,False
8af2d26c4c43e64ccdca25c0fc4f4f7e711f34d823206a6cefe7954bca0afd44,2,NC 18.docx,.docx,SMQ BIBLES\NSMQ2020\CHEMISTRY\NC 18.docx,True
8af2d26c4c43e64ccdca25c0fc4f4f7e711f34d823206a6cefe7954bca0afd44,2,NC 18.docx,.docx,SMQ BIBLES\NSMQ 2020\Chemistry\NC 18.docx,False
6149f7ef1bcddeef5dc2f09154c0397362cd35af84040d906f24facf2af34a52,2,NC 19.docx,.docx,SMQ BIBLES\NSMQ2020\CHEMISTRY\NC 19.docx,True
6149f7ef1bcddeef5dc2f09154c0397362cd35af84040d906f24facf2af34a52,2,NC 19.docx,.docx,SMQ BIBLES\NSMQ 2020\Chemistry\NC 19.docx,False
95cf935d41e3d1f7d5ff98ca8260931f198531207aa55ad43ce2cdac67462dae,2,NC 2.docx,.docx,SMQ BIBLES\NSMQ2020\CHEMISTRY\NC 2.docx,True
95cf935d41e3d1f7d5ff98ca8260931f198531207aa55ad43ce2cdac67462dae,2,NC 2.docx,.docx,SMQ BIBLES\NSMQ 2020\Chemistry\NC 2.docx,False
35743f758ed2e84543ee7719562127309cee97df0a29f88c32006b93edbbd0ae,2,NC 20.docx,.docx,SMQ BIBLES\NSMQ2020\CHEMISTRY\NC 20.docx,True
35743f758ed2e84543ee7719562127309cee97df0a29f88c32006b93edbbd0ae,2,NC 20.docx,.docx,SMQ BIBLES\NSMQ 2020\Chemistry\NC 20.docx,False
f1b8cb48fa19478cb4b2aeec8a16638a3b6c26ccccbea952810da6d0ba0736be,2,NC 21.docx,.docx,SMQ BIBLES\NSMQ2020\CHEMISTRY\NC 21.docx,True
f1b8cb48fa19478cb4b2aeec8a16638a3b6c26ccccbea952810da6d0ba0736be,2,NC 21.docx,.docx,SMQ BIBLES\NSMQ 2020\Chemistry\NC 21.docx,False
a384e3b045bd674c71e2498a94546ed406730b0b17b0382181ad4f0df7257402,2,NC 22.docx,.docx,SMQ BIBLES\NSMQ2020\CHEMISTRY\NC 22.docx,True
a384e3b045bd674c71e2498a94546ed406730b0b17b0382181ad4f0df7257402,2,NC 22.docx,.docx,SMQ BIBLES\NSMQ 2020\Chemistry\NC 22.docx,False
f100041232ae3851f3682e35160d2251619cd3d8886fe28e2e6b1411d37f996b,2,NC 23.docx,.docx,SMQ BIBLES\NSMQ2020\CHEMISTRY\NC 23.docx,True
f100041232ae3851f3682e35160d2251619cd3d8886fe28e2e6b1411d37f996b,2,NC 23.docx,.docx,SMQ BIBLES\NSMQ 2020\Chemistry\NC 23.docx,False
a6f6f1065ab65ce40f8dfcc644cec8be8fadf96a92b54e3f02ff5104c7291746,2,NC 24.docx,.docx,SMQ BIBLES\NSMQ2020\CHEMISTRY\NC 24.docx,True
a6f6f1065ab65ce40f8dfcc644cec8be8fadf96a92b54e3f02ff5104c7291746,2,NC 24.docx,.docx,SMQ BIBLES\NSMQ 2020\Chemistry\NC 24.docx,False
6ae985ba7c254cfdf22c01d1859b3c3fe7cd90ac93aa36378a878dca5c1b3b73,2,NC 25.docx,.docx,SMQ BIBLES\NSMQ2020\CHEMISTRY\NC 25.docx,True
6ae985ba7c254cfdf22c01d1859b3c3fe7cd90ac93aa36378a878dca5c1b3b73,2,NC 25.docx,.docx,SMQ BIBLES\NSMQ 2020\Chemistry\NC 25.docx,False
304c374e433165c67478ecf27981c9f1858986f30a0be10a65a03bbec32ad799,2,NC 26.docx,.docx,SMQ BIBLES\NSMQ2020\CHEMISTRY\NC 26.docx,True
304c374e433165c67478ecf27981c9f1858986f30a0be10a65a03bbec32ad799,2,NC 26.docx,.docx,SMQ BIBLES\NSMQ 2020\Chemistry\NC 26.docx,False
3697901e6e2acd253fd8a3d5a3ae7b0ae2dc7e90e72d94912e9dc730fc7e8f4c,2,NC 27.docx,.docx,SMQ BIBLES\NSMQ2020\CHEMISTRY\NC 27.docx,True
3697901e6e2acd253fd8a3d5a3ae7b0ae2dc7e90e72d94912e9dc730fc7e8f4c,2,NC 27.docx,.docx,SMQ BIBLES\NSMQ 2020\Chemistry\NC 27.docx,False
3d042d79913fcbafeffb0b6809b56dd41c84aa1563d48afab85a875ee05b6687,2,NC 28.docx,.docx,SMQ BIBLES\NSMQ2020\CHEMISTRY\NC 28.docx,True
3d042d79913fcbafeffb0b6809b56dd41c84aa1563d48afab85a875ee05b6687,2,NC 28.docx,.docx,SMQ BIBLES\NSMQ 2020\Chemistry\NC 28.docx,False
20d54cc467bfcc425fb7f81a7973e1a52aa7008457ede171fb0fac6507498a00,2,NC 29.docx,.docx,SMQ BIBLES\NSMQ2020\CHEMISTRY\NC 29.docx,True
20d54cc467bfcc425fb7f81a7973e1a52aa7008457ede171fb0fac6507498a00,2,NC 29.docx,.docx,SMQ BIBLES\NSMQ 2020\Chemistry\NC 29.docx,False
6b32e630a68e68302eb243808769727cfa8525ca20cfbe5b58d17d39a9d37992,2,NC 3.docx,.docx,SMQ BIBLES\NSMQ2020\CHEMISTRY\NC 3.docx,True
6b32e630a68e68302eb243808769727cfa8525ca20cfbe5b58d17d39a9d37992,2,NC 3.docx,.docx,SMQ BIBLES\NSMQ 2020\Chemistry\NC 3.docx,False
b73ef26a94c7265a166be0e10b20f887eeea9534092e532ce8565d52f6a49b89,2,NC 30.docx,.docx,SMQ BIBLES\NSMQ2020\CHEMISTRY\NC 30.docx,True
b73ef26a94c7265a166be0e10b20f887eeea9534092e532ce8565d52f6a49b89,2,NC 30.docx,.docx,SMQ BIBLES\NSMQ 2020\Chemistry\NC 30.docx,False
0106c5ae3ef3723662084bc649e8f76f2dba174049b6ffe4961ac15be42ea209,2,NC 31.docx,.docx,SMQ BIBLES\NSMQ2020\CHEMISTRY\NC 31.docx,True
0106c5ae3ef3723662084bc649e8f76f2dba174049b6ffe4961ac15be42ea209,2,NC 31.docx,.docx,SMQ BIBLES\NSMQ 2020\Chemistry\NC 31.docx,False
12fbc2f29c8d7dcaff4f4345db9709fda0d7142251bc41e0ada6707e10dba4b5,2,NC 32.docx,.docx,SMQ BIBLES\NSMQ2020\CHEMISTRY\NC 32.docx,True
12fbc2f29c8d7dcaff4f4345db9709fda0d7142251bc41e0ada6707e10dba4b5,2,NC 32.docx,.docx,SMQ BIBLES\NSMQ 2020\Chemistry\NC 32.docx,False
9be96d401ac3600a38766d5c0d1cf89850f191f1a743e96bfa5e40e6c52859c1,2,NC 33.docx,.docx,SMQ BIBLES\NSMQ2020\CHEMISTRY\NC 33.docx,True
9be96d401ac3600a38766d5c0d1cf89850f191f1a743e96bfa5e40e6c52859c1,2,NC 33.docx,.docx,SMQ BIBLES\NSMQ 2020\Chemistry\NC 33.docx,False
185a11232be4a135298012e549ea022a6e50101a9156ee5b2a166d92a8eec8e5,2,NC 34.docx,.docx,SMQ BIBLES\NSMQ2020\CHEMISTRY\NC 34.docx,True
185a11232be4a135298012e549ea022a6e50101a9156ee5b2a166d92a8eec8e5,2,NC 34.docx,.docx,SMQ BIBLES\NSMQ 2020\Chemistry\NC 34.docx,False
f1a5b03abf29bcbd0c61f8b802bd8ab5a55807f78ef8f078b3945c82cedd8081,2,NC 35.docx,.docx,SMQ BIBLES\NSMQ2020\CHEMISTRY\NC 35.docx,True
f1a5b03abf29bcbd0c61f8b802bd8ab5a55807f78ef8f078b3945c82cedd8081,2,NC 35.docx,.docx,SMQ BIBLES\NSMQ 2020\Chemistry\NC 35.docx,False
422398d2031ca1696dd59b6d8f7c7ee131614ec4d7126485852c8189e7a6ef86,2,NC 36.docx,.docx,SMQ BIBLES\NSMQ2020\CHEMISTRY\NC 36.docx,True
422398d2031ca1696dd59b6d8f7c7ee131614ec4d7126485852c8189e7a6ef86,2,NC 36.docx,.docx,SMQ BIBLES\NSMQ 2020\Chemistry\NC 36.docx,False
5d26b5a51dc594ab431eba2292969bf875d783bcaf6b58ceef80100b95445ffe,2,NC 37.docx,.docx,SMQ BIBLES\NSMQ2020\CHEMISTRY\NC 37.docx,True
5d26b5a51dc594ab431eba2292969bf875d783bcaf6b58ceef80100b95445ffe,2,NC 37.docx,.docx,SMQ BIBLES\NSMQ 2020\Chemistry\NC 37.docx,False
78846b82f099a450198c784eed3e022d18618731080ecec0bf0df04e14eed725,2,NC 38.docx,.docx,SMQ BIBLES\NSMQ2020\CHEMISTRY\NC 38.docx,True
78846b82f099a450198c784eed3e022d18618731080ecec0bf0df04e14eed725,2,NC 38.docx,.docx,SMQ BIBLES\NSMQ 2020\Chemistry\NC 38.docx,False
29ee6060f5cb46fedb2afd224b74e709b2c0e767c7a084b48aa1df1257c80850,2,NC 39.docx,.docx,SMQ BIBLES\NSMQ2020\CHEMISTRY\NC 39.docx,True
29ee6060f5cb46fedb2afd224b74e709b2c0e767c7a084b48aa1df1257c80850,2,NC 39.docx,.docx,SMQ BIBLES\NSMQ 2020\Chemistry\NC 39.docx,False
fa89fb8d0ebece6125fed56f109c7c9b6b9f0939811e09a89fec97aff69281a8,2,NC 4.docx,.docx,SMQ BIBLES\NSMQ2020\CHEMISTRY\NC 4.docx,True
fa89fb8d0ebece6125fed56f109c7c9b6b9f0939811e09a89fec97aff69281a8,2,NC 4.docx,.docx,SMQ BIBLES\NSMQ 2020\Chemistry\NC 4.docx,False
d7ae54aadeb20eb6131ec0d1e61912bf67ea25eff9369d4176df7ec477bec649,2,NC 40.docx,.docx,SMQ BIBLES\NSMQ2020\CHEMISTRY\NC 40.docx,True
d7ae54aadeb20eb6131ec0d1e61912bf67ea25eff9369d4176df7ec477bec649,2,NC 40.docx,.docx,SMQ BIBLES\NSMQ 2020\Chemistry\NC 40.docx,False
b71e2f8aca3418dd3f91f0bae978346595ad6bc06980d6d032ea120a164d9f3f,2,NC 5.docx,.docx,SMQ BIBLES\NSMQ2020\CHEMISTRY\NC 5.docx,True
b71e2f8aca3418dd3f91f0bae978346595ad6bc06980d6d032ea120a164d9f3f,2,NC 5.docx,.docx,SMQ BIBLES\NSMQ 2020\Chemistry\NC 5.docx,False
35561d3f9fbb6ede7e9efd4748798cc39063609e2e592f765f588fdc6d748216,2,NC 6.docx,.docx,SMQ BIBLES\NSMQ2020\CHEMISTRY\NC 6.docx,True
35561d3f9fbb6ede7e9efd4748798cc39063609e2e592f765f588fdc6d748216,2,NC 6.docx,.docx,SMQ BIBLES\NSMQ 2020\Chemistry\NC 6.docx,False
7025e12534e7fe88bc698e1e4fb3855ee16d9e75b4cb921cf5fbae1e64251da2,2,NC 7.docx,.docx,SMQ BIBLES\NSMQ2020\CHEMISTRY\NC 7.docx,True
7025e12534e7fe88bc698e1e4fb3855ee16d9e75b4cb921cf5fbae1e64251da2,2,NC 7.docx,.docx,SMQ BIBLES\NSMQ 2020\Chemistry\NC 7.docx,False
4fab5787b99d200ac86cb5fadb027bbc690e5d5411dc2fc5ebbfc0f03b1a625b,2,NC 8.docx,.docx,SMQ BIBLES\NSMQ2020\CHEMISTRY\NC 8.docx,True
4fab5787b99d200ac86cb5fadb027bbc690e5d5411dc2fc5ebbfc0f03b1a625b,2,NC 8.docx,.docx,SMQ BIBLES\NSMQ 2020\Chemistry\NC 8.docx,False
6858f679229f647b5152c8527c686b67bbcd1623034b7aaa94360f5f6f53cc09,2,NC 9.docx,.docx,SMQ BIBLES\NSMQ2020\CHEMISTRY\NC 9.docx,True
6858f679229f647b5152c8527c686b67bbcd1623034b7aaa94360f5f6f53cc09,2,NC 9.docx,.docx,SMQ BIBLES\NSMQ 2020\Chemistry\NC 9.docx,False
9d24187f0f8021f43d037de7a8d1403245a8e3f03193751a1755c041ad88f889,2,PROBLEM OF THE DAY-2020.docx,.docx,SMQ BIBLES\NSMQ2020\CHEMISTRY\PROBLEM OF THE DAY-2020.docx,True
9d24187f0f8021f43d037de7a8d1403245a8e3f03193751a1755c041ad88f889,2,PROBLEM OF THE DAY-2020.docx,.docx,SMQ BIBLES\NSMQ 2020\BIOLOGY\PROBLEM OF THE DAY-2020.docx,False
55c8b08b6f335cd0051c269cb3e921a09c337d19c13026ccd5cdb189b175ecad,2,NSMQ 2020 Mathematics One-Eighth .docx,.docx,SMQ BIBLES\NSMQ2020\MATHEMATICS\NSMQ 2020 Mathematics One-Eighth .docx,True
55c8b08b6f335cd0051c269cb3e921a09c337d19c13026ccd5cdb189b175ecad,2,NSMQ 2020 Mathematics One-Eighth .docx,.docx,SMQ BIBLES\NSMQ 2020\Mathematics_\NSMQ 2020 Mathematics One-Eighth .docx,False
38184876d6ab996d68d59ea39cb9eda658a3f9e913af20c4c8c2013dbfcf79a1,2,NSMQ 2020 Mathematics One-Eighth to Finals POTD.docx,.docx,SMQ BIBLES\NSMQ2020\MATHEMATICS\NSMQ 2020 Mathematics One-Eighth to Finals POTD.docx,True
38184876d6ab996d68d59ea39cb9eda658a3f9e913af20c4c8c2013dbfcf79a1,2,NSMQ 2020 Mathematics One-Eighth to Finals POTD.docx,.docx,SMQ BIBLES\NSMQ 2020\Mathematics_\NSMQ 2020 Mathematics One-Eighth to Finals POTD.docx,False
5bc55300ce20dda5d56a522b106d236d0a5dccbf4feeed8d0bb5e43f70401bf6,2,POTD - Physics 2020.docx,.docx,SMQ BIBLES\NSMQ2020\PHYSICS\POTD - Physics 2020.docx,True
5bc55300ce20dda5d56a522b106d236d0a5dccbf4feeed8d0bb5e43f70401bf6,2,POTD - Physics 2020.docx,.docx,SMQ BIBLES\NSMQ 2020\Physics\POTD - Physics 2020.docx,False
2035421845fe3288f366de32fe0ffb81dfee31cc42549fb8ae0ab9fe52e3e3f7,2,Round 1 - Physics 2020.docx,.docx,SMQ BIBLES\NSMQ2020\PHYSICS\Round 1 - Physics 2020.docx,True
2035421845fe3288f366de32fe0ffb81dfee31cc42549fb8ae0ab9fe52e3e3f7,2,Round 1 - Physics 2020.docx,.docx,SMQ BIBLES\NSMQ 2020\Physics\Round 1 - Physics 2020.docx,False
11013df7642a551243b6465751b9f881e48f4d22050bc12d7141d1d276966d80,2,Round 2 - Physics 2020.docx,.docx,SMQ BIBLES\NSMQ2020\PHYSICS\Round 2 - Physics 2020.docx,True
11013df7642a551243b6465751b9f881e48f4d22050bc12d7141d1d276966d80,2,Round 2 - Physics 2020.docx,.docx,SMQ BIBLES\NSMQ 2020\Physics\Round 2 - Physics 2020.docx,False
449e61669f65093fcc90022cbfe4a6118b163ca554f3ae3c8c85896c9ad22d60,2,Round 4 - Physics 2020.docx,.docx,SMQ BIBLES\NSMQ2020\PHYSICS\Round 4 - Physics 2020.docx,True
449e61669f65093fcc90022cbfe4a6118b163ca554f3ae3c8c85896c9ad22d60,2,Round 4 - Physics 2020.docx,.docx,SMQ BIBLES\NSMQ 2020\Physics\Round 4 - Physics 2020.docx,False
42a856a825371b4676b69018f3d7bb3da43398430b6323a9b2ec2d7604bafe42,2,Round 5 - Physics 2020.docx,.docx,SMQ BIBLES\NSMQ2020\PHYSICS\Round 5 - Physics 2020.docx,True
42a856a825371b4676b69018f3d7bb3da43398430b6323a9b2ec2d7604bafe42,2,Round 5 - Physics 2020.docx,.docx,SMQ BIBLES\NSMQ 2020\Physics\Round 5 - Physics 2020.docx,False
e7104bc4ccb5735e5114d1b94d7ddf60c56d232e49296a6e2d01c4c76b9abee6,2,Round 3 - Physics 2019 (N).docx,.docx,SMQ BIBLES\NSMQ-2019\Physics\Physics one-eigth to finals\Round 3 - Physics 2019 (N).docx,True
e7104bc4ccb5735e5114d1b94d7ddf60c56d232e49296a6e2d01c4c76b9abee6,2,Round 3 - Physics 2019 (N).docx,.docx,SMQ BIBLES\NSMQ-2019\NSMQ\Physics\Physics one-eigth to finals\Round 3 - Physics 2019 (N).docx,False
3b9f18e61bb1cce596141c3368f016554d7bd8cfe66b98df941780b81c8ab2c6,2,Round 4 - Physics.docx,.docx,SMQ BIBLES\NSMQ-2019\Physics\Physics one-eigth to finals\Round 4 - Physics.docx,True
3b9f18e61bb1cce596141c3368f016554d7bd8cfe66b98df941780b81c8ab2c6,2,Round 4 - Physics.docx,.docx,SMQ BIBLES\NSMQ-2019\NSMQ\Physics\Physics one-eigth to finals\Round 4 - Physics.docx,False
68215d0842a1c3b177ddfad93b9703c3b8f2867941e3375e41e62f594968e347,2,Round 5 - Physics.docx,.docx,SMQ BIBLES\NSMQ-2019\Physics\Physics one-eigth to finals\Round 5 - Physics.docx,True
68215d0842a1c3b177ddfad93b9703c3b8f2867941e3375e41e62f594968e347,2,Round 5 - Physics.docx,.docx,SMQ BIBLES\NSMQ-2019\NSMQ\Physics\Physics one-eigth to finals\Round 5 - Physics.docx,False
9a31c8a80e26bad5398a275839910b203c78b11fff7145dba05527afcc2f79d0,2,Prelims Round 4N - Physics.docx,.docx,SMQ BIBLES\NSMQ-2019\Physics\Physics Prelims\Prelims Round 4N - Physics.docx,True
9a31c8a80e26bad5398a275839910b203c78b11fff7145dba05527afcc2f79d0,2,Prelims Round 4N - Physics.docx,.docx,SMQ BIBLES\NSMQ-2019\NSMQ\Physics\Physics Prelims\Prelims Round 4N - Physics.docx,False
b2af964782ecaf0137e9fa16a9578f215a8fbbc7884e10528803cf268bfa0359,2,Maths Prelim POTD.docx,.docx,SMQ BIBLES\NSMQ-2019\NSMQ\Maths\Maths Prelims\Maths Prelim POTD.docx,True
b2af964782ecaf0137e9fa16a9578f215a8fbbc7884e10528803cf268bfa0359,2,Maths Prelim POTD.docx,.docx,SMQ BIBLES\NSMQ-2019\Maths\Maths Prelims\Maths Prelim POTD.docx,False
fc7aeae32f343e7035f305b2144d4964cb3a34d0e1da80c7cf890db6b14d280e,2,MC 28.docx,.docx,SMQ BIBLES\NSMQ-2019\NSMQ\Chemistry\Chemistry one-eighth to finals\MC 28.docx,True
fc7aeae32f343e7035f305b2144d4964cb3a34d0e1da80c7cf890db6b14d280e,2,MC 28.docx,.docx,SMQ BIBLES\NSMQ-2019\Chemistry\Chemistry one-eighth to finals\MC 28.docx,False
e1b82f1858e8659c7311f968427353cdb1c4b0f4f3f2289a2bb70ce797053d9a,2,MC 29.docx,.docx,SMQ BIBLES\NSMQ-2019\NSMQ\Chemistry\Chemistry one-eighth to finals\MC 29.docx,True
e1b82f1858e8659c7311f968427353cdb1c4b0f4f3f2289a2bb70ce797053d9a,2,MC 29.docx,.docx,SMQ BIBLES\NSMQ-2019\Chemistry\Chemistry one-eighth to finals\MC 29.docx,False
685caadfcb69fc4a2fbff8d48a688215209ade46918943f6c5acbf4808070c4b,2,MC 30.docx,.docx,SMQ BIBLES\NSMQ-2019\NSMQ\Chemistry\Chemistry one-eighth to finals\MC 30.docx,True
685caadfcb69fc4a2fbff8d48a688215209ade46918943f6c5acbf4808070c4b,2,MC 30.docx,.docx,SMQ BIBLES\NSMQ-2019\Chemistry\Chemistry one-eighth to finals\MC 30.docx,False
4c34186bf290e0a03bf1140072698f07821c068c95aea137e712e55c136c5224,2,MC 31.docx,.docx,SMQ BIBLES\NSMQ-2019\NSMQ\Chemistry\Chemistry one-eighth to finals\MC 31.docx,True
4c34186bf290e0a03bf1140072698f07821c068c95aea137e712e55c136c5224,2,MC 31.docx,.docx,SMQ BIBLES\NSMQ-2019\Chemistry\Chemistry one-eighth to finals\MC 31.docx,False
7d1eb73c3a92077a08d8b2addf68ea2959d2dca0ab53519dba9263e307e35419,2,MC 32.docx,.docx,SMQ BIBLES\NSMQ-2019\NSMQ\Chemistry\Chemistry one-eighth to finals\MC 32.docx,True
7d1eb73c3a92077a08d8b2addf68ea2959d2dca0ab53519dba9263e307e35419,2,MC 32.docx,.docx,SMQ BIBLES\NSMQ-2019\Chemistry\Chemistry one-eighth to finals\MC 32.docx,False
40b49bb987d7125b49b8ac07c23e32d8a77510158cef37c2d16dbb8a02d40bab,2,MC 33.docx,.docx,SMQ BIBLES\NSMQ-2019\NSMQ\Chemistry\Chemistry one-eighth to finals\MC 33.docx,True
40b49bb987d7125b49b8ac07c23e32d8a77510158cef37c2d16dbb8a02d40bab,2,MC 33.docx,.docx,SMQ BIBLES\NSMQ-2019\Chemistry\Chemistry one-eighth to finals\MC 33.docx,False
6839bbea05eb123a56e5e8d2966f5fe98f5e6e362c1ccdbaa623ca2cd42d9ea5,2,MC 34.docx,.docx,SMQ BIBLES\NSMQ-2019\NSMQ\Chemistry\Chemistry one-eighth to finals\MC 34.docx,True
6839bbea05eb123a56e5e8d2966f5fe98f5e6e362c1ccdbaa623ca2cd42d9ea5,2,MC 34.docx,.docx,SMQ BIBLES\NSMQ-2019\Chemistry\Chemistry one-eighth to finals\MC 34.docx,False
77072cb295c48abcb1349be521b1a68946e21304afd5dda2079ab0eb7e5d774c,2,MC 35.docx,.docx,SMQ BIBLES\NSMQ-2019\NSMQ\Chemistry\Chemistry one-eighth to finals\MC 35.docx,True
77072cb295c48abcb1349be521b1a68946e21304afd5dda2079ab0eb7e5d774c,2,MC 35.docx,.docx,SMQ BIBLES\NSMQ-2019\Chemistry\Chemistry one-eighth to finals\MC 35.docx,False
0be45e095ac57b9cb03bb0938497d705558bafa8c978abfbcb8b4764fd3cff33,2,MC 36.docx,.docx,SMQ BIBLES\NSMQ-2019\NSMQ\Chemistry\Chemistry one-eighth to finals\MC 36.docx,True
0be45e095ac57b9cb03bb0938497d705558bafa8c978abfbcb8b4764fd3cff33,2,MC 36.docx,.docx,SMQ BIBLES\NSMQ-2019\Chemistry\Chemistry one-eighth to finals\MC 36.docx,False
32f8b800757bacaef326b20cfabfcdf78215347238a68ab196abb4c3d84511c5,2,MC 37.docx,.docx,SMQ BIBLES\NSMQ-2019\NSMQ\Chemistry\Chemistry one-eighth to finals\MC 37.docx,True
32f8b800757bacaef326b20cfabfcdf78215347238a68ab196abb4c3d84511c5,2,MC 37.docx,.docx,SMQ BIBLES\NSMQ-2019\Chemistry\Chemistry one-eighth to finals\MC 37.docx,False
334302a67cb04ae296c3299b3de23d6c0bd758ff0ef5e53abe79c934e2cc7c43,2,MC 38.docx,.docx,SMQ BIBLES\NSMQ-2019\NSMQ\Chemistry\Chemistry one-eighth to finals\MC 38.docx,True
334302a67cb04ae296c3299b3de23d6c0bd758ff0ef5e53abe79c934e2cc7c43,2,MC 38.docx,.docx,SMQ BIBLES\NSMQ-2019\Chemistry\Chemistry one-eighth to finals\MC 38.docx,False
0f1892ca3c212a28d7d8cd25a194cd33c22d6901ebfbddb2393fd54ebcebec99,2,MC 39.docx,.docx,SMQ BIBLES\NSMQ-2019\NSMQ\Chemistry\Chemistry one-eighth to finals\MC 39.docx,True
0f1892ca3c212a28d7d8cd25a194cd33c22d6901ebfbddb2393fd54ebcebec99,2,MC 39.docx,.docx,SMQ BIBLES\NSMQ-2019\Chemistry\Chemistry one-eighth to finals\MC 39.docx,False
0f207b211258af23c0013aa7a2fe651137c4c953c08bfeeb5e7158fa71718e3a,2,MC 40.docx,.docx,SMQ BIBLES\NSMQ-2019\NSMQ\Chemistry\Chemistry one-eighth to finals\MC 40.docx,True
0f207b211258af23c0013aa7a2fe651137c4c953c08bfeeb5e7158fa71718e3a,2,MC 40.docx,.docx,SMQ BIBLES\NSMQ-2019\Chemistry\Chemistry one-eighth to finals\MC 40.docx,False
bf94139bad41c1faaeec84c33f8331d83f4ead3985828a7d9f84c9a64afc183a,2,Contest 11.docx,.docx,SMQ BIBLES\NSMQ-2019\NSMQ\Chemistry\Chemistry Prelims\Contest 11.docx,True
bf94139bad41c1faaeec84c33f8331d83f4ead3985828a7d9f84c9a64afc183a,2,Contest 11.docx,.docx,SMQ BIBLES\NSMQ-2019\Chemistry\Chemistry Prelims\Contest 11.docx,False
091a8fdd1309a2752918fb38969aa90f0d57cd04d14ef6eff35cd0cf01597ca9,2,Contest 12.docx,.docx,SMQ BIBLES\NSMQ-2019\NSMQ\Chemistry\Chemistry Prelims\Contest 12.docx,True
091a8fdd1309a2752918fb38969aa90f0d57cd04d14ef6eff35cd0cf01597ca9,2,Contest 12.docx,.docx,SMQ BIBLES\NSMQ-2019\Chemistry\Chemistry Prelims\Contest 12.docx,False
c6e759ff33bf74cfd4008105c8696cd1fd7cefd3a02b9c3176548e920fd0f504,2,Contest 13.docx,.docx,SMQ BIBLES\NSMQ-2019\NSMQ\Chemistry\Chemistry Prelims\Contest 13.docx,True
c6e759ff33bf74cfd4008105c8696cd1fd7cefd3a02b9c3176548e920fd0f504,2,Contest 13.docx,.docx,SMQ BIBLES\NSMQ-2019\Chemistry\Chemistry Prelims\Contest 13.docx,False
323f60a01c56e893473973b9a8982afb199334e2592d4cba23cac1f43064856a,2,Contest 14.docx,.docx,SMQ BIBLES\NSMQ-2019\NSMQ\Chemistry\Chemistry Prelims\Contest 14.docx,True
323f60a01c56e893473973b9a8982afb199334e2592d4cba23cac1f43064856a,2,Contest 14.docx,.docx,SMQ BIBLES\NSMQ-2019\Chemistry\Chemistry Prelims\Contest 14.docx,False
bc9be92be3c21d9d73e83ee5708ccc0cacdb3cb3ae1a76e3988ab9f2e6e90a2d,2,Contest 16.docx,.docx,SMQ BIBLES\NSMQ-2019\NSMQ\Chemistry\Chemistry Prelims\Contest 16.docx,True
bc9be92be3c21d9d73e83ee5708ccc0cacdb3cb3ae1a76e3988ab9f2e6e90a2d,2,Contest 16.docx,.docx,SMQ BIBLES\NSMQ-2019\Chemistry\Chemistry Prelims\Contest 16.docx,False
58c5f9589c2187d7d9821ee0d3266582eacc55856e31b8c3564b1ede26859856,2,Contest 17.docx,.docx,SMQ BIBLES\NSMQ-2019\NSMQ\Chemistry\Chemistry Prelims\Contest 17.docx,True
58c5f9589c2187d7d9821ee0d3266582eacc55856e31b8c3564b1ede26859856,2,Contest 17.docx,.docx,SMQ BIBLES\NSMQ-2019\Chemistry\Chemistry Prelims\Contest 17.docx,False
c1c803d28f399fc3a2d01492375be4f897daa66ec23c60e0bd439f585aa11024,2,Contest 18.docx,.docx,SMQ BIBLES\NSMQ-2019\NSMQ\Chemistry\Chemistry Prelims\Contest 18.docx,True
c1c803d28f399fc3a2d01492375be4f897daa66ec23c60e0bd439f585aa11024,2,Contest 18.docx,.docx,SMQ BIBLES\NSMQ-2019\Chemistry\Chemistry Prelims\Contest 18.docx,False
b8653ee674f2105cafd1b50398e8de9513c98e9397865ffbab17f78f8b14a771,2,Contest 19B.docx,.docx,SMQ BIBLES\NSMQ-2019\NSMQ\Chemistry\Chemistry Prelims\Contest 19B.docx,True
b8653ee674f2105cafd1b50398e8de9513c98e9397865ffbab17f78f8b14a771,2,Contest 19B.docx,.docx,SMQ BIBLES\NSMQ-2019\Chemistry\Chemistry Prelims\Contest 19B.docx,False
205e384b5609251d3270896ff3c34785f6679639f4a0f4389aeeffc95e215ff8,2,Contest 20B.docx,.docx,SMQ BIBLES\NSMQ-2019\NSMQ\Chemistry\Chemistry Prelims\Contest 20B.docx,True
205e384b5609251d3270896ff3c34785f6679639f4a0f4389aeeffc95e215ff8,2,Contest 20B.docx,.docx,SMQ BIBLES\NSMQ-2019\Chemistry\Chemistry Prelims\Contest 20B.docx,False
87d6bbc987efa37de70255bbd8632cbd24b72a370bec15661220bd88264ef459,2,Contest 21B.docx,.docx,SMQ BIBLES\NSMQ-2019\NSMQ\Chemistry\Chemistry Prelims\Contest 21B.docx,True
87d6bbc987efa37de70255bbd8632cbd24b72a370bec15661220bd88264ef459,2,Contest 21B.docx,.docx,SMQ BIBLES\NSMQ-2019\Chemistry\Chemistry Prelims\Contest 21B.docx,False
4182d0becf96022c895ec82d90e63eaad4ccf59f3679540c976b36c8d7903ca5,2,Contest 22B.docx,.docx,SMQ BIBLES\NSMQ-2019\NSMQ\Chemistry\Chemistry Prelims\Contest 22B.docx,True
4182d0becf96022c895ec82d90e63eaad4ccf59f3679540c976b36c8d7903ca5,2,Contest 22B.docx,.docx,SMQ BIBLES\NSMQ-2019\Chemistry\Chemistry Prelims\Contest 22B.docx,False
95aa2f3eae79846db51155e8599f9775e3269bede1cbb0833b509025841ec6e3,2,Contest 23B SUP 1B.docx,.docx,SMQ BIBLES\NSMQ-2019\NSMQ\Chemistry\Chemistry Prelims\Contest 23B SUP 1B.docx,True
95aa2f3eae79846db51155e8599f9775e3269bede1cbb0833b509025841ec6e3,2,Contest 23B SUP 1B.docx,.docx,SMQ BIBLES\NSMQ-2019\Chemistry\Chemistry Prelims\Contest 23B SUP 1B.docx,False
1509dafa3707f5f98598937740df93665393175a1f5560d611252735bb8b252a,2,Contest 23B.docx,.docx,SMQ BIBLES\NSMQ-2019\NSMQ\Chemistry\Chemistry Prelims\Contest 23B.docx,True
1509dafa3707f5f98598937740df93665393175a1f5560d611252735bb8b252a,2,Contest 23B.docx,.docx,SMQ BIBLES\NSMQ-2019\Chemistry\Chemistry Prelims\Contest 23B.docx,False
8c42047352e6ec5af17eb3e0bc578a023a023c13e7cc9497dbb120815f92f9f3,2,Contest 24B.docx,.docx,SMQ BIBLES\NSMQ-2019\NSMQ\Chemistry\Chemistry Prelims\Contest 24B.docx,True
8c42047352e6ec5af17eb3e0bc578a023a023c13e7cc9497dbb120815f92f9f3,2,Contest 24B.docx,.docx,SMQ BIBLES\NSMQ-2019\Chemistry\Chemistry Prelims\Contest 24B.docx,False
09a55409ca36cff39b18ae87d9124d23d44a2fae1c23c869b01bfe6f2dac9480,2,Contest 25B.docx,.docx,SMQ BIBLES\NSMQ-2019\NSMQ\Chemistry\Chemistry Prelims\Contest 25B.docx,True
09a55409ca36cff39b18ae87d9124d23d44a2fae1c23c869b01bfe6f2dac9480,2,Contest 25B.docx,.docx,SMQ BIBLES\NSMQ-2019\Chemistry\Chemistry Prelims\Contest 25B.docx,False
4445f1546fb21b9c37356c0d7a583d6c44a235424d84f235b72290406499d641,2,Contest 26B.docx,.docx,SMQ BIBLES\NSMQ-2019\NSMQ\Chemistry\Chemistry Prelims\Contest 26B.docx,True
4445f1546fb21b9c37356c0d7a583d6c44a235424d84f235b72290406499d641,2,Contest 26B.docx,.docx,SMQ BIBLES\NSMQ-2019\Chemistry\Chemistry Prelims\Contest 26B.docx,False
b123dfb73e0755e34ccac670c53761bc9b9b6bfdb842d822f0c915f5226e70e8,2,Contest 27B.docx,.docx,SMQ BIBLES\NSMQ-2019\NSMQ\Chemistry\Chemistry Prelims\Contest 27B.docx,True
b123dfb73e0755e34ccac670c53761bc9b9b6bfdb842d822f0c915f5226e70e8,2,Contest 27B.docx,.docx,SMQ BIBLES\NSMQ-2019\Chemistry\Chemistry Prelims\Contest 27B.docx,False
e206894ee502440d685acf9a4626b58a70cea662c7bd5feb2088d52271c43286,2,Contest 28B.docx,.docx,SMQ BIBLES\NSMQ-2019\NSMQ\Chemistry\Chemistry Prelims\Contest 28B.docx,True
e206894ee502440d685acf9a4626b58a70cea662c7bd5feb2088d52271c43286,2,Contest 28B.docx,.docx,SMQ BIBLES\NSMQ-2019\Chemistry\Chemistry Prelims\Contest 28B.docx,False
1b15f795f2f99cdf2b3dfef3f996ca523e22cb773eaa1f534fc38e20aa794fae,2,Contest 29B.docx,.docx,SMQ BIBLES\NSMQ-2019\NSMQ\Chemistry\Chemistry Prelims\Contest 29B.docx,True
1b15f795f2f99cdf2b3dfef3f996ca523e22cb773eaa1f534fc38e20aa794fae,2,Contest 29B.docx,.docx,SMQ BIBLES\NSMQ-2019\Chemistry\Chemistry Prelims\Contest 29B.docx,False
287789db9d8d43a6770b1b98f9a254f2c3c02ff6f23a5ddc089ec34127708ce1,2,Contest 31B.docx,.docx,SMQ BIBLES\NSMQ-2019\NSMQ\Chemistry\Chemistry Prelims\Contest 31B.docx,True
287789db9d8d43a6770b1b98f9a254f2c3c02ff6f23a5ddc089ec34127708ce1,2,Contest 31B.docx,.docx,SMQ BIBLES\NSMQ-2019\Chemistry\Chemistry Prelims\Contest 31B.docx,False
960ed2c429100a60b91a9dd94c678e53954dc1bb8f67ece92880502cdf24494a,2,Contest 32B.docx,.docx,SMQ BIBLES\NSMQ-2019\NSMQ\Chemistry\Chemistry Prelims\Contest 32B.docx,True
960ed2c429100a60b91a9dd94c678e53954dc1bb8f67ece92880502cdf24494a,2,Contest 32B.docx,.docx,SMQ BIBLES\NSMQ-2019\Chemistry\Chemistry Prelims\Contest 32B.docx,False
395b1d768fd89e179816245a7c1a4966442ba3bc412f2f32bd851f69b75c7067,2,Contest 33B.docx,.docx,SMQ BIBLES\NSMQ-2019\NSMQ\Chemistry\Chemistry Prelims\Contest 33B.docx,True
395b1d768fd89e179816245a7c1a4966442ba3bc412f2f32bd851f69b75c7067,2,Contest 33B.docx,.docx,SMQ BIBLES\NSMQ-2019\Chemistry\Chemistry Prelims\Contest 33B.docx,False
e591c6ff8f551f712c6eb2571e386ebfd2d9370d57764325e530004978cb60d9,2,Contest 34B.docx,.docx,SMQ BIBLES\NSMQ-2019\NSMQ\Chemistry\Chemistry Prelims\Contest 34B.docx,True
e591c6ff8f551f712c6eb2571e386ebfd2d9370d57764325e530004978cb60d9,2,Contest 34B.docx,.docx,SMQ BIBLES\NSMQ-2019\Chemistry\Chemistry Prelims\Contest 34B.docx,False
2a0a3e50087ba725ac796a75642e30befb7b9218c8b76dfea688692b14eaa664,2,Contest 35B.docx,.docx,SMQ BIBLES\NSMQ-2019\NSMQ\Chemistry\Chemistry Prelims\Contest 35B.docx,True
2a0a3e50087ba725ac796a75642e30befb7b9218c8b76dfea688692b14eaa664,2,Contest 35B.docx,.docx,SMQ BIBLES\NSMQ-2019\Chemistry\Chemistry Prelims\Contest 35B.docx,False
1b5347ae3322c84e0984a61d7813a14768c4331fdebd8b306b6685d336e85528,2,Contest 36B.docx,.docx,SMQ BIBLES\NSMQ-2019\NSMQ\Chemistry\Chemistry Prelims\Contest 36B.docx,True
1b5347ae3322c84e0984a61d7813a14768c4331fdebd8b306b6685d336e85528,2,Contest 36B.docx,.docx,SMQ BIBLES\NSMQ-2019\Chemistry\Chemistry Prelims\Contest 36B.docx,False
650ca4bd08ca81706405c82579bebc259e9a2c3ba37336e3e5afeab9340ef749,2,Contest 8.docx,.docx,SMQ BIBLES\NSMQ-2019\NSMQ\Chemistry\Chemistry Prelims\Contest 8.docx,True
650ca4bd08ca81706405c82579bebc259e9a2c3ba37336e3e5afeab9340ef749,2,Contest 8.docx,.docx,SMQ BIBLES\NSMQ-2019\Chemistry\Chemistry Prelims\Contest 8.docx,False
4a7e15f5d2933b05a34fa5338efd94add3bfff8e58b90c128c8cda989011e7e0,2,Contest 9.docx,.docx,SMQ BIBLES\NSMQ-2019\NSMQ\Chemistry\Chemistry Prelims\Contest 9.docx,True
4a7e15f5d2933b05a34fa5338efd94add3bfff8e58b90c128c8cda989011e7e0,2,Contest 9.docx,.docx,SMQ BIBLES\NSMQ-2019\Chemistry\Chemistry Prelims\Contest 9.docx,False
6b37eb11e25345aeb64ac968fc4d8cc087015402372af34ffc8d4c09d33777eb,2,Problem of the day 1.docx,.docx,SMQ BIBLES\NSMQ-2019\NSMQ\Chemistry\Chemistry Prelims\Problem of the day 1.docx,True
6b37eb11e25345aeb64ac968fc4d8cc087015402372af34ffc8d4c09d33777eb,2,Problem of the day 1.docx,.docx,SMQ BIBLES\NSMQ-2019\Chemistry\Chemistry Prelims\Problem of the day 1.docx,False
d3fec0de30f1ffda09668eaa34616cee64fcd862822b714bb23f970b4b21bcf9,2,Problem of the day new.docx,.docx,SMQ BIBLES\NSMQ-2019\NSMQ\Biology\Biology One -eighth - Finals\Problem of the day new.docx,True
d3fec0de30f1ffda09668eaa34616cee64fcd862822b714bb23f970b4b21bcf9,2,Problem of the day new.docx,.docx,SMQ BIBLES\NSMQ-2019\Biology\Biology One -eighth - Finals\Problem of the day new.docx,False
793c006ca47c3a6942657813d794c4d4b288efa61300efc85a6d7a43e2bc1786,2,Riddles.docx,.docx,SMQ BIBLES\NSMQ-2019\NSMQ\Biology\Biology One -eighth - Finals\Riddles.docx,True
793c006ca47c3a6942657813d794c4d4b288efa61300efc85a6d7a43e2bc1786,2,Riddles.docx,.docx,SMQ BIBLES\NSMQ-2019\Biology\Biology One -eighth - Finals\Riddles.docx,False
3a027062ea4f82ae3c6f29e83dd389dfe3bd3991dc233c6e2fcea8e7a2a6f51b,2,Round 1.docx,.docx,SMQ BIBLES\NSMQ-2019\NSMQ\Biology\Biology One -eighth - Finals\Round 1.docx,True
3a027062ea4f82ae3c6f29e83dd389dfe3bd3991dc233c6e2fcea8e7a2a6f51b,2,Round 1.docx,.docx,SMQ BIBLES\NSMQ-2019\Biology\Biology One -eighth - Finals\Round 1.docx,False
2b6143a8985a967e0a101982a526099d4c706893c0de1c400a187d540d1cc613,2,True or false.docx,.docx,SMQ BIBLES\NSMQ-2019\NSMQ\Biology\Biology One -eighth - Finals\True or false.docx,True
2b6143a8985a967e0a101982a526099d4c706893c0de1c400a187d540d1cc613,2,True or false.docx,.docx,SMQ BIBLES\NSMQ-2019\Biology\Biology One -eighth - Finals\True or false.docx,False
e183437d9b8b2c48b84d89535f3ecfd50209cd36a76b4e903a5db8d93660e5cc,2,Riddles.docx,.docx,SMQ BIBLES\NSMQ-2019\NSMQ\Biology\Biology Prelims\Riddles.docx,True
e183437d9b8b2c48b84d89535f3ecfd50209cd36a76b4e903a5db8d93660e5cc,2,Riddles.docx,.docx,SMQ BIBLES\NSMQ-2019\Biology\Biology Prelims\Riddles.docx,False
d952eb838043821f21b75eee4e4eb684078bd3d1b4474625166e96fc242dca4c,2,True or false.docx,.docx,SMQ BIBLES\NSMQ-2019\NSMQ\Biology\Biology Prelims\True or false.docx,True
d952eb838043821f21b75eee4e4eb684078bd3d1b4474625166e96fc242dca4c,2,True or false.docx,.docx,SMQ BIBLES\NSMQ-2019\Biology\Biology Prelims\True or false.docx,False
6780c6cdc5f1003355c2303829ae46bb685827b29b450aef3037f89c00f78aa9,2,Contest 3.docx,.docx,SMQ BIBLES\NSMQ 2017\Chemistry Questions\Contest 3.docx,True
6780c6cdc5f1003355c2303829ae46bb685827b29b450aef3037f89c00f78aa9,2,Contest 3.docx,.docx,SMQ BIBLES\NSMQ 2017\NSMQ  Questions\Chemistry Questions\Contest 3.docx,False
53be5c00a459d77b49d986d57e2852714d4e39efb8cfc91db18bfacccfef6012,2,Contest 31.docx,.docx,SMQ BIBLES\NSMQ 2017\Chemistry Questions\Contest 31.docx,True
53be5c00a459d77b49d986d57e2852714d4e39efb8cfc91db18bfacccfef6012,2,Contest 31.docx,.docx,SMQ BIBLES\NSMQ 2017\NSMQ  Questions\Chemistry Questions\Contest 31.docx,False
299baad94928386ad5fc6aa6fc258446b97470a214ca9146287744783c706372,2,Contest 36.docx,.docx,SMQ BIBLES\NSMQ 2017\Chemistry Questions\Contest 36.docx,True
299baad94928386ad5fc6aa6fc258446b97470a214ca9146287744783c706372,2,Contest 36.docx,.docx,SMQ BIBLES\NSMQ 2017\NSMQ  Questions\Chemistry Questions\Contest 36.docx,False
6bb514030436da68c89fe96351b35d1396057aca55bad45a86d6396ccb89ce68,2,Contest 38.docx,.docx,SMQ BIBLES\NSMQ 2017\Chemistry Questions\Contest 38.docx,True
6bb514030436da68c89fe96351b35d1396057aca55bad45a86d6396ccb89ce68,2,Contest 38.docx,.docx,SMQ BIBLES\NSMQ 2017\NSMQ  Questions\Chemistry Questions\Contest 38.docx,False
191e50f4fd6e7a449cc32074527a62488792e3f11015bab41efa11e860139809,2,Riddle - Contest 1 to 67(1).doc,.doc,SMQ BIBLES\NSMQ 2014\BIOLOGY\Riddle - Contest 1 to 67(1).doc,True
191e50f4fd6e7a449cc32074527a62488792e3f11015bab41efa11e860139809,2,Riddle - Contest 1 to 67.doc,.doc,SMQ BIBLES\NSMQ 2014\BIOLOGY\Riddle - Contest 1 to 67.doc,False
1261ffa0219a3996d11e0dacaee8c2507bb74de22fbe85a114c71db98b3219d6,2,CONTESTS 21 - 27.docx,.docx,SMQ BIBLES\NSMQ 2014\CHEMISTRY\CONTESTS 21 - 27.docx,True
1261ffa0219a3996d11e0dacaee8c2507bb74de22fbe85a114c71db98b3219d6,2,CONTESTS 21 - 27.docx,.docx,SMQ BIBLES\NSMQ 2014\Maths\Main Questions\CONTESTS 21 - 27.docx,False
3e53b7b171a740acb7092ff307a24f1613a61a2f806434dd1be8126143980b34,2,CONTESTS 28 -37.docx,.docx,SMQ BIBLES\NSMQ 2014\MATHEMATICS\CONTESTS 28 -37.docx,True
3e53b7b171a740acb7092ff307a24f1613a61a2f806434dd1be8126143980b34,2,CONTESTS 28 -37.docx,.docx,SMQ BIBLES\NSMQ 2014\Maths\Main Questions\CONTESTS 28 -37.docx,False
51c3cf04cef31d298ee6d1317f069dc0d43f0238ceee5f008d515de7149e28c1,2,CONTESTS 58-67.docx,.docx,SMQ BIBLES\NSMQ 2014\MATHEMATICS\CONTESTS 58-67.docx,True
51c3cf04cef31d298ee6d1317f069dc0d43f0238ceee5f008d515de7149e28c1,2,CONTESTS 58-67.docx,.docx,SMQ BIBLES\NSMQ 2014\Maths\Main Questions\CONTESTS 58-67.docx,False
11d7e324cadccd1de80c27de339626ac4f223fdadf2498df2b1813e20e1c8f14,2,RIDDLES FOR CONTEST 1 - 27.docx,.docx,SMQ BIBLES\NSMQ 2014\MATHEMATICS\RIDDLES FOR CONTEST 1 - 27.docx,True
11d7e324cadccd1de80c27de339626ac4f223fdadf2498df2b1813e20e1c8f14,2,RIDDLES FOR CONTEST 1 - 27.docx,.docx,SMQ BIBLES\NSMQ 2014\Maths\Main Questions\RIDDLES FOR CONTEST 1 - 27.docx,False
5065bc5a1313fcce9bc19e0395e24b45d82a11f92f11c499bd8a07fd6b603049,2,Round 1 - Physics 2014(1).docx,.docx,SMQ BIBLES\NSMQ 2014\PHYSICS\Round 1 - Physics 2014(1).docx,True
5065bc5a1313fcce9bc19e0395e24b45d82a11f92f11c499bd8a07fd6b603049,2,Round 1 - Physics 2014.docx,.docx,SMQ BIBLES\NSMQ 2014\PHYSICS\Round 1 - Physics 2014.docx,False
0068bcb447356a176a295cdea8fc761f2ac66e95ebd6adec1704577e05729e95,2,Round 3 - Physics 2014(1).docx,.docx,SMQ BIBLES\NSMQ 2014\PHYSICS\Round 3 - Physics 2014(1).docx,True
0068bcb447356a176a295cdea8fc761f2ac66e95ebd6adec1704577e05729e95,2,Round 3 - Physics 2014.docx,.docx,SMQ BIBLES\NSMQ 2014\PHYSICS\Round 3 - Physics 2014.docx,False
29f0a21b430de23e2620fa676b0b830b9269a1b46b05d7ee6cdeae3921c997bf,2,Round 4 - Physics 2014(1).docx,.docx,SMQ BIBLES\NSMQ 2014\PHYSICS\Round 4 - Physics 2014(1).docx,True
29f0a21b430de23e2620fa676b0b830b9269a1b46b05d7ee6cdeae3921c997bf,2,Round 4 - Physics 2014.docx,.docx,SMQ BIBLES\NSMQ 2014\PHYSICS\Round 4 - Physics 2014.docx,False
723b8bac91cbbd003f7a16fb4170e362ba7ef7d41410b523a7c3a36935a90f57,2,PROBLEM OF THE DAY.doc,.doc,SMQ BIBLES\NSMQ 2009\CONTEST1\PROBLEM OF THE DAY.doc,True
723b8bac91cbbd003f7a16fb4170e362ba7ef7d41410b523a7c3a36935a90f57,2,PROBLEM OF THE DAY.doc,.doc,SMQ BIBLES\NSMQ 2009\Ready for Editing\CONTEST1\PROBLEM OF THE DAY.doc,False
1f524e7664e46aa1e74f347e1822ddb4c096add1671122f14b6bae8ccaa4812f,2,PROBLEM OF THE DAY.doc,.doc,SMQ BIBLES\NSMQ 2009\CONTEST1 GA\PROBLEM OF THE DAY.doc,True
1f524e7664e46aa1e74f347e1822ddb4c096add1671122f14b6bae8ccaa4812f,2,PROBLEM OF THE DAY.doc,.doc,SMQ BIBLES\NSMQ 2009\CONTEST2 GA\CONTEST1 GA\PROBLEM OF THE DAY.doc,False
939a986906aa6111cbdaf350086f9c45e053a5e682f8c196b775484a4a469272,2,PROBLEM OF THE DAY.docx,.docx,SMQ BIBLES\NSMQ 2009\CONTEST10\PROBLEM OF THE DAY.docx,True
939a986906aa6111cbdaf350086f9c45e053a5e682f8c196b775484a4a469272,2,PROBLEM OF THE DAY.docx,.docx,SMQ BIBLES\NSMQ 2009\Ready for Editing\CONTEST10\PROBLEM OF THE DAY.docx,False
d5c96f1305c42edbe3aa2381c5aec6de8d13575d145aa53513a4a71baaa2d702,2,ROUND 1.docx,.docx,SMQ BIBLES\NSMQ 2009\CONTEST10\ROUND 1.docx,True
d5c96f1305c42edbe3aa2381c5aec6de8d13575d145aa53513a4a71baaa2d702,2,ROUND 1.docx,.docx,SMQ BIBLES\NSMQ 2009\Ready for Editing\CONTEST10\ROUND 1.docx,False
4d4f3371bd4f98e96d01c697bf70f758e2a91eae2cb5f5fd8d810577ada9cd67,2,Round 2.docx,.docx,SMQ BIBLES\NSMQ 2009\CONTEST10\Round 2.docx,True
4d4f3371bd4f98e96d01c697bf70f758e2a91eae2cb5f5fd8d810577ada9cd67,2,Round 2.docx,.docx,SMQ BIBLES\NSMQ 2009\Ready for Editing\CONTEST10\Round 2.docx,False
6b6212dd2510dbe342f308153d8898793ae2c721b191aeeaa02858fb93a0c67f,2,ROUND 2.doc,.doc,SMQ BIBLES\NSMQ 2009\CONTEST12\ROUND 2.doc,True
6b6212dd2510dbe342f308153d8898793ae2c721b191aeeaa02858fb93a0c67f,2,ROUND 2.doc,.doc,SMQ BIBLES\NSMQ 2009\Ready for Editing\CONTEST12\ROUND 2.doc,False
c19a1389a41f25765cc3e022d140a6e78376e6824aeaae10450b43e180e36630,2,PROBLEM OF THE DAY.doc,.doc,SMQ BIBLES\NSMQ 2009\CONTEST17\PROBLEM OF THE DAY.doc,True
c19a1389a41f25765cc3e022d140a6e78376e6824aeaae10450b43e180e36630,2,PROBLEM OF THE DAY.doc,.doc,SMQ BIBLES\NSMQ 2009\Ready for Editing\CONTEST17\PROBLEM OF THE DAY.doc,False
71f9b35eb4cb65b8796ec2443de26a861dbdb2ef5b24472296079b1673d0df06,2,ROUND 1.doc,.doc,SMQ BIBLES\NSMQ 2009\CONTEST17\ROUND 1.doc,True
71f9b35eb4cb65b8796ec2443de26a861dbdb2ef5b24472296079b1673d0df06,2,ROUND 1.doc,.doc,SMQ BIBLES\NSMQ 2009\Ready for Editing\CONTEST17\ROUND 1.doc,False
e0474e3ada7b577aec0bd47ea10f4b9958ee21cc12825ecee0b5be62dd9c7692,2,ROUND 2.doc,.doc,SMQ BIBLES\NSMQ 2009\CONTEST17\ROUND 2.doc,True
e0474e3ada7b577aec0bd47ea10f4b9958ee21cc12825ecee0b5be62dd9c7692,2,ROUND 2.doc,.doc,SMQ BIBLES\NSMQ 2009\Ready for Editing\CONTEST17\ROUND 2.doc,False
1d2c7f2e7d8978279510ce44e3c27ee5b8d45b99513f6f87bb1eb5d0c21de8a2,2,Problem Of The Day.doc,.doc,SMQ BIBLES\NSMQ 2009\CONTEST2\Problem Of The Day.doc,True
1d2c7f2e7d8978279510ce44e3c27ee5b8d45b99513f6f87bb1eb5d0c21de8a2,2,Problem Of The Day.doc,.doc,SMQ BIBLES\NSMQ 2009\Ready for Editing\CONTEST2\Problem Of The Day.doc,False
e097c2dc7835607a5cac621f1d73a23bee81fcd4ff505b538ba21fb66cd3116a,2,Round1.doc,.doc,SMQ BIBLES\NSMQ 2009\CONTEST2 GA\Round1.doc,True
e097c2dc7835607a5cac621f1d73a23bee81fcd4ff505b538ba21fb66cd3116a,2,Round1.doc,.doc,SMQ BIBLES\NSMQ 2009\Ready for Editing\CONTEST2\Round1.doc,False
8112d8cd8dd5e8f6170c97b348b7fabc068d760711e1b779f64fc40d52b32ee5,2,ROUND 2.doc,.doc,SMQ BIBLES\NSMQ 2009\CONTEST20 GA\ROUND 2.doc,True
8112d8cd8dd5e8f6170c97b348b7fabc068d760711e1b779f64fc40d52b32ee5,2,ROUND 2.doc,.doc,SMQ BIBLES\NSMQ 2009\Ready for Editing\CONTEST20\ROUND 2.doc,False
a0b84033d68bec9fe49d12d222e4ec8cec8ed8937b54f7072635dcb188619307,2,contest 21.docx,.docx,SMQ BIBLES\NSMQ 2009\CONTEST21\contest 21.docx,True
a0b84033d68bec9fe49d12d222e4ec8cec8ed8937b54f7072635dcb188619307,2,contest 21.docx,.docx,SMQ BIBLES\NSMQ 2009\Ready for Editing\CONTEST21\contest 21.docx,False
d25ae55752bb169f940e100c782eb6c65c24e2d4892018ec18cc73ba858e397d,2,ROUND 1.doc,.doc,SMQ BIBLES\NSMQ 2009\CONTEST21\ROUND 1.doc,True
d25ae55752bb169f940e100c782eb6c65c24e2d4892018ec18cc73ba858e397d,2,ROUND 1.doc,.doc,SMQ BIBLES\NSMQ 2009\Ready for Editing\CONTEST21\ROUND 1.doc,False
7968c84313f770c21bb495f4f39416eb72b893638f4770336ec95753956927f0,2,PROBLEM OF THE DAY.doc,.doc,SMQ BIBLES\NSMQ 2009\CONTEST3\PROBLEM OF THE DAY.doc,True
7968c84313f770c21bb495f4f39416eb72b893638f4770336ec95753956927f0,2,PROBLEM OF THE DAY.doc,.doc,SMQ BIBLES\NSMQ 2009\Ready for Editing\CONTEST3\PROBLEM OF THE DAY.doc,False
a8d44b13e0b4627cb677f7012452a7a79ff54eac2f9f3c904a3b65516d7931c8,2,ROUND 1.doc,.doc,SMQ BIBLES\NSMQ 2009\CONTEST4 GA\ROUND 1.doc,True
a8d44b13e0b4627cb677f7012452a7a79ff54eac2f9f3c904a3b65516d7931c8,2,ROUND 1.doc,.doc,SMQ BIBLES\NSMQ 2009\Ready for Editing\CONTEST4\ROUND 1.doc,False
7bf364186e5e634b87060e44a19edaea4b9b90101daa71ba207abfe77f501dc9,2,ROUND 2.doc,.doc,SMQ BIBLES\NSMQ 2009\CONTEST4 GA\ROUND 2.doc,True
7bf364186e5e634b87060e44a19edaea4b9b90101daa71ba207abfe77f501dc9,2,ROUND 2.doc,.doc,SMQ BIBLES\NSMQ 2009\Ready for Editing\CONTEST4\ROUND 2.doc,False
fc570eebc84ad03f4c5a9b4245d8e22abd5f4bfc1d9744cb3ad6353266ae252b,2,PROBLEM OF THE DAY.doc,.doc,SMQ BIBLES\NSMQ 2009\CONTEST5\PROBLEM OF THE DAY.doc,True
fc570eebc84ad03f4c5a9b4245d8e22abd5f4bfc1d9744cb3ad6353266ae252b,2,PROBLEM OF THE DAY.doc,.doc,SMQ BIBLES\NSMQ 2009\Ready for Editing\CONTEST5\PROBLEM OF THE DAY.doc,False
90642eefa981b86d6ac4659e8f06de68c4b4a7ba1262daa89bb560d78fb7e2e0,2,PROBLEM OF THE DAY.doc,.doc,SMQ BIBLES\NSMQ 2009\CONTEST6\PROBLEM OF THE DAY.doc,True
90642eefa981b86d6ac4659e8f06de68c4b4a7ba1262daa89bb560d78fb7e2e0,2,PROBLEM OF THE DAY.doc,.doc,SMQ BIBLES\NSMQ 2009\Ready for Editing\CONTEST6\PROBLEM OF THE DAY.doc,False
31f255fbfdc7bb3d3ed8267462955554ea2e3e188442366102485e0b1333be9d,2,PROBLEM OF THE DAY.doc,.doc,SMQ BIBLES\NSMQ 2009\CONTEST7 FA\PROBLEM OF THE DAY.doc,True
31f255fbfdc7bb3d3ed8267462955554ea2e3e188442366102485e0b1333be9d,2,PROBLEM OF THE DAY.doc,.doc,SMQ BIBLES\NSMQ 2009\Ready for Editing\CONTEST7\PROBLEM OF THE DAY.doc,False
34cca9e4ceebdad29deae55cab3a7c5f4758ac1b07e8e3642c70c08ef5334aa9,2,ROUND4.doc,.doc,SMQ BIBLES\NSMQ 2009\CONTEST7 FA\ROUND4.doc,True
34cca9e4ceebdad29deae55cab3a7c5f4758ac1b07e8e3642c70c08ef5334aa9,2,ROUND4.doc,.doc,SMQ BIBLES\NSMQ 2009\Ready for Editing\CONTEST7\ROUND4.doc,False
58002005b687848cd2f19197d4ceed444a3b59d3cdf8f58927f3b2edb38d0ccd,2,ROUND5.doc,.doc,SMQ BIBLES\NSMQ 2009\CONTEST7 FA\ROUND5.doc,True
58002005b687848cd2f19197d4ceed444a3b59d3cdf8f58927f3b2edb38d0ccd,2,ROUND5.doc,.doc,SMQ BIBLES\NSMQ 2009\Ready for Editing\CONTEST7\ROUND5.doc,False
3c3d2680d1ff44d8f3e3bc4f7a9891829be2c4221c4b6cd5379cba9b5e3b4b87,2,PROBLEM OF THE DAY.doc,.doc,SMQ BIBLES\NSMQ 2009\CONTEST9\PROBLEM OF THE DAY.doc,True
3c3d2680d1ff44d8f3e3bc4f7a9891829be2c4221c4b6cd5379cba9b5e3b4b87,2,PROBLEM OF THE DAY.doc,.doc,SMQ BIBLES\NSMQ 2009\Ready for Editing\CONTEST9\PROBLEM OF THE DAY.doc,False
f6b5028b457994cb4ea4341a8fa5c9cc13b7f0160e628795b6ac6f437d405be2,2,ROUND 1.doc,.doc,SMQ BIBLES\NSMQ 2009\CONTEST9\ROUND 1.doc,True
f6b5028b457994cb4ea4341a8fa5c9cc13b7f0160e628795b6ac6f437d405be2,2,ROUND 1.doc,.doc,SMQ BIBLES\NSMQ 2009\Ready for Editing\CONTEST9\ROUND 1.doc,False
