sha256,canonical_source_type,canonical_filename,canonical_extension,canonical_path,size_bytes,source_count,all_sources
194737f18022ed104043344d34d073497198c276811d8c767a005eb4f7c5156b,archive_member,Contest 1.pdf,.pdf,nsmq 2021.zip::nsmq 2021/Contest 1.pdf,297629,1,nsmq 2021.zip::nsmq 2021/Contest 1.pdf
7c86cb38caecea3bfafe3c72691f126e3adcda26bc56bf258c968ca7411f1e13,archive_member,Contest 10_2021.docx,.docx,nsmq 2021.zip::nsmq 2021/Contest 10_2021.docx,25538,1,nsmq 2021.zip::nsmq 2021/Contest 10_2021.docx
15cfc4f8fdaaff1d9726b25d512d98ee42d3c418aa5debef6ce77ef95e705ada,archive_member,Contest 11_2021.docx,.docx,nsmq 2021.zip::nsmq 2021/Contest 11_2021.docx,21162,1,nsmq 2021.zip::nsmq 2021/Contest 11_2021.docx
169f851789016e51cee36021d51f3b88d21d8c1f6f03905beaa1bfc100ee04bb,archive_member,Contest 12_2021.docx,.docx,nsmq 2021.zip::nsmq 2021/Contest 12_2021.docx,20109,1,nsmq 2021.zip::nsmq 2021/Contest 12_2021.docx
59afdde013a46fe9814ad579c2dd5cfd0b73c7b23484c509d8d7a1f971c3d597,archive_member,Contest 13_2021.docx,.docx,nsmq 2021.zip::nsmq 2021/Contest 13_2021.docx,25426,1,nsmq 2021.zip::nsmq 2021/Contest 13_2021.docx
4ad159e7acb023024532941d2bd4d28e5fe93eec049d6c645f3314a00df12114,archive_member,Contest 14_2021.docx,.docx,nsmq 2021.zip::nsmq 2021/Contest 14_2021.docx,19810,1,nsmq 2021.zip::nsmq 2021/Contest 14_2021.docx
92cccc00501145d0266cbea372b34eaa561a1071c295c82226e7033a18f912fd,archive_member,Contest 15_2021.docx,.docx,nsmq 2021.zip::nsmq 2021/Contest 15_2021.docx,20002,1,nsmq 2021.zip::nsmq 2021/Contest 15_2021.docx
f003db38ebd2a27ae3e2151573bd316be9d9ab0b0d10919e063fbecda85889c5,archive_member,Contest 16_2021.docx,.docx,nsmq 2021.zip::nsmq 2021/Contest 16_2021.docx,19681,1,nsmq 2021.zip::nsmq 2021/Contest 16_2021.docx
0aa507266e8fcbfa27a80a063fb867ddf664ae064f95936f5b384094e724d48a,archive_member,Contest 17_2021.docx,.docx,nsmq 2021.zip::nsmq 2021/Contest 17_2021.docx,19391,1,nsmq 2021.zip::nsmq 2021/Contest 17_2021.docx
9db6367f0f293f958ecb5c9e6cf24eeec2adb6be04c8ec44311c9357c263a393,archive_member,Contest 18_2021.docx,.docx,nsmq 2021.zip::nsmq 2021/Contest 18_2021.docx,21030,1,nsmq 2021.zip::nsmq 2021/Contest 18_2021.docx
4bd87e0ccf3f6e7be04887a291748aba84223621fb10cdbdf010fc1098301960,archive_member,Contest 19_2021.docx,.docx,nsmq 2021.zip::nsmq 2021/Contest 19_2021.docx,20723,1,nsmq 2021.zip::nsmq 2021/Contest 19_2021.docx
0b9f19a987912e28519afafb1ed2b823f85cb8c69256a7e9b1108acb9995423f,archive_member,Contest 1_2021.docx,.docx,nsmq 2021.zip::nsmq 2021/Contest 1_2021.docx,19732,1,nsmq 2021.zip::nsmq 2021/Contest 1_2021.docx
2e37a1fe937317c0d2402a72ebb3caa048cebfc945499248dd7caa7f495cb0eb,archive_member,Contest 20_2021.docx,.docx,nsmq 2021.zip::nsmq 2021/Contest 20_2021.docx,19607,1,nsmq 2021.zip::nsmq 2021/Contest 20_2021.docx
cbe1a686536c55309b58adfb61a18015fd390ca758254100c1c3d449958cd1e9,archive_member,Contest 21_2021.docx,.docx,nsmq 2021.zip::nsmq 2021/Contest 21_2021.docx,21271,1,nsmq 2021.zip::nsmq 2021/Contest 21_2021.docx
157bce04a0b5f7475a4df5978eff6f8c7317ffd106e54af5a41c26ceaddbafdf,archive_member,Contest 22_2021.docx,.docx,nsmq 2021.zip::nsmq 2021/Contest 22_2021.docx,20847,1,nsmq 2021.zip::nsmq 2021/Contest 22_2021.docx
260c5013ffcc114e095f0d25d69859526ebfb9976f5be809ad9dfe02bda92d47,archive_member,Contest 23_2021.docx,.docx,nsmq 2021.zip::nsmq 2021/Contest 23_2021.docx,20552,1,nsmq 2021.zip::nsmq 2021/Contest 23_2021.docx
5707089b30c15ba2a22a7d3a5c2e61f60cc03aaba1267a96b5411b8d6ca43c02,archive_member,Contest 2_2021.docx,.docx,nsmq 2021.zip::nsmq 2021/Contest 2_2021.docx,20147,1,nsmq 2021.zip::nsmq 2021/Contest 2_2021.docx
c7a6252ac89599747988cf8c36b9ded5161f4dec95b1569145b60787ba941fe6,archive_member,Contest 3_2021.docx,.docx,nsmq 2021.zip::nsmq 2021/Contest 3_2021.docx,21359,1,nsmq 2021.zip::nsmq 2021/Contest 3_2021.docx
ae27e0603e88c02fc1f90d76ee4b420cda1d296c35fbcf3ab765898af14027be,archive_member,Contest 4_2021.docx,.docx,nsmq 2021.zip::nsmq 2021/Contest 4_2021.docx,20431,1,nsmq 2021.zip::nsmq 2021/Contest 4_2021.docx
443a30e9b2929e2f55286d4b975a8fe9d239b857d85f996fcd9c29199acdc239,archive_member,Contest 5_2021.docx,.docx,nsmq 2021.zip::nsmq 2021/Contest 5_2021.docx,20503,1,nsmq 2021.zip::nsmq 2021/Contest 5_2021.docx
735e6929f42293bf242ceec0fc887203d59599169ec6b5fdc06e3efa3cc9cf22,archive_member,Contest 6_2021.docx,.docx,nsmq 2021.zip::nsmq 2021/Contest 6_2021.docx,19552,1,nsmq 2021.zip::nsmq 2021/Contest 6_2021.docx
b9d1380ab3aa77fc101774e2e84a99888c798f2b241744f4ce163c1ed8d44519,archive_member,Contest 7_2021.docx,.docx,nsmq 2021.zip::nsmq 2021/Contest 7_2021.docx,18364,1,nsmq 2021.zip::nsmq 2021/Contest 7_2021.docx
3961ba78fc1c848a28a8e3e6f43b5d5f3f4c27034deb4e447076056f390a333d,archive_member,Contest 8_2021.docx,.docx,nsmq 2021.zip::nsmq 2021/Contest 8_2021.docx,19578,1,nsmq 2021.zip::nsmq 2021/Contest 8_2021.docx
ee9fb82072c0168cb427330c697c29e03c5645d11e6acfd62e98e7cbac28a51c,archive_member,Contest 9_2021.docx,.docx,nsmq 2021.zip::nsmq 2021/Contest 9_2021.docx,20058,1,nsmq 2021.zip::nsmq 2021/Contest 9_2021.docx
d73d042c1f745762fca7fba3ee9b053ab4cd104d9c001b5c5af1b9780a7b6fef,archive_member,Contest Extra_2021.docx,.docx,nsmq 2021.zip::nsmq 2021/Contest Extra_2021.docx,15903,1,nsmq 2021.zip::nsmq 2021/Contest Extra_2021.docx
d4e883e67a5d4ce6330d4620b9e964240689c88624f1ebb11c9944bc41bcf551,archive_member,NATIONAL CONTEST 21.docx,.docx,nsmq 2021.zip::nsmq 2021/NATIONAL CONTEST 21.docx,155144,1,nsmq 2021.zip::nsmq 2021/NATIONAL CONTEST 21.docx
d6a66b8e5921aa11ac4d1a22fb1498620af0a572428efc1dd5fd50efae9dbc58,archive_member,NC 1.docx,.docx,nsmq 2021.zip::nsmq 2021/NC 1.docx,19405,1,nsmq 2021.zip::nsmq 2021/NC 1.docx
44ad83f5392b0c82b68929e1cc7c79920fb36cd0d500bb9cec2caf25bc9cfa2a,archive_member,NC 10.docx,.docx,nsmq 2021.zip::nsmq 2021/NC 10.docx,19292,1,nsmq 2021.zip::nsmq 2021/NC 10.docx
14a9a9c5abf6abd333c5983348c362742f37d3449ef9098cc804178bd6f70b79,archive_member,NC 11.docx,.docx,nsmq 2021.zip::nsmq 2021/NC 11.docx,20076,1,nsmq 2021.zip::nsmq 2021/NC 11.docx
26825d3100ff6e80d3437bcfbe78e92e25e65d7e7c2c66efd2d4506d976347ce,archive_member,NC 12.docx,.docx,nsmq 2021.zip::nsmq 2021/NC 12.docx,19247,1,nsmq 2021.zip::nsmq 2021/NC 12.docx
9e9b2687861126e589ac3da1841c7e962374075032afe026e8b4bd6acc0ca4b1,archive_member,NC 13.docx,.docx,nsmq 2021.zip::nsmq 2021/NC 13.docx,18864,1,nsmq 2021.zip::nsmq 2021/NC 13.docx
ca3c40ba39418b6ecedb0b1b242f5188662dc6a40d3027f8e5c6222a2fe55e07,archive_member,NC 14.docx,.docx,nsmq 2021.zip::nsmq 2021/NC 14.docx,20035,1,nsmq 2021.zip::nsmq 2021/NC 14.docx
a636e0721f5bc4ec1479ab5f45d7d5d98453c074b5e62ab708587ffb6ddd0070,archive_member,NC 2.docx,.docx,nsmq 2021.zip::nsmq 2021/NC 2.docx,18594,1,nsmq 2021.zip::nsmq 2021/NC 2.docx
ed1fd4a895074682c5e770d16a8ca49c487f572be755a460dc5ccb9fadd42b9b,archive_member,NC 28.docx,.docx,nsmq 2021.zip::nsmq 2021/NC 28.docx,20803,1,nsmq 2021.zip::nsmq 2021/NC 28.docx
5c0ab334c291c305bcacd4bedad6df745adb099a9e6e5f9dfa01fb6d71ca6376,archive_member,NC 29.docx,.docx,nsmq 2021.zip::nsmq 2021/NC 29.docx,20536,1,nsmq 2021.zip::nsmq 2021/NC 29.docx
1a40f2cd6a425d6860d2f289cd8761cd5b5948394c9ac3f26fd7fd6ce429c059,archive_member,NC 3.docx,.docx,nsmq 2021.zip::nsmq 2021/NC 3.docx,21101,1,nsmq 2021.zip::nsmq 2021/NC 3.docx
5bb857cacfab3fe21519b158eb80b2edc2388811c1387e6599a1fb6671825a8e,archive_member,NC 30.docx,.docx,nsmq 2021.zip::nsmq 2021/NC 30.docx,21011,1,nsmq 2021.zip::nsmq 2021/NC 30.docx
89cdc0dd6ddc99c30b8fd325d927f55a781329341f9a985a4142b9b61b2e81ca,archive_member,NC 31.docx,.docx,nsmq 2021.zip::nsmq 2021/NC 31.docx,21008,1,nsmq 2021.zip::nsmq 2021/NC 31.docx
7eb9193766024c6e15292ff0bc46126dd245cdd8d51100dc2608849c0dff25ee,archive_member,NC 32.docx,.docx,nsmq 2021.zip::nsmq 2021/NC 32.docx,20542,1,nsmq 2021.zip::nsmq 2021/NC 32.docx
4093149d83490dd5994719b7cc3d52de228ca094d8612a1c7e7e4dcadb5f5002,archive_member,NC 33.docx,.docx,nsmq 2021.zip::nsmq 2021/NC 33.docx,21608,1,nsmq 2021.zip::nsmq 2021/NC 33.docx
60f30aee66b51a5c2b0346c86f780874a148282b3d2221f46deb5700388cb02c,archive_member,NC 34.docx,.docx,nsmq 2021.zip::nsmq 2021/NC 34.docx,19433,1,nsmq 2021.zip::nsmq 2021/NC 34.docx
22e70bac5c64c4765d99c7d40dccb7c2264c226fad8dc7752e7a51197ce060e0,archive_member,NC 35.docx,.docx,nsmq 2021.zip::nsmq 2021/NC 35.docx,21430,1,nsmq 2021.zip::nsmq 2021/NC 35.docx
79db2146b8377bbb448476d125553ad1d9b4b46422f921cdc962753409536e56,archive_member,NC 36.docx,.docx,nsmq 2021.zip::nsmq 2021/NC 36.docx,19267,1,nsmq 2021.zip::nsmq 2021/NC 36.docx
32bb185ddd07a246b0df2011a76f561352a56ac9134cd465f8634c972d94d250,archive_member,NC 37.docx,.docx,nsmq 2021.zip::nsmq 2021/NC 37.docx,19879,1,nsmq 2021.zip::nsmq 2021/NC 37.docx
33f5e7b84cb1316d0ae95aa5913f072dcb1a5c14e7e7e6376a67bce39aa0de5a,archive_member,NC 38.docx,.docx,nsmq 2021.zip::nsmq 2021/NC 38.docx,18946,1,nsmq 2021.zip::nsmq 2021/NC 38.docx
8a209efa9f8fc46ea2004d9893e16c739f986fa9e2b3b8c3f63cf57d7b2b2aec,archive_member,NC 39.docx,.docx,nsmq 2021.zip::nsmq 2021/NC 39.docx,21915,1,nsmq 2021.zip::nsmq 2021/NC 39.docx
487cdec8cfdb8870c2911aae6a643cea42fcf9bd3ba023541cb8754336bd7f62,archive_member,NC 4.docx,.docx,nsmq 2021.zip::nsmq 2021/NC 4.docx,19471,1,nsmq 2021.zip::nsmq 2021/NC 4.docx
b741cbb892a81e378bfb1daca69be5850603daabe77df929a6be21d7fc5d741f,archive_member,NC 40.docx,.docx,nsmq 2021.zip::nsmq 2021/NC 40.docx,20828,1,nsmq 2021.zip::nsmq 2021/NC 40.docx
c155c0821a66e3cabb6f01e29012d36c6c4ba0c3942feb96cca2c2c866bd92be,archive_member,NC 5.docx,.docx,nsmq 2021.zip::nsmq 2021/NC 5.docx,19137,1,nsmq 2021.zip::nsmq 2021/NC 5.docx
81618725113dfac756752b7fcf07eb3ce36dc1634338f32b318e821b3f3069b0,archive_member,NC 6.docx,.docx,nsmq 2021.zip::nsmq 2021/NC 6.docx,20115,1,nsmq 2021.zip::nsmq 2021/NC 6.docx
39290a8766e294d3182650475fd8ffc8f70c99ed6580eca073d04be033ef97a5,archive_member,NC 7.docx,.docx,nsmq 2021.zip::nsmq 2021/NC 7.docx,20615,1,nsmq 2021.zip::nsmq 2021/NC 7.docx
ec94ae19dafecd7b5b31e5163d4e50e86ce90befebf0266f6bc64665345c6b1c,archive_member,NC 8.docx,.docx,nsmq 2021.zip::nsmq 2021/NC 8.docx,19390,1,nsmq 2021.zip::nsmq 2021/NC 8.docx
c762ed37fd536c3efbd7317b0310d4721d3032c1d021dac3b59907691991c349,archive_member,NC 9.docx,.docx,nsmq 2021.zip::nsmq 2021/NC 9.docx,18595,1,nsmq 2021.zip::nsmq 2021/NC 9.docx
2b0185f53e2611f769d2252c0948c4d0724f89cc5ed957be1d796654517a1f77,archive_member,NSMQ PRELIM 2021.docx,.docx,nsmq 2021.zip::nsmq 2021/NSMQ PRELIM 2021.docx,101285,1,nsmq 2021.zip::nsmq 2021/NSMQ PRELIM 2021.docx
3d9579b998442c26fb2095920b89d4b247f5487ecdbf696216ca4630a5907bf6,archive_member,PHYSICS contest.docx,.docx,nsmq 2021.zip::nsmq 2021/PHYSICS contest.docx,21301,1,nsmq 2021.zip::nsmq 2021/PHYSICS contest.docx
0896a214ece60bfbe5a80834214c487e7fcdab48dbce26d7857374ade9cec7c3,archive_member,PROBLEM OF THE DAY 21.docx,.docx,nsmq 2021.zip::nsmq 2021/PROBLEM OF THE DAY 21.docx,137389,1,nsmq 2021.zip::nsmq 2021/PROBLEM OF THE DAY 21.docx
a058c9bae0a1e6031f878657d43caaf932ddf57cc4ca43171622749ccc682d9a,archive_member,Problems of the Day for one eighth rounds.docx,.docx,nsmq 2021.zip::nsmq 2021/Problems of the Day for one eighth rounds.docx,22271,1,nsmq 2021.zip::nsmq 2021/Problems of the Day for one eighth rounds.docx
2dfb6ce310b70130041938c83a9fdea5681ff5bdf0ff007218335c0d8e012540,archive_member,Problems of the Day for quarter finals and beyond.docx,.docx,nsmq 2021.zip::nsmq 2021/Problems of the Day for quarter finals and beyond.docx,21831,1,nsmq 2021.zip::nsmq 2021/Problems of the Day for quarter finals and beyond.docx
34c4e6db2a8719ed668ba6cab2c290c85a8d2dc46ddb001dbb0c1de372fdcc88,archive_member,Riddle.docx,.docx,nsmq 2021.zip::nsmq 2021/Riddle.docx,48444,1,nsmq 2021.zip::nsmq 2021/Riddle.docx
6eb9b895bd95cf074e5bba1124aa6d8870892d89baba7b0a8db1ae73219a7adf,archive_member,Round 1 - Physics 2021 (PTC).docx,.docx,nsmq 2021.zip::nsmq 2021/Round 1 - Physics 2021 (PTC).docx,108057,1,nsmq 2021.zip::nsmq 2021/Round 1 - Physics 2021 (PTC).docx
f2d8ce514542e75da2a59ca4483d311e8fc08a6fe5410095943ac221e3132573,archive_member,Round 1.docx,.docx,nsmq 2021.zip::nsmq 2021/Round 1.docx,86460,1,nsmq 2021.zip::nsmq 2021/Round 1.docx
f268b7f52e39d011189cdd166298626ef4f68013ee5e42d89eb421d11ebe302e,archive_member,Round 2 - Physics 2021 (PTC).docx,.docx,nsmq 2021.zip::nsmq 2021/Round 2 - Physics 2021 (PTC).docx,64690,1,nsmq 2021.zip::nsmq 2021/Round 2 - Physics 2021 (PTC).docx
fc997599d6bcbfc3442e17b5ac8a177d05a6c98e8d9d13127afa8b985eeb2494,archive_member,Round 4 - Physics 2021 (PTC).docx,.docx,nsmq 2021.zip::nsmq 2021/Round 4 - Physics 2021 (PTC).docx,83279,1,nsmq 2021.zip::nsmq 2021/Round 4 - Physics 2021 (PTC).docx
cadb816e8107ebec1a5427fe8d71985c2c80a1fb19275c480590fe61c34545eb,archive_member,Round 5 - Physics 2021 (PTC).docx,.docx,nsmq 2021.zip::nsmq 2021/Round 5 - Physics 2021 (PTC).docx,40524,1,nsmq 2021.zip::nsmq 2021/Round 5 - Physics 2021 (PTC).docx
748d2a8c21e201cc87664fec5b51083ea34fc590529fdbbad700ffbed7c4412e,archive_member,ROUND ONE.pdf,.pdf,nsmq 2021.zip::nsmq 2021/ROUND ONE.pdf,2689800,1,nsmq 2021.zip::nsmq 2021/ROUND ONE.pdf
14ad7a6b262fd463ea2513f7963486bdc8ae015e01a8df0dba9307a8a3c1db2b,archive_member,True or False.docx,.docx,nsmq 2021.zip::nsmq 2021/True or False.docx,64210,1,nsmq 2021.zip::nsmq 2021/True or False.docx
308730cf650877d27a4951f32d6aed709cab1cd321aa8ba058a4ab6f23d79d8c,archive_member,Biology 2022 - One-eighth - Finals.docx,.docx,NSMQ 2022.zip::NSMQ 2022/Biology 2022/Biology 2022 - One-eighth - Finals.docx,68114,2,NSMQ 2022.zip::NSMQ 2022/Biology 2022/Biology 2022 - One-eighth - Finals.docx | NSMQ 2022.zip::NSMQ 2022/NSMQ 2022/Biology 2022/Biology 2022 - One-eighth - Finals.docx
1f79d1a71f058cf0dc06c4b8184f1d0078f47eef4e35d02fef3a9e74e6792b0f,archive_member,Biology contest 1.docx,.docx,NSMQ 2022.zip::NSMQ 2022/Biology 2022/Biology Prelims/Biology contest 1.docx,7374,2,NSMQ 2022.zip::NSMQ 2022/Biology 2022/Biology Prelims/Biology contest 1.docx | NSMQ 2022.zip::NSMQ 2022/NSMQ 2022/Biology 2022/Biology Prelims/Biology contest 1.docx
235d80765baee2a4dafe3fcc1947bcf7ea9470ac282300a3f96450f3fa5dc3f4,archive_member,Biology Contest 10.docx,.docx,NSMQ 2022.zip::NSMQ 2022/Biology 2022/Biology Prelims/Biology Contest 10.docx,7787,2,NSMQ 2022.zip::NSMQ 2022/Biology 2022/Biology Prelims/Biology Contest 10.docx | NSMQ 2022.zip::NSMQ 2022/NSMQ 2022/Biology 2022/Biology Prelims/Biology Contest 10.docx
e6545e29feedbd740931729d581055e9afc14b77e12699b436dec4b30e07a430,archive_member,Biology Contest 11.docx,.docx,NSMQ 2022.zip::NSMQ 2022/Biology 2022/Biology Prelims/Biology Contest 11.docx,7730,2,NSMQ 2022.zip::NSMQ 2022/Biology 2022/Biology Prelims/Biology Contest 11.docx | NSMQ 2022.zip::NSMQ 2022/NSMQ 2022/Biology 2022/Biology Prelims/Biology Contest 11.docx
63a0d75468a938a7298afeb89885538156e97c44720070aaf2b2760a9a9e3610,archive_member,Biology Contest 12.docx,.docx,NSMQ 2022.zip::NSMQ 2022/Biology 2022/Biology Prelims/Biology Contest 12.docx,12815,2,NSMQ 2022.zip::NSMQ 2022/Biology 2022/Biology Prelims/Biology Contest 12.docx | NSMQ 2022.zip::NSMQ 2022/NSMQ 2022/Biology 2022/Biology Prelims/Biology Contest 12.docx
58e88adf3fa17f547328653965eddd12b55594bfc24828c837cd293c7c5105ed,archive_member,Biology Contest 2.docx,.docx,NSMQ 2022.zip::NSMQ 2022/Biology 2022/Biology Prelims/Biology Contest 2.docx,8112,2,NSMQ 2022.zip::NSMQ 2022/Biology 2022/Biology Prelims/Biology Contest 2.docx | NSMQ 2022.zip::NSMQ 2022/NSMQ 2022/Biology 2022/Biology Prelims/Biology Contest 2.docx
17d65b5953d196b0ce7b6a34b5fb8953d410aed00695b3a905d927162ce86f59,archive_member,Biology Contest 3.docx,.docx,NSMQ 2022.zip::NSMQ 2022/Biology 2022/Biology Prelims/Biology Contest 3.docx,7881,2,NSMQ 2022.zip::NSMQ 2022/Biology 2022/Biology Prelims/Biology Contest 3.docx | NSMQ 2022.zip::NSMQ 2022/NSMQ 2022/Biology 2022/Biology Prelims/Biology Contest 3.docx
2be964a4931e63e445a2d61c51d1155fa1d58d0f8aa678991370d6b98f0cde69,archive_member,Biology Contest 4.docx,.docx,NSMQ 2022.zip::NSMQ 2022/Biology 2022/Biology Prelims/Biology Contest 4.docx,7694,2,NSMQ 2022.zip::NSMQ 2022/Biology 2022/Biology Prelims/Biology Contest 4.docx | NSMQ 2022.zip::NSMQ 2022/NSMQ 2022/Biology 2022/Biology Prelims/Biology Contest 4.docx
f055e44e3fdef3d00f6dc9c12af7076171472d58b1939cdd91de33fab3dbd1a8,archive_member,Biology Contest 5 partial.docx,.docx,NSMQ 2022.zip::NSMQ 2022/Biology 2022/Biology Prelims/Biology Contest 5 partial.docx,8123,2,NSMQ 2022.zip::NSMQ 2022/Biology 2022/Biology Prelims/Biology Contest 5 partial.docx | NSMQ 2022.zip::NSMQ 2022/NSMQ 2022/Biology 2022/Biology Prelims/Biology Contest 5 partial.docx
a045eb9a0a62b8dabd31d9a57d45c56c5e62699babb7ad8719ca5e794e54651d,archive_member,Biology Contest 6.docx,.docx,NSMQ 2022.zip::NSMQ 2022/Biology 2022/Biology Prelims/Biology Contest 6.docx,7689,2,NSMQ 2022.zip::NSMQ 2022/Biology 2022/Biology Prelims/Biology Contest 6.docx | NSMQ 2022.zip::NSMQ 2022/NSMQ 2022/Biology 2022/Biology Prelims/Biology Contest 6.docx
44f440e6610f3092ed07c5d6decb6ff754e56ba754ec01966a903ba6a62b2d2e,archive_member,Biology Contest 7.docx,.docx,NSMQ 2022.zip::NSMQ 2022/Biology 2022/Biology Prelims/Biology Contest 7.docx,7665,2,NSMQ 2022.zip::NSMQ 2022/Biology 2022/Biology Prelims/Biology Contest 7.docx | NSMQ 2022.zip::NSMQ 2022/NSMQ 2022/Biology 2022/Biology Prelims/Biology Contest 7.docx
d3f3cae467d7f8b70926ca3e54feca80c6ea082be2a4df27442905e81b8a2ce9,archive_member,Biology Contest 8.docx,.docx,NSMQ 2022.zip::NSMQ 2022/Biology 2022/Biology Prelims/Biology Contest 8.docx,7792,2,NSMQ 2022.zip::NSMQ 2022/Biology 2022/Biology Prelims/Biology Contest 8.docx | NSMQ 2022.zip::NSMQ 2022/NSMQ 2022/Biology 2022/Biology Prelims/Biology Contest 8.docx
b99bd382b1abd1e8edd8404681b882f6aa6562e94f62a31cf5802c6ea4fba782,archive_member,Biology Contest 9.docx,.docx,NSMQ 2022.zip::NSMQ 2022/Biology 2022/Biology Prelims/Biology Contest 9.docx,7579,2,NSMQ 2022.zip::NSMQ 2022/Biology 2022/Biology Prelims/Biology Contest 9.docx | NSMQ 2022.zip::NSMQ 2022/NSMQ 2022/Biology 2022/Biology Prelims/Biology Contest 9.docx
c2495feddd6d13a18e6ba14b12ce33d4334dd51ae4c9a29c30ee78e1f97155db,archive_member,Problem of the day -  Biology  Prelims.docx,.docx,NSMQ 2022.zip::NSMQ 2022/Biology 2022/Biology Prelims/Problem of the day -  Biology  Prelims.docx,17560,2,NSMQ 2022.zip::NSMQ 2022/Biology 2022/Biology Prelims/Problem of the day -  Biology  Prelims.docx | NSMQ 2022.zip::NSMQ 2022/NSMQ 2022/Biology 2022/Biology Prelims/Problem of the day -  Biology  Prelims.docx
02538c730d177e61eadd86a20b8b5a5be7b6ee59578cd9b158e168eb1ee61661,archive_member,FINALS_2022_edited_2.docx,.docx,NSMQ 2022.zip::NSMQ 2022/Chemistry 2022/FINALS_2022_edited_2.docx,119328,2,NSMQ 2022.zip::NSMQ 2022/Chemistry 2022/FINALS_2022_edited_2.docx | NSMQ 2022.zip::NSMQ 2022/NSMQ 2022/Chemistry 2022/FINALS_2022_edited_2.docx
8b0c689b81e5ab0f5f94c8f2c5f1a96aaf4f5149bbb6fa38d1e344eb246d5ff3,archive_member,One Eighth Contests_Updated2.docx,.docx,NSMQ 2022.zip::NSMQ 2022/Chemistry 2022/One Eighth Contests_Updated2.docx,93339,1,NSMQ 2022.zip::NSMQ 2022/Chemistry 2022/One Eighth Contests_Updated2.docx
a99571d355c509f8ca889fc403ab71ea5cca12564a458e8bd6b3af4d0e39b1da,archive_member,POTD_Prelims n Finals_2022.docx,.docx,NSMQ 2022.zip::NSMQ 2022/Chemistry 2022/POTD_Prelims n Finals_2022.docx,41145,2,NSMQ 2022.zip::NSMQ 2022/Chemistry 2022/POTD_Prelims n Finals_2022.docx | NSMQ 2022.zip::NSMQ 2022/NSMQ 2022/Chemistry 2022/POTD_Prelims n Finals_2022.docx
e48d7618a2ea94b610f9253a4ee05a6146c9aefa363ad4da025797efc7be1d67,archive_member,Prelims_All Contests_Final.docx,.docx,NSMQ 2022.zip::NSMQ 2022/Chemistry 2022/Prelims_All Contests_Final.docx,90177,2,NSMQ 2022.zip::NSMQ 2022/Chemistry 2022/Prelims_All Contests_Final.docx | NSMQ 2022.zip::NSMQ 2022/NSMQ 2022/Chemistry 2022/Prelims_All Contests_Final.docx
cafce77800ec96f96207127e0f3f60e2ed37dc6cef8838fa51012cad72d2482c,archive_member,ADDITIONAL CONTEST 22.docx,.docx,NSMQ 2022.zip::NSMQ 2022/Maths 2022/ADDITIONAL CONTEST 22.docx,17769,2,NSMQ 2022.zip::NSMQ 2022/Maths 2022/ADDITIONAL CONTEST 22.docx | NSMQ 2022.zip::NSMQ 2022/NSMQ 2022/Maths 2022/ADDITIONAL CONTEST 22.docx
03d2ac319d8723bd2e713a1593ffaabed9f31e2aa39716ae27a5cc9b3761bf4d,archive_member,potd prelim 22.docx,.docx,NSMQ 2022.zip::NSMQ 2022/Maths 2022/potd prelim 22.docx,108272,2,NSMQ 2022.zip::NSMQ 2022/Maths 2022/potd prelim 22.docx | NSMQ 2022.zip::NSMQ 2022/NSMQ 2022/Maths 2022/potd prelim 22.docx
ddb91bc4c51da09865b0cf761d1236d107d03bdfd277555d8ae5c91e4331aca7,archive_member,Pre C13 maths.docx,.docx,NSMQ 2022.zip::NSMQ 2022/Maths 2022/Pre C13 maths.docx,35196,2,NSMQ 2022.zip::NSMQ 2022/Maths 2022/Pre C13 maths.docx | NSMQ 2022.zip::NSMQ 2022/NSMQ 2022/Maths 2022/Pre C13 maths.docx
804070259bf17ebee13ae472bb823dc7426a0a16e701581f7c03fb44d19856cb,archive_member,Prelim 2022.docx,.docx,NSMQ 2022.zip::NSMQ 2022/Maths 2022/Prelim 2022.docx,265399,2,NSMQ 2022.zip::NSMQ 2022/Maths 2022/Prelim 2022.docx | NSMQ 2022.zip::NSMQ 2022/NSMQ 2022/Maths 2022/Prelim 2022.docx
d17245c71fa06977607f611d960de97b8219e30f06bd9c4208472c31ed4c45a7,archive_member,One Eighth Contests_Updated2.docx,.docx,NSMQ 2022.zip::NSMQ 2022/NSMQ 2022/Chemistry 2022/One Eighth Contests_Updated2.docx,94492,1,NSMQ 2022.zip::NSMQ 2022/NSMQ 2022/Chemistry 2022/One Eighth Contests_Updated2.docx
177b05e86a47b652fdeb2b0c64cb0184441329b78f7e277189c4ea8e00485c63,archive_member,Physics - 2022.docx,.docx,NSMQ 2022.zip::NSMQ 2022/NSMQ 2022/Physics 2022/Physics - 2022.docx,267841,1,NSMQ 2022.zip::NSMQ 2022/NSMQ 2022/Physics 2022/Physics - 2022.docx
336f96ffe799c41078293d21ee9a748133ce208a629e5143b6f35240b6c32631,archive_member,Physics - 2022.docx,.docx,NSMQ 2022.zip::NSMQ 2022/Physics 2022/Physics - 2022.docx,267633,1,NSMQ 2022.zip::NSMQ 2022/Physics 2022/Physics - 2022.docx
404ec430a8a9d821becbd48c51f521ad1bfb34e5dfc780a274c6928eeefcb656,archive_member,Contest 1-2020.docx,.docx,NSMQ2020.zip::Contest 1-2020.docx,20461,1,NSMQ2020.zip::Contest 1-2020.docx
1e2eb52436eb72e0b891cb07325411efef2e6068ebd5b11dc7fd362e54eea814,archive_member,Contest 10-2020.docx,.docx,NSMQ2020.zip::Contest 10-2020.docx,23612,1,NSMQ2020.zip::Contest 10-2020.docx
ddd3bc5b2b49b669a43686d619faae37993302832d4ddb8356569328c8d9851f,archive_member,Contest 11-2020.docx,.docx,NSMQ2020.zip::Contest 11-2020.docx,20044,1,NSMQ2020.zip::Contest 11-2020.docx
b0ff728f3f62e6d876645309678bed7b9404a58b61bcd402e6667e8c845edb75,archive_member,Contest 12-2020.docx,.docx,NSMQ2020.zip::Contest 12-2020.docx,22023,1,NSMQ2020.zip::Contest 12-2020.docx
fb2cebd2a8351be936875e95750b69985845efc759111f7343b98440a0272083,archive_member,Contest 13-2020.docx,.docx,NSMQ2020.zip::Contest 13-2020.docx,21101,1,NSMQ2020.zip::Contest 13-2020.docx
71f86db856fb9813adbfb178d5f89d2d53bdf2b609658077226883ed2a118b41,archive_member,Contest 14-2020.docx,.docx,NSMQ2020.zip::Contest 14-2020.docx,21228,1,NSMQ2020.zip::Contest 14-2020.docx
d70be83ab3a403b3eb0f4671db872572072c15581c4040f8b93a0baeffbedbb6,archive_member,Contest 15-2020.docx,.docx,NSMQ2020.zip::Contest 15-2020.docx,23879,1,NSMQ2020.zip::Contest 15-2020.docx
82c6120a20fa2e5bf2f32bcf6500718057449d774c5a55ec5d3befec61c1619b,archive_member,Contest 16-2020.docx,.docx,NSMQ2020.zip::Contest 16-2020.docx,22460,1,NSMQ2020.zip::Contest 16-2020.docx
90860541cf6e32ad31162ece028f477b2a2c214c7a88b3cb8e2fdc0b2bd2f904,archive_member,Contest 17-2020.docx,.docx,NSMQ2020.zip::Contest 17-2020.docx,20504,1,NSMQ2020.zip::Contest 17-2020.docx
14587c5fc47429a891e6152d9fd024ae49470e72b584dd3358fc48fb1966ca40,archive_member,Contest 18-2020.docx,.docx,NSMQ2020.zip::Contest 18-2020.docx,22302,1,NSMQ2020.zip::Contest 18-2020.docx
a446eddfb399bed736a0abeac29f14c7e40f1329263c96e5d32a1b84a85e0660,archive_member,Contest 19-2020.docx,.docx,NSMQ2020.zip::Contest 19-2020.docx,22919,1,NSMQ2020.zip::Contest 19-2020.docx
2dba90722d34ff1afafa0251bc948082f11780f681d66ea78bc563cf2b60727b,archive_member,Contest 2-2020 .docx,.docx,NSMQ2020.zip::Contest 2-2020 .docx,19912,1,NSMQ2020.zip::Contest 2-2020 .docx
8dbebe5bc9f22741bbfcafcfe36110a8be9be91a700a468a031327c82f99aca7,archive_member,Contest 20-2020.docx,.docx,NSMQ2020.zip::Contest 20-2020.docx,22929,1,NSMQ2020.zip::Contest 20-2020.docx
b2c3efb11f1c361876c486ce9ea9a824b0816a509db0fe6cba60a6692e9093da,archive_member,Contest 21-2020.docx,.docx,NSMQ2020.zip::Contest 21-2020.docx,23013,1,NSMQ2020.zip::Contest 21-2020.docx
39b65dd9bd4e177197c122d39468a07949dfe5b1f85a52b6022ffdba86fb2f4b,archive_member,Contest 22-2020.docx,.docx,NSMQ2020.zip::Contest 22-2020.docx,20985,1,NSMQ2020.zip::Contest 22-2020.docx
2fe5b7b9bfe8806087320b27d0e7991ca05959f2a507fb1e4d0a48163658528a,archive_member,Contest 23-2020.docx,.docx,NSMQ2020.zip::Contest 23-2020.docx,21338,1,NSMQ2020.zip::Contest 23-2020.docx
10366aae2ee147516c7346300dd96d8f2d9695a52d3306da88df9fa0408e91da,archive_member,Contest 24-2020.docx,.docx,NSMQ2020.zip::Contest 24-2020.docx,21137,1,NSMQ2020.zip::Contest 24-2020.docx
1d13dce1dbaf474c0f17056eafdf2f3bc6cbdfadd3427f92688cfee7741cde6a,archive_member,Contest 25-2020.docx,.docx,NSMQ2020.zip::Contest 25-2020.docx,20620,1,NSMQ2020.zip::Contest 25-2020.docx
aecd61d78f5f62b07658df9882a9c14e7aa83c01979f48e27a432a16e1199229,archive_member,Contest 26-2020.docx,.docx,NSMQ2020.zip::Contest 26-2020.docx,20987,1,NSMQ2020.zip::Contest 26-2020.docx
dad4bd175b7f06e4e4afec8744a18a99f0ec6712bdc1d00470defd33da111dd2,archive_member,Contest 27-2020.docx,.docx,NSMQ2020.zip::Contest 27-2020.docx,21575,1,NSMQ2020.zip::Contest 27-2020.docx
54931df07287699680361577b7e3201d515f62426c7cea3709e2c56c2dc83db6,archive_member,Contest 28-2020.docx,.docx,NSMQ2020.zip::Contest 28-2020.docx,21573,1,NSMQ2020.zip::Contest 28-2020.docx
b603c06cba405f28ccac815a6cbef42258fe46dc42709ee7819f79b2e08a6282,archive_member,Contest 29-2020.docx,.docx,NSMQ2020.zip::Contest 29-2020.docx,21312,1,NSMQ2020.zip::Contest 29-2020.docx
317d87d451c5ef9e3df83109c98e276593c413075cdf3308955f1087590a5c75,archive_member,Contest 3-2020.docx,.docx,NSMQ2020.zip::Contest 3-2020.docx,20217,1,NSMQ2020.zip::Contest 3-2020.docx
9ae65cdcaae170a8418f6101d36c2afc209314b0cd833e0c311b8e48554be671,archive_member,Contest 30-2020.docx,.docx,NSMQ2020.zip::Contest 30-2020.docx,22003,1,NSMQ2020.zip::Contest 30-2020.docx
0e59148bb1ab882c510156196893812e503ebd9d2569f10b0968df31794afe0f,archive_member,Contest 31-2020.docx,.docx,NSMQ2020.zip::Contest 31-2020.docx,21808,1,NSMQ2020.zip::Contest 31-2020.docx
762186b15e8ce5011359f5089488541687d806767c23103a4bd5ff4f1dcc9640,archive_member,Contest 32-2020.docx,.docx,NSMQ2020.zip::Contest 32-2020.docx,22866,1,NSMQ2020.zip::Contest 32-2020.docx
df15a38bd2f84996f5e1f0343bfc62c8b8e969abb3b638dea0d44cf514513430,archive_member,Contest 33-2020.docx,.docx,NSMQ2020.zip::Contest 33-2020.docx,21617,1,NSMQ2020.zip::Contest 33-2020.docx
461e0c2c1e5932a64ad350588601efae97d3830d849c25b3a913adecca8e9102,archive_member,Contest 34-2020.docx,.docx,NSMQ2020.zip::Contest 34-2020.docx,21907,1,NSMQ2020.zip::Contest 34-2020.docx
c68ad31f59ec799c14b4d6291c3c844c12513eead09b7d23aaefd67bd93848a0,archive_member,Contest 35-2020.docx,.docx,NSMQ2020.zip::Contest 35-2020.docx,23262,1,NSMQ2020.zip::Contest 35-2020.docx
1340ef3c918fd2f7a676b356ad4dc8c6bd976e95d905915b17125ff49958ab36,archive_member,Contest 36-2020.docx,.docx,NSMQ2020.zip::Contest 36-2020.docx,21990,1,NSMQ2020.zip::Contest 36-2020.docx
7bed22b46ef87b7543c36645b19ffa447333dc6119ace113c273d2075f27adb3,archive_member,Contest 4-2020.docx,.docx,NSMQ2020.zip::Contest 4-2020.docx,21824,1,NSMQ2020.zip::Contest 4-2020.docx
945d9da08a5444d3e0d2ec86f90ee76257f6af1454d56c912739591de18167ae,archive_member,Contest 5-2020.docx,.docx,NSMQ2020.zip::Contest 5-2020.docx,20240,1,NSMQ2020.zip::Contest 5-2020.docx
0e57488d5354cdadc5ee8495caa1dffaee76e0b9c93a92b9e983ce5879f9bee6,archive_member,Contest 6-2020.docx,.docx,NSMQ2020.zip::Contest 6-2020.docx,21176,1,NSMQ2020.zip::Contest 6-2020.docx
ca25b16196e5b0feb76a9c8ede68fe9306466d8143aa16071aadc8f2b39662b2,archive_member,Contest 7-2020.docx,.docx,NSMQ2020.zip::Contest 7-2020.docx,21306,1,NSMQ2020.zip::Contest 7-2020.docx
ad5d9aef1035b34b59fc4ef6f29e774ec7bbe5ed0c8d221af06ced95d2d97fa6,archive_member,Contest 8-2020.docx,.docx,NSMQ2020.zip::Contest 8-2020.docx,22138,1,NSMQ2020.zip::Contest 8-2020.docx
16ff0a9272820a8872a1d0c373747fc0ccaee59ee369d01562a20a1676e171af,archive_member,Contest 9-2020.docx,.docx,NSMQ2020.zip::Contest 9-2020.docx,23169,1,NSMQ2020.zip::Contest 9-2020.docx
ac2a0089d58e8cebbde2b1feab1bf0664811ccb8ba3d39f04ebc9828b6f1c82f,archive_member,EXTRA R4.docx,.docx,NSMQ2020.zip::EXTRA R4.docx,14941,1,NSMQ2020.zip::EXTRA R4.docx
b3b3f11ddbb35a88228e77dfd0cb8a2f5e832fb201c2e7d87bd9d014224771a3,archive_member,NSMQ 2020 Prelims Maths.docx,.docx,NSMQ2020.zip::NSMQ 2020 Prelims Maths.docx,181328,1,NSMQ2020.zip::NSMQ 2020 Prelims Maths.docx
1f18b34456430069f7fd19f41130294c3378e7b0fcb6bb1b34a251926d183e82,archive_member,NSMQ 2020 Prelims POTD.docx,.docx,NSMQ2020.zip::NSMQ 2020 Prelims POTD.docx,56340,1,NSMQ2020.zip::NSMQ 2020 Prelims POTD.docx
14ad9bb43f3e8f9c83ba2500e5c298dd86d00623f5bcce14eb5326dbb9b44565,archive_member,Prelims Riddles .docx,.docx,NSMQ2020.zip::Prelims Riddles .docx,32486,1,NSMQ2020.zip::Prelims Riddles .docx
c50342e0f9c92bd74d4f2372fc075117be9f75cbd7f1dee9b40b0baec243cb0d,archive_member,Prelims Round 1 - Physics 2020.docx,.docx,NSMQ2020.zip::Prelims Round 1 - Physics 2020.docx,134164,1,NSMQ2020.zip::Prelims Round 1 - Physics 2020.docx
650389a566bfabcd067d3f47a6cdc4b460072ce27c1597bc055e333e7ba390cc,archive_member,Prelims Round 1.docx,.docx,NSMQ2020.zip::Prelims Round 1.docx,52089,1,NSMQ2020.zip::Prelims Round 1.docx
62e85617f12fe9b5472e7ea81566e266f2c42621cb835f7edbb7772d648619cd,archive_member,Prelims Round 2 - Physics 2020.docx,.docx,NSMQ2020.zip::Prelims Round 2 - Physics 2020.docx,90247,1,NSMQ2020.zip::Prelims Round 2 - Physics 2020.docx
191357f6519b05a0f360e9d6fe554717b96e2c06f5e4f0f4ce095c6d1a2f15cb,archive_member,Prelims Round 4 - Physics 2020.docx,.docx,NSMQ2020.zip::Prelims Round 4 - Physics 2020.docx,65416,1,NSMQ2020.zip::Prelims Round 4 - Physics 2020.docx
73d4f063ff6aad9e40385531909b427cd98f1e3f349618f22069e5c41f77a48d,archive_member,Prelims Round 5 - Physics 2020.docx,.docx,NSMQ2020.zip::Prelims Round 5 - Physics 2020.docx,39328,1,NSMQ2020.zip::Prelims Round 5 - Physics 2020.docx
819087aeea977db829f6a2ae7f9062f4bd2aae15b76a765688afbb21beb1a1d4,archive_member,Prelims Speed Race.docx,.docx,NSMQ2020.zip::Prelims Speed Race.docx,31729,1,NSMQ2020.zip::Prelims Speed Race.docx
2135ff99f1bee2f035e33b134927e3d15389a07901fe3acbd05b8db498d8e992,archive_member,Prelims True or false.docx,.docx,NSMQ2020.zip::Prelims True or false.docx,42670,1,NSMQ2020.zip::Prelims True or false.docx
8c41bb31e9d1e5b0b34f5bd850a4021eee1c8ff3432eb9527df86bf772b661be,loose_file,CONTEST 1.docx,.docx,SMQ BIBLES\2018 Eastern Regional Contests\CONTEST 1.docx,23481,1,SMQ BIBLES\2018 Eastern Regional Contests\CONTEST 1.docx
3e7a643b51c6f14c043f9ed082ef9804f8895d8ad5bca77696056659216dd97a,loose_file,CONTEST 10.docx,.docx,SMQ BIBLES\2018 Eastern Regional Contests\CONTEST 10.docx,29597,1,SMQ BIBLES\2018 Eastern Regional Contests\CONTEST 10.docx
cf0f5e69c4dab4987d0b06289527d8e2d837c8cf81e9c4c5f8d753a307b52796,loose_file,CONTEST 11.docx,.docx,SMQ BIBLES\2018 Eastern Regional Contests\CONTEST 11.docx,26652,1,SMQ BIBLES\2018 Eastern Regional Contests\CONTEST 11.docx
87010c1401678b9b121089facbe893b4fc803a171ef0e6950103b61114f3ffa8,loose_file,CONTEST 12.docx,.docx,SMQ BIBLES\2018 Eastern Regional Contests\CONTEST 12.docx,31474,1,SMQ BIBLES\2018 Eastern Regional Contests\CONTEST 12.docx
477d97c9c055da12e1f1e0405731ded98308c34c56ddab7a740d6a6359844e1a,loose_file,CONTEST 13.docx,.docx,SMQ BIBLES\2018 Eastern Regional Contests\CONTEST 13.docx,31030,1,SMQ BIBLES\2018 Eastern Regional Contests\CONTEST 13.docx
bb26b592dccd9bd0c43053ac4c2d07bc75f1fd3ef0e9e1ed8f565bed80c92aae,loose_file,CONTEST 14.docx,.docx,SMQ BIBLES\2018 Eastern Regional Contests\CONTEST 14.docx,34010,1,SMQ BIBLES\2018 Eastern Regional Contests\CONTEST 14.docx
32074815763913d2696c91cbd8e6f853e2be96bbd4e4d549b7e982cfe12675a5,loose_file,CONTEST 15.docx,.docx,SMQ BIBLES\2018 Eastern Regional Contests\CONTEST 15.docx,31759,1,SMQ BIBLES\2018 Eastern Regional Contests\CONTEST 15.docx
6a7639c3943472bb86b0d8236dfb70c006fcae738a28db8c1af6f1e1f9aa08bf,loose_file,CONTEST 16.docx,.docx,SMQ BIBLES\2018 Eastern Regional Contests\CONTEST 16.docx,31480,1,SMQ BIBLES\2018 Eastern Regional Contests\CONTEST 16.docx
65d421c224a4669fbf6b1ccce295ec61967807f6097a22281541eb1a5bded24a,loose_file,CONTEST 17.docx,.docx,SMQ BIBLES\2018 Eastern Regional Contests\CONTEST 17.docx,28701,1,SMQ BIBLES\2018 Eastern Regional Contests\CONTEST 17.docx
1f52f7b9e4e84e642ab7de790d68df3686881ca00f1b20885c6aef8ce81ca08d,loose_file,CONTEST 18.docx,.docx,SMQ BIBLES\2018 Eastern Regional Contests\CONTEST 18.docx,30333,1,SMQ BIBLES\2018 Eastern Regional Contests\CONTEST 18.docx
dfc1f2ae7a96f29b38dc9937809252fa85d67798adcce66119be736e0cd170f8,loose_file,CONTEST 19.docx,.docx,SMQ BIBLES\2018 Eastern Regional Contests\CONTEST 19.docx,35396,1,SMQ BIBLES\2018 Eastern Regional Contests\CONTEST 19.docx
c5829942bb9d48bddf3d07be21af1ec28b6adc8fbecb17c286be633bf03d8030,loose_file,CONTEST 2.docx,.docx,SMQ BIBLES\2018 Eastern Regional Contests\CONTEST 2.docx,25074,1,SMQ BIBLES\2018 Eastern Regional Contests\CONTEST 2.docx
5bfdf07e08a7704cc93af7375ab93a8ec382a914ae91ce41d47cf627b22cf4c8,loose_file,CONTEST 20.docx,.docx,SMQ BIBLES\2018 Eastern Regional Contests\CONTEST 20.docx,30072,1,SMQ BIBLES\2018 Eastern Regional Contests\CONTEST 20.docx
f19b3b8ec04cbee155b7c5340df0afc1c1b2024e93d875f880220c4c32da7e99,loose_file,CONTEST 21.docx,.docx,SMQ BIBLES\2018 Eastern Regional Contests\CONTEST 21.docx,28209,1,SMQ BIBLES\2018 Eastern Regional Contests\CONTEST 21.docx
e1822b2be74b3eee24d5ed7b24931f6863a290697063f00307178030f204103d,loose_file,CONTEST 22.docx,.docx,SMQ BIBLES\2018 Eastern Regional Contests\CONTEST 22.docx,29582,1,SMQ BIBLES\2018 Eastern Regional Contests\CONTEST 22.docx
b74741784488a5d6df06eaae2f3bd3c7014c1a73bb094095393f3f5e7ccf5c5c,loose_file,CONTEST 23.docx,.docx,SMQ BIBLES\2018 Eastern Regional Contests\CONTEST 23.docx,27812,1,SMQ BIBLES\2018 Eastern Regional Contests\CONTEST 23.docx
6dfd9167a3fda1d7eaf0bcc6d75bb75177a26808e69d3e7ac13834e434820730,loose_file,CONTEST 24.docx,.docx,SMQ BIBLES\2018 Eastern Regional Contests\CONTEST 24.docx,34470,1,SMQ BIBLES\2018 Eastern Regional Contests\CONTEST 24.docx
c2eb0fbed9868169d3f9e1f8856efcca70a67ba59a32fd76527a1f6ac66015d6,loose_file,CONTEST 3.docx,.docx,SMQ BIBLES\2018 Eastern Regional Contests\CONTEST 3.docx,25075,1,SMQ BIBLES\2018 Eastern Regional Contests\CONTEST 3.docx
ecf12cebbd6059b37eafe120cc4db0bc26cec7154c982ba29958f9d3a4fd6720,loose_file,CONTEST 4.docx,.docx,SMQ BIBLES\2018 Eastern Regional Contests\CONTEST 4.docx,25840,1,SMQ BIBLES\2018 Eastern Regional Contests\CONTEST 4.docx
1d708b8bb3e7a0f9f6ec17bbdcca0f336a27e049adeafe053b2665628c1bb1fb,loose_file,CONTEST 5.docx,.docx,SMQ BIBLES\2018 Eastern Regional Contests\CONTEST 5.docx,24853,1,SMQ BIBLES\2018 Eastern Regional Contests\CONTEST 5.docx
ec66ef030e9415e70de5bb2326b20029683d185fc5d75d5fb6cd3da7505e9146,loose_file,CONTEST 6.docx,.docx,SMQ BIBLES\2018 Eastern Regional Contests\CONTEST 6.docx,39973,1,SMQ BIBLES\2018 Eastern Regional Contests\CONTEST 6.docx
29942d235777e6aa22c39ad8c4941a6b74866c688a02ac03cb58510a1c1cb353,loose_file,CONTEST 7.docx,.docx,SMQ BIBLES\2018 Eastern Regional Contests\CONTEST 7.docx,30366,1,SMQ BIBLES\2018 Eastern Regional Contests\CONTEST 7.docx
ec83a78f16efe10342b5e2b7bad556cb90f2abce3a8a6b1af948300911039c83,loose_file,CONTEST 8.docx,.docx,SMQ BIBLES\2018 Eastern Regional Contests\CONTEST 8.docx,32102,1,SMQ BIBLES\2018 Eastern Regional Contests\CONTEST 8.docx
0c0d8d25ddeef2d0b00231f8c3b8a254ffb2e2345104a566f430b9541f0d473c,loose_file,CONTEST 9.docx,.docx,SMQ BIBLES\2018 Eastern Regional Contests\CONTEST 9.docx,29917,1,SMQ BIBLES\2018 Eastern Regional Contests\CONTEST 9.docx
1f524e7664e46aa1e74f347e1822ddb4c096add1671122f14b6bae8ccaa4812f,loose_file,PROBLEM OF THE DAY.doc,.doc,SMQ BIBLES\NSMQ 2009\CONTEST1 GA\PROBLEM OF THE DAY.doc,43008,2,SMQ BIBLES\NSMQ 2009\CONTEST1 GA\PROBLEM OF THE DAY.doc | SMQ BIBLES\NSMQ 2009\CONTEST2 GA\CONTEST1 GA\PROBLEM OF THE DAY.doc
57e56eb198eb56fe1e288fdb118af5089a87741234909d6b7007e62860f24ea8,loose_file,PROBLEM OF THE DAY.docx,.docx,SMQ BIBLES\NSMQ 2009\CONTEST10 FF\PROBLEM OF THE DAY.docx,39032,1,SMQ BIBLES\NSMQ 2009\CONTEST10 FF\PROBLEM OF THE DAY.docx
186f96e2f035ec919b65901f1d6a9f9c7235fdc52b942f7d41c4ac78448e627f,loose_file,ROUND 1.docx,.docx,SMQ BIBLES\NSMQ 2009\CONTEST10 FF\ROUND 1.docx,43000,1,SMQ BIBLES\NSMQ 2009\CONTEST10 FF\ROUND 1.docx
d119720f8d060429678902b2cba5b77ba4bdeaa1dd200b8debcfaae5cbc5d815,loose_file,Round 2.docx,.docx,SMQ BIBLES\NSMQ 2009\CONTEST10 FF\Round 2.docx,20707,1,SMQ BIBLES\NSMQ 2009\CONTEST10 FF\Round 2.docx
15e8fc5d1d98e500f9acacc362088872ce085cbacda7741e98373c714be76073,loose_file,Round 4.docx,.docx,SMQ BIBLES\NSMQ 2009\CONTEST10 FF\Round 4.docx,78759,1,SMQ BIBLES\NSMQ 2009\CONTEST10 FF\Round 4.docx
939a986906aa6111cbdaf350086f9c45e053a5e682f8c196b775484a4a469272,loose_file,PROBLEM OF THE DAY.docx,.docx,SMQ BIBLES\NSMQ 2009\CONTEST10\PROBLEM OF THE DAY.docx,38429,2,SMQ BIBLES\NSMQ 2009\CONTEST10\PROBLEM OF THE DAY.docx | SMQ BIBLES\NSMQ 2009\Ready for Editing\CONTEST10\PROBLEM OF THE DAY.docx
d5c96f1305c42edbe3aa2381c5aec6de8d13575d145aa53513a4a71baaa2d702,loose_file,ROUND 1.docx,.docx,SMQ BIBLES\NSMQ 2009\CONTEST10\ROUND 1.docx,42798,2,SMQ BIBLES\NSMQ 2009\CONTEST10\ROUND 1.docx | SMQ BIBLES\NSMQ 2009\Ready for Editing\CONTEST10\ROUND 1.docx
4d4f3371bd4f98e96d01c697bf70f758e2a91eae2cb5f5fd8d810577ada9cd67,loose_file,Round 2.docx,.docx,SMQ BIBLES\NSMQ 2009\CONTEST10\Round 2.docx,20392,2,SMQ BIBLES\NSMQ 2009\CONTEST10\Round 2.docx | SMQ BIBLES\NSMQ 2009\Ready for Editing\CONTEST10\Round 2.docx
5be6daf211489d9ad673baf16db970c4904f8bd9f0e95d832b3a9177cc6306c8,loose_file,ROUND5.doc,.doc,SMQ BIBLES\NSMQ 2009\CONTEST11 SAF\ROUND5.doc,155136,1,SMQ BIBLES\NSMQ 2009\CONTEST11 SAF\ROUND5.doc
a06204b309e2b8cf37c7d34a6c22927099274a110b114e812d9cdac7b2d3918e,loose_file,PROBLEM OF THE DAY.doc,.doc,SMQ BIBLES\NSMQ 2009\CONTEST11\PROBLEM OF THE DAY.doc,25088,3,SMQ BIBLES\NSMQ 2009\CONTEST11 SAF\PROBLEM OF THE DAY.doc | SMQ BIBLES\NSMQ 2009\CONTEST11\PROBLEM OF THE DAY.doc | SMQ BIBLES\NSMQ 2009\Ready for Editing\CONTEST11\PROBLEM OF THE DAY.doc
990caa7bb0c3b9da232441d0563add73811485bddfa9b3cc3864189cb8c08b55,loose_file,ROUND1.doc,.doc,SMQ BIBLES\NSMQ 2009\CONTEST11\ROUND1.doc,38400,3,SMQ BIBLES\NSMQ 2009\CONTEST11 SAF\ROUND1.doc | SMQ BIBLES\NSMQ 2009\CONTEST11\ROUND1.doc | SMQ BIBLES\NSMQ 2009\Ready for Editing\CONTEST11\ROUND1.doc
263276522949e26330e9e96088e8396cac58a92033fd8ff3aa880844c1af28af,loose_file,ROUND2.doc,.doc,SMQ BIBLES\NSMQ 2009\CONTEST11\ROUND2.doc,36864,3,SMQ BIBLES\NSMQ 2009\CONTEST11 SAF\ROUND2.doc | SMQ BIBLES\NSMQ 2009\CONTEST11\ROUND2.doc | SMQ BIBLES\NSMQ 2009\Ready for Editing\CONTEST11\ROUND2.doc
aba14dee0aa1d80e385e4627579675d16250060e1b7520664ce14a413eeed310,loose_file,ROUND 2.doc,.doc,SMQ BIBLES\NSMQ 2009\CONTEST12 SAF\ROUND 2.doc,44544,1,SMQ BIBLES\NSMQ 2009\CONTEST12 SAF\ROUND 2.doc
1c752737edad3e24e5b891ae4221d163666f949c4b3db6ffd111295b7f188c43,loose_file,PROBLEM OF THE DAY.doc,.doc,SMQ BIBLES\NSMQ 2009\CONTEST12\PROBLEM OF THE DAY.doc,28672,3,SMQ BIBLES\NSMQ 2009\CONTEST12 SAF\PROBLEM OF THE DAY.doc | SMQ BIBLES\NSMQ 2009\CONTEST12\PROBLEM OF THE DAY.doc | SMQ BIBLES\NSMQ 2009\Ready for Editing\CONTEST12\PROBLEM OF THE DAY.doc
6b6212dd2510dbe342f308153d8898793ae2c721b191aeeaa02858fb93a0c67f,loose_file,ROUND 2.doc,.doc,SMQ BIBLES\NSMQ 2009\CONTEST12\ROUND 2.doc,44032,2,SMQ BIBLES\NSMQ 2009\CONTEST12\ROUND 2.doc | SMQ BIBLES\NSMQ 2009\Ready for Editing\CONTEST12\ROUND 2.doc
1204ea64e560f48cea15c18fc7694f48730d4b7c2076508a187e945057620d36,loose_file,ROUND1.doc,.doc,SMQ BIBLES\NSMQ 2009\CONTEST12\ROUND1.doc,46080,3,SMQ BIBLES\NSMQ 2009\CONTEST12 SAF\ROUND1.doc | SMQ BIBLES\NSMQ 2009\CONTEST12\ROUND1.doc | SMQ BIBLES\NSMQ 2009\Ready for Editing\CONTEST12\ROUND1.doc
0fd74e015a10d119392ac4abdce7a40d182520b87f78778316f3ff8638f97161,loose_file,ROUND5.doc,.doc,SMQ BIBLES\NSMQ 2009\CONTEST13 SAF\ROUND5.doc,36864,1,SMQ BIBLES\NSMQ 2009\CONTEST13 SAF\ROUND5.doc
ff4dbd22cfbb790e5d229ed9a9fc23998b517371b33d0315dc26f5bdcd9c5c51,loose_file,CONTEST13.docx,.docx,SMQ BIBLES\NSMQ 2009\CONTEST13.docx,90970,1,SMQ BIBLES\NSMQ 2009\CONTEST13.docx
3379537c1501276a122f77d9ea91a477d71c64de8db87e7e62f81d761d61718f,loose_file,PROBLEM OF THE DAY.doc,.doc,SMQ BIBLES\NSMQ 2009\CONTEST13\PROBLEM OF THE DAY.doc,27136,3,SMQ BIBLES\NSMQ 2009\CONTEST13 SAF\PROBLEM OF THE DAY.doc | SMQ BIBLES\NSMQ 2009\CONTEST13\PROBLEM OF THE DAY.doc | SMQ BIBLES\NSMQ 2009\Ready for Editing\CONTEST13\PROBLEM OF THE DAY.doc
0180ff90161c68d45b1e634034e45fb006a1c84384a44d161a8db9dea92a49d9,loose_file,ROUND1.doc,.doc,SMQ BIBLES\NSMQ 2009\CONTEST13\ROUND1.doc,37888,3,SMQ BIBLES\NSMQ 2009\CONTEST13 SAF\ROUND1.doc | SMQ BIBLES\NSMQ 2009\CONTEST13\ROUND1.doc | SMQ BIBLES\NSMQ 2009\Ready for Editing\CONTEST13\ROUND1.doc
255f9738e18ae5a07631ecca810d8f2bf308d11b26407fd0f5e2d5c994db8b34,loose_file,ROUND2.doc,.doc,SMQ BIBLES\NSMQ 2009\CONTEST13\ROUND2.doc,61952,3,SMQ BIBLES\NSMQ 2009\CONTEST13 SAF\ROUND2.doc | SMQ BIBLES\NSMQ 2009\CONTEST13\ROUND2.doc | SMQ BIBLES\NSMQ 2009\Ready for Editing\CONTEST13\ROUND2.doc
a1e5a248948f94986abcc9639f8132ed7d7cc73e24573c6a22edb73b284197dd,loose_file,contest 14.docx,.docx,SMQ BIBLES\NSMQ 2009\CONTEST14 FA\contest 14.docx,20866,1,SMQ BIBLES\NSMQ 2009\CONTEST14 FA\contest 14.docx
de53566cc70961b76981c8e4bc9dfbd52350b49c97c323d93e6fa42351dc1f38,loose_file,ROUND4.doc,.doc,SMQ BIBLES\NSMQ 2009\CONTEST14 FA\ROUND4.doc,104448,1,SMQ BIBLES\NSMQ 2009\CONTEST14 FA\ROUND4.doc
bdc2021349ddcaed66c4084824bdf2d4e07ebb80429ae2cc20c7a276aeb8020d,loose_file,PROBLEM OF THE DAY.doc,.doc,SMQ BIBLES\NSMQ 2009\CONTEST14\PROBLEM OF THE DAY.doc,24064,3,SMQ BIBLES\NSMQ 2009\CONTEST14 FA\PROBLEM OF THE DAY.doc | SMQ BIBLES\NSMQ 2009\CONTEST14\PROBLEM OF THE DAY.doc | SMQ BIBLES\NSMQ 2009\Ready for Editing\CONTEST14\PROBLEM OF THE DAY.doc
73350de0fdf633dbcd84d0a0b3d05c43e85c06a93209f639754c373d875789a2,loose_file,ROUND1.doc,.doc,SMQ BIBLES\NSMQ 2009\CONTEST14\ROUND1.doc,31232,3,SMQ BIBLES\NSMQ 2009\CONTEST14 FA\ROUND1.doc | SMQ BIBLES\NSMQ 2009\CONTEST14\ROUND1.doc | SMQ BIBLES\NSMQ 2009\Ready for Editing\CONTEST14\ROUND1.doc
4096b58b08faba4bca4d0eb851689178cb8f8e05ff98ca2b34bced15d2ee3190,loose_file,ROUND2.doc,.doc,SMQ BIBLES\NSMQ 2009\CONTEST14\ROUND2.doc,42496,3,SMQ BIBLES\NSMQ 2009\CONTEST14 FA\ROUND2.doc | SMQ BIBLES\NSMQ 2009\CONTEST14\ROUND2.doc | SMQ BIBLES\NSMQ 2009\Ready for Editing\CONTEST14\ROUND2.doc
f5d0f58fc9a5887fe0479dde405314cffe8f0a94ccd6e4c007af937af6046479,loose_file,problem of the day.doc,.doc,SMQ BIBLES\NSMQ 2009\CONTEST15\problem of the day.doc,32768,3,SMQ BIBLES\NSMQ 2009\CONTEST15 GA\problem of the day.doc | SMQ BIBLES\NSMQ 2009\CONTEST15\problem of the day.doc | SMQ BIBLES\NSMQ 2009\Ready for Editing\CONTEST15\problem of the day.doc
9fccc42b22c2036c3f10c6a31d2789e4bff64101d7e56e37a5f5c70d1ed0dfff,loose_file,ROUND 1.doc,.doc,SMQ BIBLES\NSMQ 2009\CONTEST15\ROUND 1.doc,43008,3,SMQ BIBLES\NSMQ 2009\CONTEST15 GA\ROUND 1.doc | SMQ BIBLES\NSMQ 2009\CONTEST15\ROUND 1.doc | SMQ BIBLES\NSMQ 2009\Ready for Editing\CONTEST15\ROUND 1.doc
db7704bb3e3ef464e3fe2d078ab75fe9dd5aae288225a21de9072fac8a7db200,loose_file,ROUND 2.doc,.doc,SMQ BIBLES\NSMQ 2009\CONTEST15\ROUND 2.doc,43520,3,SMQ BIBLES\NSMQ 2009\CONTEST15 GA\ROUND 2.doc | SMQ BIBLES\NSMQ 2009\CONTEST15\ROUND 2.doc | SMQ BIBLES\NSMQ 2009\Ready for Editing\CONTEST15\ROUND 2.doc
d82bab4bbe2fc12f0426191ff146235ad9c63e29315e95463482f703bbc628fd,loose_file,PROBLEM OF THE DAY.doc,.doc,SMQ BIBLES\NSMQ 2009\CONTEST16\PROBLEM OF THE DAY.doc,43520,3,SMQ BIBLES\NSMQ 2009\CONTEST16 GA\PROBLEM OF THE DAY.doc | SMQ BIBLES\NSMQ 2009\CONTEST16\PROBLEM OF THE DAY.doc | SMQ BIBLES\NSMQ 2009\Ready for Editing\CONTEST16\PROBLEM OF THE DAY.doc
bf097da2622f58b46ec0eb4c86ade33dc208321af26d54d0f4d8f4943ea54116,loose_file,ROUND 1.doc,.doc,SMQ BIBLES\NSMQ 2009\CONTEST16\ROUND 1.doc,78336,3,SMQ BIBLES\NSMQ 2009\CONTEST16 GA\ROUND 1.doc | SMQ BIBLES\NSMQ 2009\CONTEST16\ROUND 1.doc | SMQ BIBLES\NSMQ 2009\Ready for Editing\CONTEST16\ROUND 1.doc
220560ff108e222ff52f83e0897b0c4d572d6a2d43b3d239b52972f1df7f2744,loose_file,ROUND 2.doc,.doc,SMQ BIBLES\NSMQ 2009\CONTEST16\ROUND 2.doc,51200,3,SMQ BIBLES\NSMQ 2009\CONTEST16 GA\ROUND 2.doc | SMQ BIBLES\NSMQ 2009\CONTEST16\ROUND 2.doc | SMQ BIBLES\NSMQ 2009\Ready for Editing\CONTEST16\ROUND 2.doc
c19a1389a41f25765cc3e022d140a6e78376e6824aeaae10450b43e180e36630,loose_file,PROBLEM OF THE DAY.doc,.doc,SMQ BIBLES\NSMQ 2009\CONTEST17\PROBLEM OF THE DAY.doc,31232,2,SMQ BIBLES\NSMQ 2009\CONTEST17\PROBLEM OF THE DAY.doc | SMQ BIBLES\NSMQ 2009\Ready for Editing\CONTEST17\PROBLEM OF THE DAY.doc
71f9b35eb4cb65b8796ec2443de26a861dbdb2ef5b24472296079b1673d0df06,loose_file,ROUND 1.doc,.doc,SMQ BIBLES\NSMQ 2009\CONTEST17\ROUND 1.doc,40960,2,SMQ BIBLES\NSMQ 2009\CONTEST17\ROUND 1.doc | SMQ BIBLES\NSMQ 2009\Ready for Editing\CONTEST17\ROUND 1.doc
e0474e3ada7b577aec0bd47ea10f4b9958ee21cc12825ecee0b5be62dd9c7692,loose_file,ROUND 2.doc,.doc,SMQ BIBLES\NSMQ 2009\CONTEST17\ROUND 2.doc,45568,2,SMQ BIBLES\NSMQ 2009\CONTEST17\ROUND 2.doc | SMQ BIBLES\NSMQ 2009\Ready for Editing\CONTEST17\ROUND 2.doc
fd689c719543bac9abc134bb245c7a0762500cd6cd8f2ec6f2a8dc78083aedbf,loose_file,PROBLEM OF THE DAY.doc,.doc,SMQ BIBLES\NSMQ 2009\CONTEST18\PROBLEM OF THE DAY.doc,26624,3,SMQ BIBLES\NSMQ 2009\CONTEST18 GA\PROBLEM OF THE DAY.doc | SMQ BIBLES\NSMQ 2009\CONTEST18\PROBLEM OF THE DAY.doc | SMQ BIBLES\NSMQ 2009\Ready for Editing\CONTEST18\PROBLEM OF THE DAY.doc
9cff1bb4fb00a07d75b6bdd6005dd9456935fa7f1ae3498161d5b13d6cf53a37,loose_file,ROUND 1.doc,.doc,SMQ BIBLES\NSMQ 2009\CONTEST18\ROUND 1.doc,39936,3,SMQ BIBLES\NSMQ 2009\CONTEST18 GA\ROUND 1.doc | SMQ BIBLES\NSMQ 2009\CONTEST18\ROUND 1.doc | SMQ BIBLES\NSMQ 2009\Ready for Editing\CONTEST18\ROUND 1.doc
818f26ec3d29620b80d158d54b6f3f416959c778adf5b63564df54355ec27ee8,loose_file,ROUND 2.doc,.doc,SMQ BIBLES\NSMQ 2009\CONTEST18\ROUND 2.doc,51200,3,SMQ BIBLES\NSMQ 2009\CONTEST18 GA\ROUND 2.doc | SMQ BIBLES\NSMQ 2009\CONTEST18\ROUND 2.doc | SMQ BIBLES\NSMQ 2009\Ready for Editing\CONTEST18\ROUND 2.doc
02846168404d1af86b11d389574ee68528c35d0f11d2ab7ec5e1f7d21f8404ab,loose_file,PROBLEM OF THE DAY.doc,.doc,SMQ BIBLES\NSMQ 2009\CONTEST19\PROBLEM OF THE DAY.doc,67072,3,SMQ BIBLES\NSMQ 2009\CONTEST19 FA\PROBLEM OF THE DAY.doc | SMQ BIBLES\NSMQ 2009\CONTEST19\PROBLEM OF THE DAY.doc | SMQ BIBLES\NSMQ 2009\Ready for Editing\CONTEST19\PROBLEM OF THE DAY.doc
02df3d00c1cb56158a9ba0380cfd3bda4a637044a89640a6807aa4a5418bca65,loose_file,ROUND 1.doc,.doc,SMQ BIBLES\NSMQ 2009\CONTEST19\ROUND 1.doc,50688,3,SMQ BIBLES\NSMQ 2009\CONTEST19 FA\ROUND 1.doc | SMQ BIBLES\NSMQ 2009\CONTEST19\ROUND 1.doc | SMQ BIBLES\NSMQ 2009\Ready for Editing\CONTEST19\ROUND 1.doc
ae25fc2b2b2de94946d34a1fb7565c16a51232cc381e55588659b7531e40884c,loose_file,ROUND 2.doc,.doc,SMQ BIBLES\NSMQ 2009\CONTEST19\ROUND 2.doc,72704,3,SMQ BIBLES\NSMQ 2009\CONTEST19 FA\ROUND 2.doc | SMQ BIBLES\NSMQ 2009\CONTEST19\ROUND 2.doc | SMQ BIBLES\NSMQ 2009\Ready for Editing\CONTEST19\ROUND 2.doc
723b8bac91cbbd003f7a16fb4170e362ba7ef7d41410b523a7c3a36935a90f57,loose_file,PROBLEM OF THE DAY.doc,.doc,SMQ BIBLES\NSMQ 2009\CONTEST1\PROBLEM OF THE DAY.doc,43008,2,SMQ BIBLES\NSMQ 2009\CONTEST1\PROBLEM OF THE DAY.doc | SMQ BIBLES\NSMQ 2009\Ready for Editing\CONTEST1\PROBLEM OF THE DAY.doc
d480e85eb8b0996edb17ee0729c527dff232c298d2717e2a4420cf3ca718e8d1,loose_file,ROUND1.doc,.doc,SMQ BIBLES\NSMQ 2009\CONTEST1\ROUND1.doc,39936,4,SMQ BIBLES\NSMQ 2009\CONTEST1 GA\ROUND1.doc | SMQ BIBLES\NSMQ 2009\CONTEST1\ROUND1.doc | SMQ BIBLES\NSMQ 2009\CONTEST2 GA\CONTEST1 GA\ROUND1.doc | SMQ BIBLES\NSMQ 2009\Ready for Editing\CONTEST1\ROUND1.doc
e72300036879bb1656af10f776da1d180fe19f414c876f8b66239cbebbbfa432,loose_file,ROUND2.doc,.doc,SMQ BIBLES\NSMQ 2009\CONTEST1\ROUND2.doc,39424,4,SMQ BIBLES\NSMQ 2009\CONTEST1 GA\ROUND2.doc | SMQ BIBLES\NSMQ 2009\CONTEST1\ROUND2.doc | SMQ BIBLES\NSMQ 2009\CONTEST2 GA\CONTEST1 GA\ROUND2.doc | SMQ BIBLES\NSMQ 2009\Ready for Editing\CONTEST1\ROUND2.doc
e64635984431e4f9f70468659edaa401a6de6695c005e2a43058e3e764b9a7eb,loose_file,Problem Of The Day.doc,.doc,SMQ BIBLES\NSMQ 2009\CONTEST2 GA\Problem Of The Day.doc,19968,1,SMQ BIBLES\NSMQ 2009\CONTEST2 GA\Problem Of The Day.doc
cfe3f004e0afce6f6907c9568dd959ed5b06bffbbcd118b30dba771fc1cef417,loose_file,Round 5.doc,.doc,SMQ BIBLES\NSMQ 2009\CONTEST2 GA\Round 5.doc,35840,1,SMQ BIBLES\NSMQ 2009\CONTEST2 GA\Round 5.doc
e097c2dc7835607a5cac621f1d73a23bee81fcd4ff505b538ba21fb66cd3116a,loose_file,Round1.doc,.doc,SMQ BIBLES\NSMQ 2009\CONTEST2 GA\Round1.doc,34304,2,SMQ BIBLES\NSMQ 2009\CONTEST2 GA\Round1.doc | SMQ BIBLES\NSMQ 2009\Ready for Editing\CONTEST2\Round1.doc
8112d8cd8dd5e8f6170c97b348b7fabc068d760711e1b779f64fc40d52b32ee5,loose_file,ROUND 2.doc,.doc,SMQ BIBLES\NSMQ 2009\CONTEST20 GA\ROUND 2.doc,60416,2,SMQ BIBLES\NSMQ 2009\CONTEST20 GA\ROUND 2.doc | SMQ BIBLES\NSMQ 2009\Ready for Editing\CONTEST20\ROUND 2.doc
f877f2ca2b6ba75e0f54147d54c90888b7a28e4a8c6406239526d4f9e50e4a4d,loose_file,PROBLEM OF THE DAY.doc,.doc,SMQ BIBLES\NSMQ 2009\CONTEST20\PROBLEM OF THE DAY.doc,40960,3,SMQ BIBLES\NSMQ 2009\CONTEST20 GA\PROBLEM OF THE DAY.doc | SMQ BIBLES\NSMQ 2009\CONTEST20\PROBLEM OF THE DAY.doc | SMQ BIBLES\NSMQ 2009\Ready for Editing\CONTEST20\PROBLEM OF THE DAY.doc
66defc40faa2d29ac70db9ff4106a21f9c8d41c53bfb0cfc6e371f8726e2475c,loose_file,ROUND 1.doc,.doc,SMQ BIBLES\NSMQ 2009\CONTEST20\ROUND 1.doc,42496,3,SMQ BIBLES\NSMQ 2009\CONTEST20 GA\ROUND 1.doc | SMQ BIBLES\NSMQ 2009\CONTEST20\ROUND 1.doc | SMQ BIBLES\NSMQ 2009\Ready for Editing\CONTEST20\ROUND 1.doc
ec487fbee0209b157ab9c5f414207616e40c8006110fb2312b93394d1e85fa20,loose_file,ROUND 2.doc,.doc,SMQ BIBLES\NSMQ 2009\CONTEST20\ROUND 2.doc,54946,1,SMQ BIBLES\NSMQ 2009\CONTEST20\ROUND 2.doc
2f910858f7ad08985596ca38295fe095a58f4650e679242708fdea21ca88315d,loose_file,ROUND 5.docx,.docx,SMQ BIBLES\NSMQ 2009\CONTEST20\ROUND 5.docx,16767,1,SMQ BIBLES\NSMQ 2009\CONTEST20\ROUND 5.docx
f852317f08865c91d37f43b07faa55d072c1df2632d512b1aa039547f5012de3,loose_file,contest 21.docx,.docx,SMQ BIBLES\NSMQ 2009\CONTEST21 FA\contest 21.docx,48729,1,SMQ BIBLES\NSMQ 2009\CONTEST21 FA\contest 21.docx
adc0e72452173993554ee85a3500299849aff9f66c7f36f22212a3f79e2ab092,loose_file,ROUND 1.doc,.doc,SMQ BIBLES\NSMQ 2009\CONTEST21 FA\ROUND 1.doc,55296,1,SMQ BIBLES\NSMQ 2009\CONTEST21 FA\ROUND 1.doc
d649a4a6b2b13887aeb732420a1e9a87904550fc3200d729163cd7d8ac9c1fe5,loose_file,ROUND 4.doc,.doc,SMQ BIBLES\NSMQ 2009\CONTEST21 FA\ROUND 4.doc,114688,1,SMQ BIBLES\NSMQ 2009\CONTEST21 FA\ROUND 4.doc
525db98b39f9ac718aecec22cf8ff0c21c8357a0bdf05f988f52c7394bdf7ed4,loose_file,ROUND 5.doc,.doc,SMQ BIBLES\NSMQ 2009\CONTEST21 FA\ROUND 5.doc,56832,1,SMQ BIBLES\NSMQ 2009\CONTEST21 FA\ROUND 5.doc
a0b84033d68bec9fe49d12d222e4ec8cec8ed8937b54f7072635dcb188619307,loose_file,contest 21.docx,.docx,SMQ BIBLES\NSMQ 2009\CONTEST21\contest 21.docx,52921,2,SMQ BIBLES\NSMQ 2009\CONTEST21\contest 21.docx | SMQ BIBLES\NSMQ 2009\Ready for Editing\CONTEST21\contest 21.docx
e5653f840638c7016e5887338826a8b4ce6d24dbd4bfd030034070b8c955b36d,loose_file,PROBLEM OF THE DAY.doc,.doc,SMQ BIBLES\NSMQ 2009\CONTEST21\PROBLEM OF THE DAY.doc,30720,3,SMQ BIBLES\NSMQ 2009\CONTEST21 FA\PROBLEM OF THE DAY.doc | SMQ BIBLES\NSMQ 2009\CONTEST21\PROBLEM OF THE DAY.doc | SMQ BIBLES\NSMQ 2009\Ready for Editing\CONTEST21\PROBLEM OF THE DAY.doc
d25ae55752bb169f940e100c782eb6c65c24e2d4892018ec18cc73ba858e397d,loose_file,ROUND 1.doc,.doc,SMQ BIBLES\NSMQ 2009\CONTEST21\ROUND 1.doc,53248,2,SMQ BIBLES\NSMQ 2009\CONTEST21\ROUND 1.doc | SMQ BIBLES\NSMQ 2009\Ready for Editing\CONTEST21\ROUND 1.doc
b7497fd281a8dd3b87d03c71c27efb8943352328b98f44fb0e5bcfbe7fa7182e,loose_file,ROUND 2.doc,.doc,SMQ BIBLES\NSMQ 2009\CONTEST21\ROUND 2.doc,46592,3,SMQ BIBLES\NSMQ 2009\CONTEST21 FA\ROUND 2.doc | SMQ BIBLES\NSMQ 2009\CONTEST21\ROUND 2.doc | SMQ BIBLES\NSMQ 2009\Ready for Editing\CONTEST21\ROUND 2.doc
999a556c5f0e943dc5555da89b5fcba66a7758b60422d754716182ba2a4d6f94,loose_file,PROBLEM OF THE DAY.docx,.docx,SMQ BIBLES\NSMQ 2009\CONTEST22\PROBLEM OF THE DAY.docx,21912,3,SMQ BIBLES\NSMQ 2009\CONTEST22 FF\PROBLEM OF THE DAY.docx | SMQ BIBLES\NSMQ 2009\CONTEST22\PROBLEM OF THE DAY.docx | SMQ BIBLES\NSMQ 2009\Ready for Editing\CONTEST22\PROBLEM OF THE DAY.docx
336b3e9198a95d5d778c359f563f2c84e4a5457e96523cc721b842becd6411a2,loose_file,ROUND 1.docx,.docx,SMQ BIBLES\NSMQ 2009\CONTEST22\ROUND 1.docx,23236,3,SMQ BIBLES\NSMQ 2009\CONTEST22 FF\ROUND 1.docx | SMQ BIBLES\NSMQ 2009\CONTEST22\ROUND 1.docx | SMQ BIBLES\NSMQ 2009\Ready for Editing\CONTEST22\ROUND 1.docx
37e5781e058cae642c56b3f4592479608fa00419f41a036f381f75e63c02ab75,loose_file,ROUND 2.docx,.docx,SMQ BIBLES\NSMQ 2009\CONTEST22\ROUND 2.docx,28157,3,SMQ BIBLES\NSMQ 2009\CONTEST22 FF\ROUND 2.docx | SMQ BIBLES\NSMQ 2009\CONTEST22\ROUND 2.docx | SMQ BIBLES\NSMQ 2009\Ready for Editing\CONTEST22\ROUND 2.docx
1d2c7f2e7d8978279510ce44e3c27ee5b8d45b99513f6f87bb1eb5d0c21de8a2,loose_file,Problem Of The Day.doc,.doc,SMQ BIBLES\NSMQ 2009\CONTEST2\Problem Of The Day.doc,19968,2,SMQ BIBLES\NSMQ 2009\CONTEST2\Problem Of The Day.doc | SMQ BIBLES\NSMQ 2009\Ready for Editing\CONTEST2\Problem Of The Day.doc
01535e373b0b64636501a85b11bca4ad70121338b79a04bc1afae6748cebe14c,loose_file,Round 2.doc,.doc,SMQ BIBLES\NSMQ 2009\CONTEST2\Round 2.doc,49664,3,SMQ BIBLES\NSMQ 2009\CONTEST2 GA\Round 2.doc | SMQ BIBLES\NSMQ 2009\CONTEST2\Round 2.doc | SMQ BIBLES\NSMQ 2009\Ready for Editing\CONTEST2\Round 2.doc
24e96ba06a3aa673d1c77d07a47242826aac08c17894508f880359d74916d388,loose_file,Round1.doc,.doc,SMQ BIBLES\NSMQ 2009\CONTEST2\Round1.doc,25600,1,SMQ BIBLES\NSMQ 2009\CONTEST2\Round1.doc
a6c41584aaf80e3ec9a0bcc3a012e5b6516e4ca32b77521ee4b701eb525ca4f1,loose_file,PROBLEM OF THE DAY.doc,.doc,SMQ BIBLES\NSMQ 2009\CONTEST3 GA\PROBLEM OF THE DAY.doc,24064,1,SMQ BIBLES\NSMQ 2009\CONTEST3 GA\PROBLEM OF THE DAY.doc
8576ca6f80cd6c2cf4ec0d3b45d2dbe17b11f69af3ca1c7894368b620ab8388b,loose_file,ROUND2.doc,.doc,SMQ BIBLES\NSMQ 2009\CONTEST3 GA\ROUND2.doc,43008,1,SMQ BIBLES\NSMQ 2009\CONTEST3 GA\ROUND2.doc
ad1c12d1021eedc05617acf36890e40f2717063ac83abea667a5357859aea80a,loose_file,ROUND5.doc,.doc,SMQ BIBLES\NSMQ 2009\CONTEST3 GA\ROUND5.doc,33792,1,SMQ BIBLES\NSMQ 2009\CONTEST3 GA\ROUND5.doc
7968c84313f770c21bb495f4f39416eb72b893638f4770336ec95753956927f0,loose_file,PROBLEM OF THE DAY.doc,.doc,SMQ BIBLES\NSMQ 2009\CONTEST3\PROBLEM OF THE DAY.doc,23040,2,SMQ BIBLES\NSMQ 2009\CONTEST3\PROBLEM OF THE DAY.doc | SMQ BIBLES\NSMQ 2009\Ready for Editing\CONTEST3\PROBLEM OF THE DAY.doc
7107a5a674fb1ae8a269edbaf1a6f2ba713b24d5e0786287e225c2f3584421c9,loose_file,ROUND1.doc,.doc,SMQ BIBLES\NSMQ 2009\CONTEST3\ROUND1.doc,36864,3,SMQ BIBLES\NSMQ 2009\CONTEST3 GA\ROUND1.doc | SMQ BIBLES\NSMQ 2009\CONTEST3\ROUND1.doc | SMQ BIBLES\NSMQ 2009\Ready for Editing\CONTEST3\ROUND1.doc
dab2bc8ca753271fff20967cd46954c610ae35025e0f4ffd43ee1765979269f3,loose_file,ROUND2.doc,.doc,SMQ BIBLES\NSMQ 2009\CONTEST3\ROUND2.doc,26112,1,SMQ BIBLES\NSMQ 2009\CONTEST3\ROUND2.doc
a8d44b13e0b4627cb677f7012452a7a79ff54eac2f9f3c904a3b65516d7931c8,loose_file,ROUND 1.doc,.doc,SMQ BIBLES\NSMQ 2009\CONTEST4 GA\ROUND 1.doc,31744,2,SMQ BIBLES\NSMQ 2009\CONTEST4 GA\ROUND 1.doc | SMQ BIBLES\NSMQ 2009\Ready for Editing\CONTEST4\ROUND 1.doc
7bf364186e5e634b87060e44a19edaea4b9b90101daa71ba207abfe77f501dc9,loose_file,ROUND 2.doc,.doc,SMQ BIBLES\NSMQ 2009\CONTEST4 GA\ROUND 2.doc,53760,2,SMQ BIBLES\NSMQ 2009\CONTEST4 GA\ROUND 2.doc | SMQ BIBLES\NSMQ 2009\Ready for Editing\CONTEST4\ROUND 2.doc
222c4bd759ca529c86b87afbcb032f35a896c47f39256da7af50737583ecc111,loose_file,PROBLEM OF THE DAY.doc,.doc,SMQ BIBLES\NSMQ 2009\CONTEST4\PROBLEM OF THE DAY.doc,25600,3,SMQ BIBLES\NSMQ 2009\CONTEST4 GA\PROBLEM OF THE DAY.doc | SMQ BIBLES\NSMQ 2009\CONTEST4\PROBLEM OF THE DAY.doc | SMQ BIBLES\NSMQ 2009\Ready for Editing\CONTEST4\PROBLEM OF THE DAY.doc
406c547ec2ca42720644c5244e8c3006df9548460436fef07740daa563b506ad,loose_file,ROUND 1.doc,.doc,SMQ BIBLES\NSMQ 2009\CONTEST4\ROUND 1.doc,23040,1,SMQ BIBLES\NSMQ 2009\CONTEST4\ROUND 1.doc
b1be46de7bca85ec924cfffcfbcd76c567d043583dc041f416b4f776c2ddc301,loose_file,ROUND 2.doc,.doc,SMQ BIBLES\NSMQ 2009\CONTEST4\ROUND 2.doc,49152,1,SMQ BIBLES\NSMQ 2009\CONTEST4\ROUND 2.doc
b1526b52c4959eb0488d7860c1bcda2e97bb6a4a76d9410a8d5f0b34663e56b9,loose_file,PROBLEM OF THE DAY.doc,.doc,SMQ BIBLES\NSMQ 2009\CONTEST5 GA\PROBLEM OF THE DAY.doc,32768,1,SMQ BIBLES\NSMQ 2009\CONTEST5 GA\PROBLEM OF THE DAY.doc
fc570eebc84ad03f4c5a9b4245d8e22abd5f4bfc1d9744cb3ad6353266ae252b,loose_file,PROBLEM OF THE DAY.doc,.doc,SMQ BIBLES\NSMQ 2009\CONTEST5\PROBLEM OF THE DAY.doc,32768,2,SMQ BIBLES\NSMQ 2009\CONTEST5\PROBLEM OF THE DAY.doc | SMQ BIBLES\NSMQ 2009\Ready for Editing\CONTEST5\PROBLEM OF THE DAY.doc
c2213856cf751fcc96e653ba0864cb71e23f280c0b35d6ace7e6e6c451ef9d5d,loose_file,ROUND 1.doc,.doc,SMQ BIBLES\NSMQ 2009\CONTEST5\ROUND 1.doc,31744,3,SMQ BIBLES\NSMQ 2009\CONTEST5 GA\ROUND 1.doc | SMQ BIBLES\NSMQ 2009\CONTEST5\ROUND 1.doc | SMQ BIBLES\NSMQ 2009\Ready for Editing\CONTEST5\ROUND 1.doc
947b81a76d79f7454251ec732749e5a59a47af00a76da6c5cbfc56c5403e84a3,loose_file,ROUND 2.doc,.doc,SMQ BIBLES\NSMQ 2009\CONTEST5\ROUND 2.doc,57344,3,SMQ BIBLES\NSMQ 2009\CONTEST5 GA\ROUND 2.doc | SMQ BIBLES\NSMQ 2009\CONTEST5\ROUND 2.doc | SMQ BIBLES\NSMQ 2009\Ready for Editing\CONTEST5\ROUND 2.doc
b6b1e57410d5cfdaa67ab3c1211654928edc95c62f51c8e909b17c06ad37eb23,loose_file,PROBLEM OF THE DAY.doc,.doc,SMQ BIBLES\NSMQ 2009\CONTEST6 SAF\PROBLEM OF THE DAY.doc,18944,1,SMQ BIBLES\NSMQ 2009\CONTEST6 SAF\PROBLEM OF THE DAY.doc
90642eefa981b86d6ac4659e8f06de68c4b4a7ba1262daa89bb560d78fb7e2e0,loose_file,PROBLEM OF THE DAY.doc,.doc,SMQ BIBLES\NSMQ 2009\CONTEST6\PROBLEM OF THE DAY.doc,18944,2,SMQ BIBLES\NSMQ 2009\CONTEST6\PROBLEM OF THE DAY.doc | SMQ BIBLES\NSMQ 2009\Ready for Editing\CONTEST6\PROBLEM OF THE DAY.doc
b96fad4c501b391fcc65a7053d1c309588aa433aa13e8336b20b92b9e899254c,loose_file,ROUND 1.doc,.doc,SMQ BIBLES\NSMQ 2009\CONTEST6\ROUND 1.doc,46592,3,SMQ BIBLES\NSMQ 2009\CONTEST6 SAF\ROUND 1.doc | SMQ BIBLES\NSMQ 2009\CONTEST6\ROUND 1.doc | SMQ BIBLES\NSMQ 2009\Ready for Editing\CONTEST6\ROUND 1.doc
e7d1c7e44974e37cff2886dbeb8834ca25b97bde5db2f8361d7ae3286fb6430c,loose_file,ROUND 2.doc,.doc,SMQ BIBLES\NSMQ 2009\CONTEST6\ROUND 2.doc,43008,3,SMQ BIBLES\NSMQ 2009\CONTEST6 SAF\ROUND 2.doc | SMQ BIBLES\NSMQ 2009\CONTEST6\ROUND 2.doc | SMQ BIBLES\NSMQ 2009\Ready for Editing\CONTEST6\ROUND 2.doc
31f255fbfdc7bb3d3ed8267462955554ea2e3e188442366102485e0b1333be9d,loose_file,PROBLEM OF THE DAY.doc,.doc,SMQ BIBLES\NSMQ 2009\CONTEST7 FA\PROBLEM OF THE DAY.doc,28160,2,SMQ BIBLES\NSMQ 2009\CONTEST7 FA\PROBLEM OF THE DAY.doc | SMQ BIBLES\NSMQ 2009\Ready for Editing\CONTEST7\PROBLEM OF THE DAY.doc
34cca9e4ceebdad29deae55cab3a7c5f4758ac1b07e8e3642c70c08ef5334aa9,loose_file,ROUND4.doc,.doc,SMQ BIBLES\NSMQ 2009\CONTEST7 FA\ROUND4.doc,90624,2,SMQ BIBLES\NSMQ 2009\CONTEST7 FA\ROUND4.doc | SMQ BIBLES\NSMQ 2009\Ready for Editing\CONTEST7\ROUND4.doc
58002005b687848cd2f19197d4ceed444a3b59d3cdf8f58927f3b2edb38d0ccd,loose_file,ROUND5.doc,.doc,SMQ BIBLES\NSMQ 2009\CONTEST7 FA\ROUND5.doc,49152,2,SMQ BIBLES\NSMQ 2009\CONTEST7 FA\ROUND5.doc | SMQ BIBLES\NSMQ 2009\Ready for Editing\CONTEST7\ROUND5.doc
b2c96ffb1f3d49e373a1566351c400227fad46934f53aab784c564f967c61839,loose_file,PROBLEM OF THE DAY.doc,.doc,SMQ BIBLES\NSMQ 2009\CONTEST7\PROBLEM OF THE DAY.doc,28160,1,SMQ BIBLES\NSMQ 2009\CONTEST7\PROBLEM OF THE DAY.doc
c8b5d46c8fcfae57e1b95a210e3d0b1ae1c42c8decd3f9535b976cb2e1356160,loose_file,ROUND1.doc,.doc,SMQ BIBLES\NSMQ 2009\CONTEST7\ROUND1.doc,54272,3,SMQ BIBLES\NSMQ 2009\CONTEST7 FA\ROUND1.doc | SMQ BIBLES\NSMQ 2009\CONTEST7\ROUND1.doc | SMQ BIBLES\NSMQ 2009\Ready for Editing\CONTEST7\ROUND1.doc
39abe7f13f25d3c2818606fd1b893ec05e78301d50c5a3cb4d7f1fa09e5df270,loose_file,ROUND2.doc,.doc,SMQ BIBLES\NSMQ 2009\CONTEST7\ROUND2.doc,43008,3,SMQ BIBLES\NSMQ 2009\CONTEST7 FA\ROUND2.doc | SMQ BIBLES\NSMQ 2009\CONTEST7\ROUND2.doc | SMQ BIBLES\NSMQ 2009\Ready for Editing\CONTEST7\ROUND2.doc
4e0cfc61073e67cd71b59b2c24858bf5f4e9e612f1974310d254043a3435ab44,loose_file,PROBLEM OF THE DAY.doc,.doc,SMQ BIBLES\NSMQ 2009\CONTEST8\PROBLEM OF THE DAY.doc,40448,4,SMQ BIBLES\NSMQ 2009\CONTEST7 FA\CONTEST8 FA\PROBLEM OF THE DAY.doc | SMQ BIBLES\NSMQ 2009\CONTEST8 FA\PROBLEM OF THE DAY.doc | SMQ BIBLES\NSMQ 2009\CONTEST8\PROBLEM OF THE DAY.doc | SMQ BIBLES\NSMQ 2009\Ready for Editing\CONTEST8\PROBLEM OF THE DAY.doc
7882ab8834a321accdbbebf1607051f6fdcc21c5518f807ec780314ee96a30b2,loose_file,ROUND1.doc,.doc,SMQ BIBLES\NSMQ 2009\CONTEST8\ROUND1.doc,41472,4,SMQ BIBLES\NSMQ 2009\CONTEST7 FA\CONTEST8 FA\ROUND1.doc | SMQ BIBLES\NSMQ 2009\CONTEST8 FA\ROUND1.doc | SMQ BIBLES\NSMQ 2009\CONTEST8\ROUND1.doc | SMQ BIBLES\NSMQ 2009\Ready for Editing\CONTEST8\ROUND1.doc
1189bee3a1e3fe5a8d1756b46d2eb0a679c747036de7199aa5e8f4f91aab44a0,loose_file,ROUND2.doc,.doc,SMQ BIBLES\NSMQ 2009\CONTEST8\ROUND2.doc,39424,4,SMQ BIBLES\NSMQ 2009\CONTEST7 FA\CONTEST8 FA\ROUND2.doc | SMQ BIBLES\NSMQ 2009\CONTEST8 FA\ROUND2.doc | SMQ BIBLES\NSMQ 2009\CONTEST8\ROUND2.doc | SMQ BIBLES\NSMQ 2009\Ready for Editing\CONTEST8\ROUND2.doc
31198b09d279a03a3d838440387169459fdb09a7479e8a08376ea11264b8ed26,loose_file,PROBLEM OF THE DAY.docx,.docx,SMQ BIBLES\NSMQ 2009\CONTEST9 FF\PROBLEM OF THE DAY.docx,32212,1,SMQ BIBLES\NSMQ 2009\CONTEST9 FF\PROBLEM OF THE DAY.docx
9194dd7460223294d3550317cf365422c432c555d4bac5b4b9e041081df908d2,loose_file,ROUND 1.docx,.docx,SMQ BIBLES\NSMQ 2009\CONTEST9 FF\ROUND 1.docx,25227,1,SMQ BIBLES\NSMQ 2009\CONTEST9 FF\ROUND 1.docx
9d7ff03e3cb8c68fdf09955d3ef9756696b2ea7037b5d9d4f603fa0130350b89,loose_file,ROUND 4.docx,.docx,SMQ BIBLES\NSMQ 2009\CONTEST9 FF\ROUND 4.docx,71710,1,SMQ BIBLES\NSMQ 2009\CONTEST9 FF\ROUND 4.docx
d280e7d5c9e538e7af79fe021675ef955b9ba17d2eba65e14877b10af08bd38d,loose_file,ROUND 5.docx,.docx,SMQ BIBLES\NSMQ 2009\CONTEST9 FF\ROUND 5.docx,19799,1,SMQ BIBLES\NSMQ 2009\CONTEST9 FF\ROUND 5.docx
3c3d2680d1ff44d8f3e3bc4f7a9891829be2c4221c4b6cd5379cba9b5e3b4b87,loose_file,PROBLEM OF THE DAY.doc,.doc,SMQ BIBLES\NSMQ 2009\CONTEST9\PROBLEM OF THE DAY.doc,46592,2,SMQ BIBLES\NSMQ 2009\CONTEST9\PROBLEM OF THE DAY.doc | SMQ BIBLES\NSMQ 2009\Ready for Editing\CONTEST9\PROBLEM OF THE DAY.doc
f6b5028b457994cb4ea4341a8fa5c9cc13b7f0160e628795b6ac6f437d405be2,loose_file,ROUND 1.doc,.doc,SMQ BIBLES\NSMQ 2009\CONTEST9\ROUND 1.doc,39424,2,SMQ BIBLES\NSMQ 2009\CONTEST9\ROUND 1.doc | SMQ BIBLES\NSMQ 2009\Ready for Editing\CONTEST9\ROUND 1.doc
7ec12f4b32428f78b0b9d808bf1816c2ad6be4252add602a70a52cd97a6ccc48,loose_file,ROUND 2.doc,.doc,SMQ BIBLES\NSMQ 2009\CONTEST9\ROUND 2.doc,53760,3,SMQ BIBLES\NSMQ 2009\CONTEST9 FF\ROUND 2.doc | SMQ BIBLES\NSMQ 2009\CONTEST9\ROUND 2.doc | SMQ BIBLES\NSMQ 2009\Ready for Editing\CONTEST9\ROUND 2.doc
af98f847f66fd0402c764d94cea1cec6c94790e65cc2cfc1ba090087be4c9730,loose_file,List of who and what.xls,.xls,SMQ BIBLES\NSMQ 2009\List of who and what.xls,16896,1,SMQ BIBLES\NSMQ 2009\List of who and what.xls
845d118f7ecb1c37bd74015b45c29499174299878b17b29f69b378fd9a5b235b,loose_file,NSMQ 2009contest 17.docx,.docx,SMQ BIBLES\NSMQ 2009\NSMQ 2009contest 17.docx,73549,1,SMQ BIBLES\NSMQ 2009\NSMQ 2009contest 17.docx
23af481c054aa40969de9776bd5d7694c58769e17973bc3a4d22793d701d156c,loose_file,ROUND2.doc,.doc,SMQ BIBLES\NSMQ 2009\Ready for Editing\CONTEST3\ROUND2.doc,43008,1,SMQ BIBLES\NSMQ 2009\Ready for Editing\CONTEST3\ROUND2.doc
3b6716b9cc0ea3eea95f52a11f6a8fac77bde9f9dd89ff8a8d3d826b0980b064,loose_file,ROUND 5.doc,.doc,SMQ BIBLES\NSMQ 2009\Ready for Editing\CONTEST9\ROUND 5.doc,36864,1,SMQ BIBLES\NSMQ 2009\Ready for Editing\CONTEST9\ROUND 5.doc
c2d8a4b7bfc475d65aa2975972d60e1f78fc6b9f066068b1d83ddf7cb408ebc1,loose_file,Residue from Contest8.doc,.doc,SMQ BIBLES\NSMQ 2009\Residue from Contest8.doc,43520,1,SMQ BIBLES\NSMQ 2009\Residue from Contest8.doc
aa0c4adadac14fdcdc8a66b90d4e2db7b9dfbc380401595de5831b64087c18ca,loose_file,Contest 1.doc,.doc,SMQ BIBLES\NSMQ 2012 questions and Answers\Contest 1.doc,330240,2,SMQ BIBLES\NSMQ 2012 questions and Answers\Contest 1.doc | SMQ BIBLES\weekends\practice\SET 3\Contest 1.doc
b1a0aa9d4fcb8edf782e563239a31a108ed255e0e7161a55983fc30a18ea8849,loose_file,Contest 10.doc,.doc,SMQ BIBLES\NSMQ 2012 questions and Answers\Contest 10.doc,343552,2,SMQ BIBLES\NSMQ 2012 questions and Answers\Contest 10.doc | SMQ BIBLES\weekends\practice\SET 3\Contest 10.doc
5fcfc8e435d16d51b2b3e2eaefaf42497fba0c529d5626b12f9471ce65a2f11a,loose_file,Contest 11.doc,.doc,SMQ BIBLES\NSMQ 2012 questions and Answers\Contest 11.doc,536576,3,SMQ BIBLES\NSMQ 2012 questions and Answers\Contest 11.doc | SMQ BIBLES\NSMQ 2016 Questions\NSMQ 2012 Questions\Contest 11.doc | SMQ BIBLES\weekends\practice\SET 3\Contest 11.doc
444b337794ba7d9b6d4751732d2fa08ecbdaa50b211673c985950d826f581adf,loose_file,Contest 12.doc,.doc,SMQ BIBLES\NSMQ 2012 questions and Answers\Contest 12.doc,313856,3,SMQ BIBLES\NSMQ 2012 questions and Answers\Contest 12.doc | SMQ BIBLES\NSMQ 2016 Questions\NSMQ 2012 Questions\Contest 12.doc | SMQ BIBLES\weekends\practice\SET 3\Contest 12.doc
e064ec730216bf1fb6da2890dfdaf650f3b60ec1f24ceea44fb3a0c543f0949f,loose_file,Contest 13.doc,.doc,SMQ BIBLES\NSMQ 2012 questions and Answers\Contest 13.doc,949248,2,SMQ BIBLES\NSMQ 2012 questions and Answers\Contest 13.doc | SMQ BIBLES\weekends\practice\SET 3\Contest 13.doc
6487ccbae074a9d695c49ff60a7e0e546e13ee089f4b9832489206621b3a2d2e,loose_file,Contest 14.doc,.doc,SMQ BIBLES\NSMQ 2012 questions and Answers\Contest 14.doc,426496,3,SMQ BIBLES\NSMQ 2012 questions and Answers\Contest 14.doc | SMQ BIBLES\NSMQ 2016 Questions\NSMQ 2012 Questions\Contest 14.doc | SMQ BIBLES\weekends\practice\SET 3\Contest 14.doc
89771e37767bc4f7be1c73573c118b7c70ab50cc9d940d40add80be70a92c025,loose_file,Contest 15.doc,.doc,SMQ BIBLES\NSMQ 2012 questions and Answers\Contest 15.doc,588288,3,SMQ BIBLES\NSMQ 2012 questions and Answers\Contest 15.doc | SMQ BIBLES\NSMQ 2016 Questions\NSMQ 2012 Questions\Contest 15.doc | SMQ BIBLES\weekends\practice\SET 3\Contest 15.doc
4b737bc36e18fdee0a198cfbcb4f3519654b7e44591c6067beed52a14c9eec4b,loose_file,Contest 16.doc,.doc,SMQ BIBLES\NSMQ 2012 questions and Answers\Contest 16.doc,762368,3,SMQ BIBLES\NSMQ 2012 questions and Answers\Contest 16.doc | SMQ BIBLES\NSMQ 2016 Questions\NSMQ 2012 Questions\Contest 16.doc | SMQ BIBLES\weekends\practice\SET 3\Contest 16.doc
b53ef1e07758b8ebe17daf27ac6dbea76394f21e00a7208fd2d3c3d8baa638ea,loose_file,Contest 17.doc,.doc,SMQ BIBLES\NSMQ 2012 questions and Answers\Contest 17.doc,743936,3,SMQ BIBLES\NSMQ 2012 questions and Answers\Contest 17.doc | SMQ BIBLES\NSMQ 2016 Questions\NSMQ 2012 Questions\Contest 17.doc | SMQ BIBLES\weekends\practice\SET 3\Contest 17.doc
3aca36b97fc795f3f43794a2271edf1de04b7a7c711c98f09d12d19c0c9ccde4,loose_file,Contest 18.doc,.doc,SMQ BIBLES\NSMQ 2012 questions and Answers\Contest 18.doc,354304,3,SMQ BIBLES\NSMQ 2012 questions and Answers\Contest 18.doc | SMQ BIBLES\NSMQ 2016 Questions\NSMQ 2012 Questions\Contest 18.doc | SMQ BIBLES\weekends\practice\SET 3\Contest 18.doc
5f0b5bb5392f9ea3d59dc21796a7acec97b87fbf05508e71c77573c45ecd45f7,loose_file,Contest 19.doc,.doc,SMQ BIBLES\NSMQ 2012 questions and Answers\Contest 19.doc,975360,3,SMQ BIBLES\NSMQ 2012 questions and Answers\Contest 19.doc | SMQ BIBLES\NSMQ 2016 Questions\NSMQ 2012 Questions\Contest 19.doc | SMQ BIBLES\weekends\practice\SET 3\Contest 19.doc
d434df579ab92c0f12d61ae55fa0b246da868516ed5fff83447bce48999086a9,loose_file,Contest 2.doc,.doc,SMQ BIBLES\NSMQ 2012 questions and Answers\Contest 2.doc,248320,2,SMQ BIBLES\NSMQ 2012 questions and Answers\Contest 2.doc | SMQ BIBLES\weekends\practice\SET 3\Contest 2.doc
ff904c07b010108998a33d9caaaf3fce5a13d382e9e950854d1f341a9f4a07ef,loose_file,Contest 20.doc,.doc,SMQ BIBLES\NSMQ 2012 questions and Answers\Contest 20.doc,420352,3,SMQ BIBLES\NSMQ 2012 questions and Answers\Contest 20.doc | SMQ BIBLES\NSMQ 2016 Questions\NSMQ 2012 Questions\Contest 20.doc | SMQ BIBLES\weekends\practice\SET 3\Contest 20.doc
971ce222fb9559c51cdfb17eed91611ae95eeae84c19e124bf3321252465748e,loose_file,Contest 21.doc,.doc,SMQ BIBLES\NSMQ 2012 questions and Answers\Contest 21.doc,1043456,3,SMQ BIBLES\NSMQ 2012 questions and Answers\Contest 21.doc | SMQ BIBLES\NSMQ 2016 Questions\NSMQ 2012 Questions\Contest 21.doc | SMQ BIBLES\weekends\practice\SET 3\Contest 21.doc
f17f5953e01993c01c7841ec7547c58ead5b7f264816b53cc39672b9dcb0ed65,loose_file,Contest 21.docx,.docx,SMQ BIBLES\NSMQ 2012 questions and Answers\Contest 21.docx,28259,3,SMQ BIBLES\NSMQ 2012 questions and Answers\Contest 21.docx | SMQ BIBLES\NSMQ 2016 Questions\NSMQ 2012 Questions\Contest 21.docx | SMQ BIBLES\weekends\practice\SET 3\Contest 21.docx
fec6901e35c1297b039bd711f1e6c0885077b140d53f9be7052f33bdc04a1d04,loose_file,Contest 22.doc,.doc,SMQ BIBLES\NSMQ 2012 questions and Answers\Contest 22.doc,356352,3,SMQ BIBLES\NSMQ 2012 questions and Answers\Contest 22.doc | SMQ BIBLES\NSMQ 2016 Questions\NSMQ 2012 Questions\Contest 22.doc | SMQ BIBLES\weekends\practice\SET 3\Contest 22.doc
b0048c5025d5495eb412d792c1c060b46768c6608358922ccbd2144e4fe7edd6,loose_file,Contest 22.docx,.docx,SMQ BIBLES\NSMQ 2012 questions and Answers\Contest 22.docx,36483,3,SMQ BIBLES\NSMQ 2012 questions and Answers\Contest 22.docx | SMQ BIBLES\NSMQ 2016 Questions\NSMQ 2012 Questions\Contest 22.docx | SMQ BIBLES\weekends\practice\SET 3\Contest 22.docx
bd3a7f8a555deaf73c22021a33ea53af95cf8a31b0c45d676c7280973bc9e6f4,loose_file,Contest 23.doc,.doc,SMQ BIBLES\NSMQ 2012 questions and Answers\Contest 23.doc,692736,3,SMQ BIBLES\NSMQ 2012 questions and Answers\Contest 23.doc | SMQ BIBLES\NSMQ 2016 Questions\NSMQ 2012 Questions\Contest 23.doc | SMQ BIBLES\weekends\practice\SET 3\Contest 23.doc
dce7c2b1d4a844255f53ec42e04030a3823273e25d6a8c0079c05ecb5f523733,loose_file,Contest 24.doc,.doc,SMQ BIBLES\NSMQ 2012 questions and Answers\Contest 24.doc,680960,3,SMQ BIBLES\NSMQ 2012 questions and Answers\Contest 24.doc | SMQ BIBLES\NSMQ 2016 Questions\NSMQ 2012 Questions\Contest 24.doc | SMQ BIBLES\weekends\practice\SET 3\Contest 24.doc
b1a0d6ffb80f990df19abd711cc5568b2adb6494be887b8a988ba20f829b0dc5,loose_file,Contest 25.doc,.doc,SMQ BIBLES\NSMQ 2012 questions and Answers\Contest 25.doc,700928,1,SMQ BIBLES\NSMQ 2012 questions and Answers\Contest 25.doc
35312a8f3123704cee7edac426dddba03ac30b1477ef6f3e88d3d0f23fd59f88,loose_file,Contest 25.docx,.docx,SMQ BIBLES\NSMQ 2012 questions and Answers\Contest 25.docx,28064,2,SMQ BIBLES\NSMQ 2012 questions and Answers\Contest 25.docx | SMQ BIBLES\NSMQ 2016 Questions\NSMQ 2012 Questions\Contest 25.docx
3f122af2af5a47ebff57f97b0edbc9989bcc9d232f1bdda3370847c881a0e9e6,loose_file,Contest 26.doc,.doc,SMQ BIBLES\NSMQ 2012 questions and Answers\Contest 26.doc,527872,2,SMQ BIBLES\NSMQ 2012 questions and Answers\Contest 26.doc | SMQ BIBLES\NSMQ 2016 Questions\NSMQ 2012 Questions\Contest 26.doc
9503943a879443024a2954a024ba2f6f7c0c91de8140b3a39319cc4878293494,loose_file,Contest 27.doc,.doc,SMQ BIBLES\NSMQ 2012 questions and Answers\Contest 27.doc,779264,2,SMQ BIBLES\NSMQ 2012 questions and Answers\Contest 27.doc | SMQ BIBLES\NSMQ 2016 Questions\NSMQ 2012 Questions\Contest 27.doc
6e8e6ef03092a688a82db020b9330865620fe09c2cd83cc38628a18cf44b1c52,loose_file,Contest 28.doc,.doc,SMQ BIBLES\NSMQ 2012 questions and Answers\Contest 28.doc,557568,2,SMQ BIBLES\NSMQ 2012 questions and Answers\Contest 28.doc | SMQ BIBLES\NSMQ 2016 Questions\NSMQ 2012 Questions\Contest 28.doc
7a3380c1e9199650c0d64840cd4b999c249316960571444a3b082eb794665610,loose_file,Contest 29.doc,.doc,SMQ BIBLES\NSMQ 2012 questions and Answers\Contest 29.doc,478208,1,SMQ BIBLES\NSMQ 2012 questions and Answers\Contest 29.doc
b5dec1b2c8b09c764ee5f974d9396ddbb41f9c0bcafa6c08e9800d9ac568dda8,loose_file,Contest 3.doc,.doc,SMQ BIBLES\NSMQ 2012 questions and Answers\Contest 3.doc,458240,3,SMQ BIBLES\NSMQ 2012 questions and Answers\Contest 3.doc | SMQ BIBLES\NSMQ 2016 Questions\NSMQ 2012 Questions\Contest 3.doc | SMQ BIBLES\weekends\practice\SET 3\Contest 3.doc
978959fb88d268d4294a79e98c26af9af88d1992285bd9772e2c21db2f0dcd05,loose_file,Contest 30.doc,.doc,SMQ BIBLES\NSMQ 2012 questions and Answers\Contest 30.doc,720896,2,SMQ BIBLES\NSMQ 2012 questions and Answers\Contest 30.doc | SMQ BIBLES\NSMQ 2016 Questions\NSMQ 2012 Questions\Contest 30.doc
2d68de2dee8edbdbe1fc9e0465d527f324523144102b0624dcc9c5e28f29a674,loose_file,Contest 31.doc,.doc,SMQ BIBLES\NSMQ 2012 questions and Answers\Contest 31.doc,1223168,1,SMQ BIBLES\NSMQ 2012 questions and Answers\Contest 31.doc
89dd69f9117993cc39eb47dbaaa3a8fdc9fa8f17b12a86c770335fc2508bf6e5,loose_file,Contest 32.doc,.doc,SMQ BIBLES\NSMQ 2012 questions and Answers\Contest 32.doc,476672,2,SMQ BIBLES\NSMQ 2012 questions and Answers\Contest 32.doc | SMQ BIBLES\NSMQ 2016 Questions\NSMQ 2012 Questions\Contest 32.doc
655bea01f899c529c89432164db6bf45f4675cf5470d9afc162eefa55921266e,loose_file,Contest 33.doc,.doc,SMQ BIBLES\NSMQ 2012 questions and Answers\Contest 33.doc,1260032,1,SMQ BIBLES\NSMQ 2012 questions and Answers\Contest 33.doc
fde989a9ca3c6169b6bd5cdaab12d48487beefd16d17b504d1e3356c87d9b648,loose_file,Contest 34.doc,.doc,SMQ BIBLES\NSMQ 2012 questions and Answers\Contest 34.doc,484864,2,SMQ BIBLES\NSMQ 2012 questions and Answers\Contest 34.doc | SMQ BIBLES\NSMQ 2016 Questions\NSMQ 2012 Questions\Contest 34.doc
f365af0cf45a1feba7158a44608801dd138de5d946416a5afd3c4db88280e188,loose_file,Contest 35.doc,.doc,SMQ BIBLES\NSMQ 2012 questions and Answers\Contest 35.doc,1306624,1,SMQ BIBLES\NSMQ 2012 questions and Answers\Contest 35.doc
3f17f86f1bf5b53fd6f097e1ca7b536c8a30277ee678e0e2dbfd80a32db338e7,loose_file,Contest 36.doc,.doc,SMQ BIBLES\NSMQ 2012 questions and Answers\Contest 36.doc,563200,1,SMQ BIBLES\NSMQ 2012 questions and Answers\Contest 36.doc
5fc8c51053cf0f864614955aa1c6b8ad7a5868291312cafc510c21d2a7279f0a,loose_file,Contest 37.doc,.doc,SMQ BIBLES\NSMQ 2012 questions and Answers\Contest 37.doc,1328128,1,SMQ BIBLES\NSMQ 2012 questions and Answers\Contest 37.doc
92ddafd46b4727d6c234d0793071ee796c728bfb6dfd7742a21084b3a127c85c,loose_file,Contest 4.doc,.doc,SMQ BIBLES\NSMQ 2012 questions and Answers\Contest 4.doc,322560,3,SMQ BIBLES\NSMQ 2012 questions and Answers\Contest 4.doc | SMQ BIBLES\NSMQ 2016 Questions\NSMQ 2012 Questions\Contest 4.doc | SMQ BIBLES\weekends\practice\SET 3\Contest 4.doc
a96b6707f4cbd6f6411c8c28125eeabfc10f1606ba6d7ba999bfaa8def682121,loose_file,Contest 5.doc,.doc,SMQ BIBLES\NSMQ 2012 questions and Answers\Contest 5.doc,775680,2,SMQ BIBLES\NSMQ 2012 questions and Answers\Contest 5.doc | SMQ BIBLES\weekends\practice\SET 3\Contest 5.doc
cfcac7c7a633e00dd18be1f12f90ce30e5695247fba6db4522636e84ba41c4fe,loose_file,Contest 6.doc,.doc,SMQ BIBLES\NSMQ 2012 questions and Answers\Contest 6.doc,475136,3,SMQ BIBLES\NSMQ 2012 questions and Answers\Contest 6.doc | SMQ BIBLES\NSMQ 2016 Questions\NSMQ 2012 Questions\Contest 6.doc | SMQ BIBLES\weekends\practice\SET 3\Contest 6.doc
c8c6d79ddaf2b2129b2ae8b058b0a17ef23af01f3aa9eed8324aaddfcf00f220,loose_file,Contest 7.doc,.doc,SMQ BIBLES\NSMQ 2012 questions and Answers\Contest 7.doc,363008,3,SMQ BIBLES\NSMQ 2012 questions and Answers\Contest 7.doc | SMQ BIBLES\NSMQ 2016 Questions\NSMQ 2012 Questions\Contest 7.doc | SMQ BIBLES\weekends\practice\SET 3\Contest 7.doc
17ff7ab6ac4d1896ceffb3440fb9c7b73f07528b824e9e88c369e5318882e101,loose_file,Contest 8.doc,.doc,SMQ BIBLES\NSMQ 2012 questions and Answers\Contest 8.doc,449536,3,SMQ BIBLES\NSMQ 2012 questions and Answers\Contest 8.doc | SMQ BIBLES\NSMQ 2016 Questions\NSMQ 2012 Questions\Contest 8.doc | SMQ BIBLES\weekends\practice\SET 3\Contest 8.doc
aad86eaedb83dfe9a029a0ad874a32f07aa5b6182743895dfac77e9998d0a7a6,loose_file,Contest 9.doc,.doc,SMQ BIBLES\NSMQ 2012 questions and Answers\Contest 9.doc,1484288,1,SMQ BIBLES\NSMQ 2012 questions and Answers\Contest 9.doc
9fabcbb6b3d615f39fd8f7ec6cae2c0b389970ee01eae1cd5784b5620f5473ac,loose_file,2013 NSMQ  Biology - Sorted.docx,.docx,SMQ BIBLES\NSMQ 2013 Questions COMPLETE\2013 NSMQ  Biology - Sorted.docx,98504,1,SMQ BIBLES\NSMQ 2013 Questions COMPLETE\2013 NSMQ  Biology - Sorted.docx
c9ca38743ca526d804b039a545d5e309b0fbe86adc9b0a7c09e5910f76f8d69b,loose_file,CONTEST 1.doc,.doc,SMQ BIBLES\NSMQ 2013 Questions COMPLETE\CONTEST 1.doc,91136,2,SMQ BIBLES\NSMQ 2013 Questions COMPLETE\CONTEST 1.doc | SMQ BIBLES\weekends\practice\SET 2\CONTEST 1.doc
860a5105b813ae9dc242a7e5faf7c20e0dc87fe01bb01bc1bbeaf07fe8a1c680,loose_file,CONTEST 10.doc,.doc,SMQ BIBLES\NSMQ 2013 Questions COMPLETE\CONTEST 10.doc,109056,2,SMQ BIBLES\NSMQ 2013 Questions COMPLETE\CONTEST 10.doc | SMQ BIBLES\weekends\practice\SET 2\CONTEST 10.doc
39fdff2aace5707189c2afc4b2789fb2d67bd38dd75537eb35a9a76735de5752,loose_file,CONTEST 11.docx,.docx,SMQ BIBLES\NSMQ 2013 Questions COMPLETE\CONTEST 11.docx,187432,2,SMQ BIBLES\NSMQ 2013 Questions COMPLETE\CONTEST 11.docx | SMQ BIBLES\weekends\practice\SET 2\CONTEST 11.docx
6a2a8229240e5cbe5b2e3436b70d87b5eb13806873e35dabeb0fcaf4097facaf,loose_file,CONTEST 12.docx,.docx,SMQ BIBLES\NSMQ 2013 Questions COMPLETE\CONTEST 12.docx,88383,2,SMQ BIBLES\NSMQ 2013 Questions COMPLETE\CONTEST 12.docx | SMQ BIBLES\weekends\practice\SET 2\CONTEST 12.docx
5986b14e4495f55dd130f66f08848f9da097c384c1acd5574b8852724bc0811b,loose_file,CONTEST 13.docx,.docx,SMQ BIBLES\NSMQ 2013 Questions COMPLETE\CONTEST 13.docx,74818,2,SMQ BIBLES\NSMQ 2013 Questions COMPLETE\CONTEST 13.docx | SMQ BIBLES\weekends\practice\SET 2\CONTEST 13.docx
4d2ade4d25a3a3d063e19d9c75fa8bec092ab5d7f6f9e3b361a3030f7ad6250c,loose_file,CONTEST 14.docx,.docx,SMQ BIBLES\NSMQ 2013 Questions COMPLETE\CONTEST 14.docx,150651,2,SMQ BIBLES\NSMQ 2013 Questions COMPLETE\CONTEST 14.docx | SMQ BIBLES\weekends\practice\SET 2\CONTEST 14.docx
938bb27e2ec553bf543a9bda000d975ad1b73f75d1a0d7a8dc9f057b140ab66b,loose_file,CONTEST 15.doc,.doc,SMQ BIBLES\NSMQ 2013 Questions COMPLETE\CONTEST 15.doc,154269,2,SMQ BIBLES\NSMQ 2013 Questions COMPLETE\CONTEST 15.doc | SMQ BIBLES\weekends\practice\SET 2\CONTEST 15.doc
5c3d886cef8eb9d9f970d0b075b4d8219e14ccae53d2b16f8cbaf9e9350ad456,loose_file,CONTEST 15.docx,.docx,SMQ BIBLES\NSMQ 2013 Questions COMPLETE\CONTEST 15.docx,68368,2,SMQ BIBLES\NSMQ 2013 Questions COMPLETE\CONTEST 15.docx | SMQ BIBLES\weekends\practice\SET 2\CONTEST 15.docx
e147321319e869a12dd81b70b0281bf33ab0f8cb29e1e12a1c68b7a213d9931a,loose_file,CONTEST 16.docx,.docx,SMQ BIBLES\NSMQ 2013 Questions COMPLETE\CONTEST 16.docx,76364,2,SMQ BIBLES\NSMQ 2013 Questions COMPLETE\CONTEST 16.docx | SMQ BIBLES\weekends\practice\SET 2\CONTEST 16.docx
cee32ece77e6646dd8b35a114be82b417a53b9751bdac44fac66d58ab65511aa,loose_file,CONTEST 17.docx,.docx,SMQ BIBLES\NSMQ 2013 Questions COMPLETE\CONTEST 17.docx,84667,2,SMQ BIBLES\NSMQ 2013 Questions COMPLETE\CONTEST 17.docx | SMQ BIBLES\weekends\practice\SET 2\CONTEST 17.docx
d28f9ca1c91adb4400297ba0111ea4d3bb1ecbce85d572f19bdd780941b4b522,loose_file,CONTEST 18.docx,.docx,SMQ BIBLES\NSMQ 2013 Questions COMPLETE\CONTEST 18.docx,53848,2,SMQ BIBLES\NSMQ 2013 Questions COMPLETE\CONTEST 18.docx | SMQ BIBLES\weekends\practice\SET 2\CONTEST 18.docx
9bb622f644c3364b285e75e81ff6c8af77e231c57112f202bba65893841c1c3f,loose_file,CONTEST 19.docx,.docx,SMQ BIBLES\NSMQ 2013 Questions COMPLETE\CONTEST 19.docx,86632,2,SMQ BIBLES\NSMQ 2013 Questions COMPLETE\CONTEST 19.docx | SMQ BIBLES\weekends\practice\SET 2\CONTEST 19.docx
555b19df34a54d82cf12304c27cde38c7c20c0738362b41a109473b0d053a476,loose_file,CONTEST 2.doc,.doc,SMQ BIBLES\NSMQ 2013 Questions COMPLETE\CONTEST 2.doc,83456,2,SMQ BIBLES\NSMQ 2013 Questions COMPLETE\CONTEST 2.doc | SMQ BIBLES\weekends\practice\SET 2\CONTEST 2.doc
a151cd705adaf00f60a8bced66e5d96dd586d89492a2d762da5bb1a121925b0f,loose_file,CONTEST 20.docx,.docx,SMQ BIBLES\NSMQ 2013 Questions COMPLETE\CONTEST 20.docx,68616,2,SMQ BIBLES\NSMQ 2013 Questions COMPLETE\CONTEST 20.docx | SMQ BIBLES\weekends\practice\SET 2\CONTEST 20.docx
ebeb6c841f9ff2cc872600a72791b7a61e55ed5b717b742a939c62efc59521b8,loose_file,CONTEST 21.doc,.doc,SMQ BIBLES\NSMQ 2013 Questions COMPLETE\CONTEST 21.doc,125952,2,SMQ BIBLES\NSMQ 2013 Questions COMPLETE\CONTEST 21.doc | SMQ BIBLES\weekends\practice\SET 2\CONTEST 21.doc
4cdb3868820018fc992900b3f62e9aed4f4945f0a0db000861fb8687be56d765,loose_file,CONTEST 21.docx,.docx,SMQ BIBLES\NSMQ 2013 Questions COMPLETE\CONTEST 21.docx,63316,2,SMQ BIBLES\NSMQ 2013 Questions COMPLETE\CONTEST 21.docx | SMQ BIBLES\weekends\practice\SET 2\CONTEST 21.docx
df4d3102d1e09aeef2eb20da0f5f36a0da2a8b6a0040afaf02bcc38517cd0d59,loose_file,CONTEST 22.doc,.doc,SMQ BIBLES\NSMQ 2013 Questions COMPLETE\CONTEST 22.doc,165376,2,SMQ BIBLES\NSMQ 2013 Questions COMPLETE\CONTEST 22.doc | SMQ BIBLES\weekends\practice\SET 2\CONTEST 22.doc
e340d3effe60d0eaa509a38df7a6c2dec8e4bc8298859bbdc75ecf0410530c12,loose_file,CONTEST 23.doc,.doc,SMQ BIBLES\NSMQ 2013 Questions COMPLETE\CONTEST 23.doc,130048,2,SMQ BIBLES\NSMQ 2013 Questions COMPLETE\CONTEST 23.doc | SMQ BIBLES\weekends\practice\SET 2\CONTEST 23.doc
cc8badd7753598da80c7c2b97c856c77a1c4eea94475c6792d18509d64a421a4,loose_file,CONTEST 23.docx,.docx,SMQ BIBLES\NSMQ 2013 Questions COMPLETE\CONTEST 23.docx,67274,2,SMQ BIBLES\NSMQ 2013 Questions COMPLETE\CONTEST 23.docx | SMQ BIBLES\weekends\practice\SET 2\CONTEST 23.docx
c6ac4d0d4541290989d62d8629e947941b7d3086d7b7eb72808546151f62f62d,loose_file,CONTEST 24.doc,.doc,SMQ BIBLES\NSMQ 2013 Questions COMPLETE\CONTEST 24.doc,122368,2,SMQ BIBLES\NSMQ 2013 Questions COMPLETE\CONTEST 24.doc | SMQ BIBLES\weekends\practice\SET 2\CONTEST 24.doc
6e9d8796a6cb1cc4cf20b04c50623957034649cab376142a22247bcea0676ae2,loose_file,CONTEST 25.doc,.doc,SMQ BIBLES\NSMQ 2013 Questions COMPLETE\CONTEST 25.doc,144384,2,SMQ BIBLES\NSMQ 2013 Questions COMPLETE\CONTEST 25.doc | SMQ BIBLES\weekends\practice\SET 2\CONTEST 25.doc
119c6279cc263dbd50c6a58f32103bcc09fd5f27909d9a89bb61cdcabbbe7b62,loose_file,CONTEST 26.doc,.doc,SMQ BIBLES\NSMQ 2013 Questions COMPLETE\CONTEST 26.doc,162304,2,SMQ BIBLES\NSMQ 2013 Questions COMPLETE\CONTEST 26.doc | SMQ BIBLES\weekends\practice\SET 2\CONTEST 26.doc
b9de5d795b14387c313254b5846efbf371cd087792fd3b6474c4918e11306dd5,loose_file,CONTEST 27.doc,.doc,SMQ BIBLES\NSMQ 2013 Questions COMPLETE\CONTEST 27.doc,126464,2,SMQ BIBLES\NSMQ 2013 Questions COMPLETE\CONTEST 27.doc | SMQ BIBLES\weekends\practice\SET 2\CONTEST 27.doc
cdd835dabdbf2097c11bc288afff528ad53c0b7f0b38ad400d88cb4fae61defb,loose_file,CONTEST 27.docx,.docx,SMQ BIBLES\NSMQ 2013 Questions COMPLETE\CONTEST 27.docx,1047985,1,SMQ BIBLES\NSMQ 2013 Questions COMPLETE\CONTEST 27.docx
1aa52bb16aa8b396e734eff0e3d1ba96fa8bfd0d0827d2871410e92bd2ef874a,loose_file,CONTEST 28.doc,.doc,SMQ BIBLES\NSMQ 2013 Questions COMPLETE\CONTEST 28.doc,101376,2,SMQ BIBLES\NSMQ 2013 Questions COMPLETE\CONTEST 28.doc | SMQ BIBLES\weekends\practice\SET 2\CONTEST 28.doc
3d86ea74bc1b3700fc7b12aae2fdbbb7c0cff1101003a36d7d15ecbe73251cb8,loose_file,CONTEST 29.doc,.doc,SMQ BIBLES\NSMQ 2013 Questions COMPLETE\CONTEST 29.doc,114688,1,SMQ BIBLES\NSMQ 2013 Questions COMPLETE\CONTEST 29.doc
ce4e99dc5479fcbdd1352593bf0a63a64c275e20ce520c20b4d04b96f94559ab,loose_file,CONTEST 3.doc,.doc,SMQ BIBLES\NSMQ 2013 Questions COMPLETE\CONTEST 3.doc,175104,2,SMQ BIBLES\NSMQ 2013 Questions COMPLETE\CONTEST 3.doc | SMQ BIBLES\weekends\practice\SET 2\CONTEST 3.doc
04c1857e4d7e84c4be12a574e205721b68fcfb6f914d8181c17a4d449f42a72b,loose_file,CONTEST 30.doc,.doc,SMQ BIBLES\NSMQ 2013 Questions COMPLETE\CONTEST 30.doc,114176,1,SMQ BIBLES\NSMQ 2013 Questions COMPLETE\CONTEST 30.doc
c83f052d4993912fd489a70d44231ef7e3844c3beaee9c6fb306173d9fc771ee,loose_file,CONTEST 31.doc,.doc,SMQ BIBLES\NSMQ 2013 Questions COMPLETE\CONTEST 31.doc,105984,1,SMQ BIBLES\NSMQ 2013 Questions COMPLETE\CONTEST 31.doc
915f3e5da07ebf9beeff0d2a57f74bab5bc8b0982688f37230aa75bc354692bf,loose_file,CONTEST 32.doc,.doc,SMQ BIBLES\NSMQ 2013 Questions COMPLETE\CONTEST 32.doc,101376,1,SMQ BIBLES\NSMQ 2013 Questions COMPLETE\CONTEST 32.doc
49841a919779489bbdf7aa63561cc54e3d5edee6eafa46dbe733a23dd7791d8c,loose_file,CONTEST 32i.doc,.doc,SMQ BIBLES\NSMQ 2013 Questions COMPLETE\CONTEST 32i.doc,84251,1,SMQ BIBLES\NSMQ 2013 Questions COMPLETE\CONTEST 32i.doc
498ca56d742fa90309f7efc8477801c9d3f47da39b63c79457fd82bdce9df973,loose_file,CONTEST 33.doc,.doc,SMQ BIBLES\NSMQ 2013 Questions COMPLETE\CONTEST 33.doc,133632,1,SMQ BIBLES\NSMQ 2013 Questions COMPLETE\CONTEST 33.doc
06cbfc12510ff23f3abcb9a6ae0de34ac60127227f28677d9d1cfc64d3ca488c,loose_file,CONTEST 34.doc,.doc,SMQ BIBLES\NSMQ 2013 Questions COMPLETE\CONTEST 34.doc,138752,1,SMQ BIBLES\NSMQ 2013 Questions COMPLETE\CONTEST 34.doc
0c1acb5cc19737687dbc0404c99ad090d56e42294f97fbb401ea7bc0223901a3,loose_file,CONTEST 35.doc,.doc,SMQ BIBLES\NSMQ 2013 Questions COMPLETE\CONTEST 35.doc,137216,1,SMQ BIBLES\NSMQ 2013 Questions COMPLETE\CONTEST 35.doc
54f803699fe87eee086d36f820af1015beded34fbf93186fdbd7f8f27df6bd29,loose_file,CONTEST 36.doc,.doc,SMQ BIBLES\NSMQ 2013 Questions COMPLETE\CONTEST 36.doc,122880,1,SMQ BIBLES\NSMQ 2013 Questions COMPLETE\CONTEST 36.doc
2e1db553290e8d5eafe47f08a311e31deee36330adacbdfb6043182ae27d3dcc,loose_file,CONTEST 37.doc,.doc,SMQ BIBLES\NSMQ 2013 Questions COMPLETE\CONTEST 37.doc,109568,1,SMQ BIBLES\NSMQ 2013 Questions COMPLETE\CONTEST 37.doc
8c32b1321b89733e3d70ce0918fe7b5683502984ced392a1a8a888e5e70e7213,loose_file,CONTEST 38.doc,.doc,SMQ BIBLES\NSMQ 2013 Questions COMPLETE\CONTEST 38.doc,187392,1,SMQ BIBLES\NSMQ 2013 Questions COMPLETE\CONTEST 38.doc
cfc61e496d53a5c59231a99b79ab8b868a662e308288e85a77cafbed965e9b40,loose_file,CONTEST 39.doc,.doc,SMQ BIBLES\NSMQ 2013 Questions COMPLETE\CONTEST 39.doc,133120,1,SMQ BIBLES\NSMQ 2013 Questions COMPLETE\CONTEST 39.doc
19a413f3223cd2c3d06608b76b0cdf0c5f19b5b731f628e66ba47f3a5217d3cb,loose_file,CONTEST 4.doc,.doc,SMQ BIBLES\NSMQ 2013 Questions COMPLETE\CONTEST 4.doc,119296,2,SMQ BIBLES\NSMQ 2013 Questions COMPLETE\CONTEST 4.doc | SMQ BIBLES\weekends\practice\SET 2\CONTEST 4.doc
98e819aadfa89e5c1193fc9affbaff5d955b6bcc7628216debeef3fd49afa8e2,loose_file,CONTEST 40 DIAGRAM.docx,.docx,SMQ BIBLES\NSMQ 2013 Questions COMPLETE\CONTEST 40 DIAGRAM.docx,14353,1,SMQ BIBLES\NSMQ 2013 Questions COMPLETE\CONTEST 40 DIAGRAM.docx
06c3803fb046fe5c000bd7b413be7cf4d6f41ef36800931ab15ebaf80fbce2ce,loose_file,CONTEST 40.doc,.doc,SMQ BIBLES\NSMQ 2013 Questions COMPLETE\CONTEST 40.doc,174080,1,SMQ BIBLES\NSMQ 2013 Questions COMPLETE\CONTEST 40.doc
ff4b2c544cb88ef3caabb17f1ef14e9d4bac4cc684f1477a8b160ef4632f9a5d,loose_file,CONTEST 5.doc,.doc,SMQ BIBLES\NSMQ 2013 Questions COMPLETE\CONTEST 5.doc,124928,2,SMQ BIBLES\NSMQ 2013 Questions COMPLETE\CONTEST 5.doc | SMQ BIBLES\weekends\practice\SET 2\CONTEST 5.doc
349afa8b03fc5213a44bde5c500e3b4df0bf96f4b8e4e7ce0d2ed1bbcbd05f35,loose_file,CONTEST 6.doc,.doc,SMQ BIBLES\NSMQ 2013 Questions COMPLETE\CONTEST 6.doc,118784,2,SMQ BIBLES\NSMQ 2013 Questions COMPLETE\CONTEST 6.doc | SMQ BIBLES\weekends\practice\SET 2\CONTEST 6.doc
7999da031bfbaac68b34eb2f854f2b883e86ebcfd2cf7e0ea71f8a133141805a,loose_file,CONTEST 7.doc,.doc,SMQ BIBLES\NSMQ 2013 Questions COMPLETE\CONTEST 7.doc,142336,2,SMQ BIBLES\NSMQ 2013 Questions COMPLETE\CONTEST 7.doc | SMQ BIBLES\weekends\practice\SET 2\CONTEST 7.doc
d49f978b6cd2c4de67257b6d75ed66be705a49f67116a005760ed0855f90ca30,loose_file,CONTEST 8.doc,.doc,SMQ BIBLES\NSMQ 2013 Questions COMPLETE\CONTEST 8.doc,128000,2,SMQ BIBLES\NSMQ 2013 Questions COMPLETE\CONTEST 8.doc | SMQ BIBLES\weekends\practice\SET 2\CONTEST 8.doc
82d8e4198c0d86b1213b3b271457589854b170eab0deeffddd753c3a1b6937a4,loose_file,CONTEST 9.doc,.doc,SMQ BIBLES\NSMQ 2013 Questions COMPLETE\CONTEST 9.doc,101376,2,SMQ BIBLES\NSMQ 2013 Questions COMPLETE\CONTEST 9.doc | SMQ BIBLES\weekends\practice\SET 2\CONTEST 9.doc
7f583449b43a7b73a5b4484c2a726435a571143cb5ba83e003de695ca7796994,loose_file,TIE-BREAKER RIDDLES.doc,.doc,SMQ BIBLES\NSMQ 2013 Questions COMPLETE\TIE-BREAKER RIDDLES.doc,58368,1,SMQ BIBLES\NSMQ 2013 Questions COMPLETE\TIE-BREAKER RIDDLES.doc
7eb4c4d2e828c0705380e29c9ccc7930158e0ffc27115cd2bbe2e3e1a6c7e0fc,loose_file,CONTEST 1.docx,.docx,SMQ BIBLES\NSMQ 2014 Questions\CONTEST 1.docx,15203,3,SMQ BIBLES\NSMQ 2014 Questions\CONTEST 1.docx | SMQ BIBLES\NSMQ 2014 Questions\Copy of CONTEST 1.docx | SMQ BIBLES\NSMQ 2014\CHEMISTRY\Chemistry Questions\Quiz 2014 Nat Prelim\CONTEST 1.docx
0cf8f4af766d59362f6007499239ab824a88768763cce587848824b09a2e76b1,loose_file,CONTEST 10 (2).docx,.docx,SMQ BIBLES\NSMQ 2014 Questions\CONTEST 10 (2).docx,28558,2,SMQ BIBLES\NSMQ 2014 Questions\CONTEST 10 (2).docx | SMQ BIBLES\NSMQ 2014 Questions\Copy of CONTEST 10 (2).docx
915a481b22af174c200338c5928b5879349ee7d3fa003b832b911a7ecacb0da2,loose_file,CONTEST 11.docx,.docx,SMQ BIBLES\NSMQ 2014 Questions\CONTEST 11.docx,16110,3,SMQ BIBLES\NSMQ 2014 Questions\CONTEST 11.docx | SMQ BIBLES\NSMQ 2014 Questions\Copy of CONTEST 11.docx | SMQ BIBLES\NSMQ 2014\CHEMISTRY\Chemistry Questions\Quiz 2014 Nat Prelim\CONTEST 11.docx
914edc06988e78f8833098e7aa360af685fb0edf5cfa3351af5fee629eaab047,loose_file,CONTEST 2.docx,.docx,SMQ BIBLES\NSMQ 2014 Questions\CONTEST 2.docx,17919,3,SMQ BIBLES\NSMQ 2014 Questions\CONTEST 2.docx | SMQ BIBLES\NSMQ 2014 Questions\Copy of CONTEST 2.docx | SMQ BIBLES\NSMQ 2014\CHEMISTRY\Chemistry Questions\Quiz 2014 Nat Prelim\CONTEST 2.docx
7e87f1f4d83001ef4b6254886593c037b211fdee15afc0289cb7a2283492a392,loose_file,CONTEST 4.docx,.docx,SMQ BIBLES\NSMQ 2014 Questions\CONTEST 4.docx,18316,3,SMQ BIBLES\NSMQ 2014 Questions\CONTEST 4.docx | SMQ BIBLES\NSMQ 2014 Questions\Copy of CONTEST 4.docx | SMQ BIBLES\NSMQ 2014\CHEMISTRY\Chemistry Questions\Quiz 2014 Nat Prelim\CONTEST 4.docx
e97b1c6661a1c13e23252f289525af74c39b31527eca3dec9f565754a7844fb1,loose_file,Contest 52 - Diagram.pdf,.pdf,SMQ BIBLES\NSMQ 2014 Questions\Contest 52 - Diagram.pdf,180580,2,SMQ BIBLES\NSMQ 2014 Questions\Contest 52 - Diagram.pdf | SMQ BIBLES\NSMQ 2014 Questions\Copy of Contest 52 - Diagram.pdf
ec3d09936ed914f6be633b542792205bc2b5f72d253b29c2da07894dd9deeac0,loose_file,MAIN CONTEST 28.docx,.docx,SMQ BIBLES\NSMQ 2014 Questions\MAIN CONTEST 28.docx,18957,2,SMQ BIBLES\NSMQ 2014 Questions\MAIN CONTEST 28.docx | SMQ BIBLES\NSMQ 2014\CHEMISTRY\MAIN CONTEST 28.docx
59eee1fc4a517b26f03287b4482b5f800741d3b336307651e539fca74268efc3,loose_file,MAIN CONTEST 29.docx,.docx,SMQ BIBLES\NSMQ 2014 Questions\MAIN CONTEST 29.docx,19760,2,SMQ BIBLES\NSMQ 2014 Questions\MAIN CONTEST 29.docx | SMQ BIBLES\NSMQ 2014\CHEMISTRY\MAIN CONTEST 29.docx
997102e0c00211e6bdee50b6e7c870e9bce86f67daec7bd3372f491d7844bdd6,loose_file,MAIN CONTEST 30.docx,.docx,SMQ BIBLES\NSMQ 2014 Questions\MAIN CONTEST 30.docx,18879,2,SMQ BIBLES\NSMQ 2014 Questions\MAIN CONTEST 30.docx | SMQ BIBLES\NSMQ 2014\CHEMISTRY\MAIN CONTEST 30.docx
9822c625e1282079b6693c5e8fb90c377dbcc03c0418129a2a579dee09cdca60,loose_file,MAIN CONTEST 31.docx,.docx,SMQ BIBLES\NSMQ 2014 Questions\MAIN CONTEST 31.docx,21127,2,SMQ BIBLES\NSMQ 2014 Questions\MAIN CONTEST 31.docx | SMQ BIBLES\NSMQ 2014\CHEMISTRY\MAIN CONTEST 31.docx
ddb098c3c9dcdfeb69ce09d4e5a7e5881aca2da27c997b32e0be8f72fd13eb1a,loose_file,MAIN CONTEST 32.docx,.docx,SMQ BIBLES\NSMQ 2014 Questions\MAIN CONTEST 32.docx,19408,2,SMQ BIBLES\NSMQ 2014 Questions\MAIN CONTEST 32.docx | SMQ BIBLES\NSMQ 2014\CHEMISTRY\MAIN CONTEST 32.docx
f3b7461fc0542cb7d4c8e7ad1a4d2a773d14b0b0ff38c4d96af89d20ac47adaa,loose_file,MAIN CONTEST 33.docx,.docx,SMQ BIBLES\NSMQ 2014 Questions\MAIN CONTEST 33.docx,17050,2,SMQ BIBLES\NSMQ 2014 Questions\MAIN CONTEST 33.docx | SMQ BIBLES\NSMQ 2014\CHEMISTRY\MAIN CONTEST 33.docx
6bbb2e4db777c22c9fe7eb7d0a3de36d9bc09d343e407764b7bf78a31df5e2a2,loose_file,MAIN CONTEST 34.docx,.docx,SMQ BIBLES\NSMQ 2014 Questions\MAIN CONTEST 34.docx,16436,2,SMQ BIBLES\NSMQ 2014 Questions\MAIN CONTEST 34.docx | SMQ BIBLES\NSMQ 2014\CHEMISTRY\MAIN CONTEST 34.docx
b352160eb9375cb5408a6b1bccc18634c47683d583c89ad911d76cc879313af2,loose_file,MAIN CONTEST 35.docx,.docx,SMQ BIBLES\NSMQ 2014 Questions\MAIN CONTEST 35.docx,16962,2,SMQ BIBLES\NSMQ 2014 Questions\MAIN CONTEST 35.docx | SMQ BIBLES\NSMQ 2014\CHEMISTRY\MAIN CONTEST 35.docx
4eab341936c9297b0a06747397860cc1ef211da6fc69d6c196000d2a6ef41986,loose_file,MAIN CONTEST 36.docx,.docx,SMQ BIBLES\NSMQ 2014 Questions\MAIN CONTEST 36.docx,16803,2,SMQ BIBLES\NSMQ 2014 Questions\MAIN CONTEST 36.docx | SMQ BIBLES\NSMQ 2014\CHEMISTRY\MAIN CONTEST 36.docx
09fa9741a8d3cf7a7cf6b4acbef7b3477aeec8474f75d1bd3920e83114bb2cf1,loose_file,MAIN CONTEST 37.docx,.docx,SMQ BIBLES\NSMQ 2014 Questions\MAIN CONTEST 37.docx,16486,2,SMQ BIBLES\NSMQ 2014 Questions\MAIN CONTEST 37.docx | SMQ BIBLES\NSMQ 2014\CHEMISTRY\MAIN CONTEST 37.docx
2310da0f8f12cdf5780726a8548de4fe257197bf124249e43ec5e4f35870cfd5,loose_file,MAIN CONTEST 38.docx,.docx,SMQ BIBLES\NSMQ 2014 Questions\MAIN CONTEST 38.docx,20134,2,SMQ BIBLES\NSMQ 2014 Questions\MAIN CONTEST 38.docx | SMQ BIBLES\NSMQ 2014\CHEMISTRY\MAIN CONTEST 38.docx
8c58d2131c6c0dabb459466ab541eaf065c6e3110cf145cdb0e91a49f0341a82,loose_file,MAIN CONTEST 39.docx,.docx,SMQ BIBLES\NSMQ 2014 Questions\MAIN CONTEST 39.docx,18723,2,SMQ BIBLES\NSMQ 2014 Questions\MAIN CONTEST 39.docx | SMQ BIBLES\NSMQ 2014\CHEMISTRY\MAIN CONTEST 39.docx
8b8cd61ea227d408b8ee68e0d6773feba90122a9829edb36094cb36237100f9a,loose_file,MAIN CONTEST 40.docx,.docx,SMQ BIBLES\NSMQ 2014 Questions\MAIN CONTEST 40.docx,19206,2,SMQ BIBLES\NSMQ 2014 Questions\MAIN CONTEST 40.docx | SMQ BIBLES\NSMQ 2014\CHEMISTRY\MAIN CONTEST 40.docx
3929eea944f899c4ef8bd8ad503089dc44c92f585934991998e23ecf6ae5c130,loose_file,MAIN CONTEST 41.docx,.docx,SMQ BIBLES\NSMQ 2014 Questions\MAIN CONTEST 41.docx,18241,2,SMQ BIBLES\NSMQ 2014 Questions\MAIN CONTEST 41.docx | SMQ BIBLES\NSMQ 2014\CHEMISTRY\MAIN CONTEST 41.docx
6d03d6d54ea998c5f59c77739ed95b6e7574dc78ebcd038fe7787c69e64f3b4e,loose_file,MAIN CONTEST 42.docx,.docx,SMQ BIBLES\NSMQ 2014 Questions\MAIN CONTEST 42.docx,18903,2,SMQ BIBLES\NSMQ 2014 Questions\MAIN CONTEST 42.docx | SMQ BIBLES\NSMQ 2014\CHEMISTRY\MAIN CONTEST 42.docx
ad906de330189b4e6302501f3dc68cd92618315e547edaee262e7b9bc1f02bd6,loose_file,MAIN CONTEST 43.docx,.docx,SMQ BIBLES\NSMQ 2014 Questions\MAIN CONTEST 43.docx,19733,2,SMQ BIBLES\NSMQ 2014 Questions\MAIN CONTEST 43.docx | SMQ BIBLES\NSMQ 2014\CHEMISTRY\MAIN CONTEST 43.docx
b9ded9d65daa423f7e97ec4d9f0c3277690224648bd15652374b7676fa21db5b,loose_file,MAIN CONTEST 44.docx,.docx,SMQ BIBLES\NSMQ 2014 Questions\MAIN CONTEST 44.docx,21242,2,SMQ BIBLES\NSMQ 2014 Questions\MAIN CONTEST 44.docx | SMQ BIBLES\NSMQ 2014\CHEMISTRY\MAIN CONTEST 44.docx
aea47e11242662d0f40a717b6b55e94889f0e06c0dfbbb360025ada1e429320d,loose_file,MAIN CONTEST 45.docx,.docx,SMQ BIBLES\NSMQ 2014 Questions\MAIN CONTEST 45.docx,18754,2,SMQ BIBLES\NSMQ 2014 Questions\MAIN CONTEST 45.docx | SMQ BIBLES\NSMQ 2014\CHEMISTRY\MAIN CONTEST 45.docx
592b7925e9a33ce17a6eae44dabccf69fd3f4bbc322eb5c701038cbfd02bdd30,loose_file,MAIN CONTEST 46.docx,.docx,SMQ BIBLES\NSMQ 2014 Questions\MAIN CONTEST 46.docx,21215,2,SMQ BIBLES\NSMQ 2014 Questions\MAIN CONTEST 46.docx | SMQ BIBLES\NSMQ 2014\CHEMISTRY\MAIN CONTEST 46.docx
55a44ca748d1fdf43cb9b9f9764aa2b5e5b0aa5ce32639a866ec4fa044e89561,loose_file,MAIN CONTEST 47.docx,.docx,SMQ BIBLES\NSMQ 2014 Questions\MAIN CONTEST 47.docx,18498,2,SMQ BIBLES\NSMQ 2014 Questions\MAIN CONTEST 47.docx | SMQ BIBLES\NSMQ 2014\CHEMISTRY\MAIN CONTEST 47.docx
f8fab7e2f323dbf046fc2474cafdc7735fbae3a9216276506676f274710c58f2,loose_file,MAIN CONTEST 48.docx,.docx,SMQ BIBLES\NSMQ 2014 Questions\MAIN CONTEST 48.docx,19405,2,SMQ BIBLES\NSMQ 2014 Questions\MAIN CONTEST 48.docx | SMQ BIBLES\NSMQ 2014\CHEMISTRY\MAIN CONTEST 48.docx
f18df0dd91d16eaa6081c20607406926361e54da6ded42da726c87eee52e5552,loose_file,MAIN CONTEST 49.docx,.docx,SMQ BIBLES\NSMQ 2014 Questions\MAIN CONTEST 49.docx,18774,2,SMQ BIBLES\NSMQ 2014 Questions\MAIN CONTEST 49.docx | SMQ BIBLES\NSMQ 2014\CHEMISTRY\MAIN CONTEST 49.docx
ae7bcdc04318c20264d305c18a283c4395db4949f1b4758df45f3b4b5aeada04,loose_file,MAIN CONTEST 50.docx,.docx,SMQ BIBLES\NSMQ 2014 Questions\MAIN CONTEST 50.docx,18598,2,SMQ BIBLES\NSMQ 2014 Questions\MAIN CONTEST 50.docx | SMQ BIBLES\NSMQ 2014\CHEMISTRY\MAIN CONTEST 50.docx
608e5b7f0fbb3fa483aea444ed0e1fb3c8ca8d7921a3783484488102b721b82c,loose_file,MAIN CONTEST 51.docx,.docx,SMQ BIBLES\NSMQ 2014 Questions\MAIN CONTEST 51.docx,19750,2,SMQ BIBLES\NSMQ 2014 Questions\MAIN CONTEST 51.docx | SMQ BIBLES\NSMQ 2014\CHEMISTRY\MAIN CONTEST 51.docx
f0fa78c43bc5ea64092d9822250656f87e2782b7dc717795b2976cb0b22b3253,loose_file,MAIN CONTEST 52.docx,.docx,SMQ BIBLES\NSMQ 2014 Questions\MAIN CONTEST 52.docx,15226,2,SMQ BIBLES\NSMQ 2014 Questions\MAIN CONTEST 52.docx | SMQ BIBLES\NSMQ 2014\CHEMISTRY\MAIN CONTEST 52.docx
d478f7b38479eb9abf3ee95e3e2b896f9f57719e64eca8ac482475c58c4eb4da,loose_file,MAIN CONTEST 53.docx,.docx,SMQ BIBLES\NSMQ 2014 Questions\MAIN CONTEST 53.docx,17653,2,SMQ BIBLES\NSMQ 2014 Questions\MAIN CONTEST 53.docx | SMQ BIBLES\NSMQ 2014\CHEMISTRY\MAIN CONTEST 53.docx
19984ca10a9c85fe7c68df8bb08f7c0765775775be5c17baa7d760dd9716ee88,loose_file,MAIN CONTEST 54.docx,.docx,SMQ BIBLES\NSMQ 2014 Questions\MAIN CONTEST 54.docx,16700,2,SMQ BIBLES\NSMQ 2014 Questions\MAIN CONTEST 54.docx | SMQ BIBLES\NSMQ 2014\CHEMISTRY\MAIN CONTEST 54.docx
8e5a04133816ddc945795f8f34c2e04c19ce885ff4ab36ef3576f6f3f7c1a3b2,loose_file,MAIN CONTEST 55.docx,.docx,SMQ BIBLES\NSMQ 2014 Questions\MAIN CONTEST 55.docx,16913,2,SMQ BIBLES\NSMQ 2014 Questions\MAIN CONTEST 55.docx | SMQ BIBLES\NSMQ 2014\CHEMISTRY\MAIN CONTEST 55.docx
be370dfa30d27a69fcf3a5699f1f8c5b843ec55f1c50f4f28704c97ea2bdc517,loose_file,MAIN CONTEST 56.docx,.docx,SMQ BIBLES\NSMQ 2014 Questions\MAIN CONTEST 56.docx,16229,2,SMQ BIBLES\NSMQ 2014 Questions\MAIN CONTEST 56.docx | SMQ BIBLES\NSMQ 2014\CHEMISTRY\MAIN CONTEST 56.docx
b1807f4a1f8a9b8038c444107f1ce086562d468b9aa133e27bc3d854509739af,loose_file,MAIN CONTEST 57.docx,.docx,SMQ BIBLES\NSMQ 2014 Questions\MAIN CONTEST 57.docx,18863,2,SMQ BIBLES\NSMQ 2014 Questions\MAIN CONTEST 57.docx | SMQ BIBLES\NSMQ 2014\CHEMISTRY\MAIN CONTEST 57.docx
4955beb0a184ac2550ad03066165fba4832e126658e33f351404149a7526fee0,loose_file,MAIN CONTEST 58.docx,.docx,SMQ BIBLES\NSMQ 2014 Questions\MAIN CONTEST 58.docx,20340,2,SMQ BIBLES\NSMQ 2014 Questions\MAIN CONTEST 58.docx | SMQ BIBLES\NSMQ 2014\CHEMISTRY\MAIN CONTEST 58.docx
f801e1c78a4821f1010d9df1583f6dc76f32bfa2e7cce25bd52df4fa5b08b437,loose_file,MAIN CONTEST 59.docx,.docx,SMQ BIBLES\NSMQ 2014 Questions\MAIN CONTEST 59.docx,20986,2,SMQ BIBLES\NSMQ 2014 Questions\MAIN CONTEST 59.docx | SMQ BIBLES\NSMQ 2014\CHEMISTRY\MAIN CONTEST 59.docx
00742c19ca5686e1141df9f5d826abc2ac1cf4577a6d3d93e1ae91060c73e996,loose_file,MAIN CONTEST 60.docx,.docx,SMQ BIBLES\NSMQ 2014 Questions\MAIN CONTEST 60.docx,20092,2,SMQ BIBLES\NSMQ 2014 Questions\MAIN CONTEST 60.docx | SMQ BIBLES\NSMQ 2014\CHEMISTRY\MAIN CONTEST 60.docx
be55681c0d116b1e991dc976e0e2570742ba6294c8b5e8315eeefdf49c0d124c,loose_file,MAIN CONTEST 61.docx,.docx,SMQ BIBLES\NSMQ 2014 Questions\MAIN CONTEST 61.docx,19939,2,SMQ BIBLES\NSMQ 2014 Questions\MAIN CONTEST 61.docx | SMQ BIBLES\NSMQ 2014\CHEMISTRY\MAIN CONTEST 61.docx
63a34fe5ad0ea21a0f9097e07947d5076207da7acfa994cf52aefb50289c9075,loose_file,MAIN CONTEST 62.docx,.docx,SMQ BIBLES\NSMQ 2014 Questions\MAIN CONTEST 62.docx,19050,2,SMQ BIBLES\NSMQ 2014 Questions\MAIN CONTEST 62.docx | SMQ BIBLES\NSMQ 2014\CHEMISTRY\MAIN CONTEST 62.docx
c2eb6397beb52e68ae6d95f0c8549a5fcf1d106f9d2cd0be343ebc18ad0389de,loose_file,MAIN CONTEST 63.docx,.docx,SMQ BIBLES\NSMQ 2014 Questions\MAIN CONTEST 63.docx,20770,2,SMQ BIBLES\NSMQ 2014 Questions\MAIN CONTEST 63.docx | SMQ BIBLES\NSMQ 2014\CHEMISTRY\MAIN CONTEST 63.docx
7ad0b8734a9900cbd6966f83ff170a5c7b4bd2e2ab643291cf367e09f464ba1b,loose_file,MAIN CONTEST 64.docx,.docx,SMQ BIBLES\NSMQ 2014 Questions\MAIN CONTEST 64.docx,24911,2,SMQ BIBLES\NSMQ 2014 Questions\MAIN CONTEST 64.docx | SMQ BIBLES\NSMQ 2014\CHEMISTRY\MAIN CONTEST 64.docx
9c2bb662b2897e00b25452ffa1ac2d33669aa338098071b0a0040996a991a4d9,loose_file,MAIN CONTEST 65.docx,.docx,SMQ BIBLES\NSMQ 2014 Questions\MAIN CONTEST 65.docx,20260,2,SMQ BIBLES\NSMQ 2014 Questions\MAIN CONTEST 65.docx | SMQ BIBLES\NSMQ 2014\CHEMISTRY\MAIN CONTEST 65.docx
b5063ba7a704de7e3496847b03ffc1181abd2747ecb594bdb4858e4b0c08a63d,loose_file,MAIN CONTEST 66.docx,.docx,SMQ BIBLES\NSMQ 2014 Questions\MAIN CONTEST 66.docx,19361,2,SMQ BIBLES\NSMQ 2014 Questions\MAIN CONTEST 66.docx | SMQ BIBLES\NSMQ 2014\CHEMISTRY\MAIN CONTEST 66.docx
5d7ea0355c1a1c6ca61654cf4caa72a848b3c1e7d6b148c6e04588f4b22e2533,loose_file,MAIN CONTEST 67.docx,.docx,SMQ BIBLES\NSMQ 2014 Questions\MAIN CONTEST 67.docx,20680,2,SMQ BIBLES\NSMQ 2014 Questions\MAIN CONTEST 67.docx | SMQ BIBLES\NSMQ 2014\CHEMISTRY\MAIN CONTEST 67.docx
cebb8073b599ea367eefd8b18430749fdaae12456511854f483d95611c8cd56e,loose_file,Problem of the day.doc,.doc,SMQ BIBLES\NSMQ 2014 Questions\Problem of the day.doc,118784,3,SMQ BIBLES\NSMQ 2014 Questions\Problem of the day.doc | SMQ BIBLES\NSMQ 2014\BIOLOGY\Problem of the day(1).doc | SMQ BIBLES\NSMQ 2014\BIOLOGY\Problem of the day.doc
a6157a610f3081636145ef4d1ed792afd55a10c732436f1302fad739cbd925dd,loose_file,PROBLEM OF THE DAY.docx,.docx,SMQ BIBLES\NSMQ 2014 Questions\PROBLEM OF THE DAY.docx,22043,2,SMQ BIBLES\NSMQ 2014 Questions\PROBLEM OF THE DAY.docx | SMQ BIBLES\NSMQ 2014\CHEMISTRY\Chemistry Questions\Quiz 2014 Nat Prelim\PROBLEM OF THE DAY.docx
295da1a314a7477268666a0bc19d1704fb66922c9387a704c1c62c798b6fe3dc,loose_file,Problems of the day 2.docx,.docx,SMQ BIBLES\NSMQ 2014 Questions\Problems of the day 2.docx,27522,2,SMQ BIBLES\NSMQ 2014 Questions\Problems of the day 2.docx | SMQ BIBLES\NSMQ 2014\CHEMISTRY\Problems of the day 2.docx
7053acbbebbbb3d9ffa71eb715f6f642cc402f0a1680c3ea20bca931c85eecbd,loose_file,Problems of the Day.docx,.docx,SMQ BIBLES\NSMQ 2014 Questions\Problems of the Day.docx,21988,2,SMQ BIBLES\NSMQ 2014 Questions\Problems of the Day.docx | SMQ BIBLES\NSMQ 2014\CHEMISTRY\Problems of the Day.docx
c3a6cdbd096e3063e1e4a468b4aba7a2370bf7ea02f152e8091d2a6740e8b5cf,loose_file,Riddle - Contest 1 to 67.doc,.doc,SMQ BIBLES\NSMQ 2014 Questions\Riddle - Contest 1 to 67.doc,75776,1,SMQ BIBLES\NSMQ 2014 Questions\Riddle - Contest 1 to 67.doc
cf1177999c803bb5421d8c5cce4661b30d96a62a01bfc45a7029cb885b37fcb7,loose_file,Round 1 - Contest 1 to 67.doc,.doc,SMQ BIBLES\NSMQ 2014 Questions\Round 1 - Contest 1 to 67.doc,294912,3,SMQ BIBLES\NSMQ 2014 Questions\Round 1 - Contest 1 to 67.doc | SMQ BIBLES\NSMQ 2014\BIOLOGY\Round 1 - Contest 1 to 67(1).doc | SMQ BIBLES\NSMQ 2014\BIOLOGY\Round 1 - Contest 1 to 67.doc
e76984fafd133f221bad4c558c19110412948dd42d483b5a33ecbc737faa1e92,loose_file,True or False - Contest 1 to  67.doc,.doc,SMQ BIBLES\NSMQ 2014 Questions\True or False - Contest 1 to  67.doc,147456,3,SMQ BIBLES\NSMQ 2014 Questions\True or False - Contest 1 to  67.doc | SMQ BIBLES\NSMQ 2014\BIOLOGY\True or False - Contest 1 to 67(1).doc | SMQ BIBLES\NSMQ 2014\BIOLOGY\True or False - Contest 1 to 67.doc
6655b30064026fdc4ed3ede762f8232eb7fbf3b10539695200e79f8e4f00ff8c,loose_file,Graph for problem of the day Contest 12.pdf,.pdf,SMQ BIBLES\NSMQ 2014\BIOLOGY\Graph for problem of the day Contest 12.pdf,176640,1,SMQ BIBLES\NSMQ 2014\BIOLOGY\Graph for problem of the day Contest 12.pdf
191e50f4fd6e7a449cc32074527a62488792e3f11015bab41efa11e860139809,loose_file,Riddle - Contest 1 to 67(1).doc,.doc,SMQ BIBLES\NSMQ 2014\BIOLOGY\Riddle - Contest 1 to 67(1).doc,74752,2,SMQ BIBLES\NSMQ 2014\BIOLOGY\Riddle - Contest 1 to 67(1).doc | SMQ BIBLES\NSMQ 2014\BIOLOGY\Riddle - Contest 1 to 67.doc
ad4a300338226b469298d9886314782d77539c2af23b2dd997670811cc2f832a,loose_file,BPOC.pdf,.pdf,SMQ BIBLES\NSMQ 2014\CHEMISTRY\BPOC.pdf,67589544,1,SMQ BIBLES\NSMQ 2014\CHEMISTRY\BPOC.pdf
539229428ec9677e3b0ae5d8fa0c218b8c3bbb93e2abcce1e747c533e0510968,loose_file,Cambridge International AS and A Level Chemistry Coursebook 2nd Edition.pdf,.pdf,SMQ BIBLES\NSMQ 2014\CHEMISTRY\Cambridge International AS and A Level Chemistry Coursebook 2nd Edition.pdf,43060818,1,SMQ BIBLES\NSMQ 2014\CHEMISTRY\Cambridge International AS and A Level Chemistry Coursebook 2nd Edition.pdf
1e24ea2f8d95e8283dff18c9a11641b0f84f4b5b075833b04aeab540f586796a,loose_file,CONTEST 19.docx,.docx,SMQ BIBLES\NSMQ 2014\CHEMISTRY\Chemistry Questions\Quiz 2014 Nat Prelim\CONTEST 19.docx,16772,1,SMQ BIBLES\NSMQ 2014\CHEMISTRY\Chemistry Questions\Quiz 2014 Nat Prelim\CONTEST 19.docx
2ba04ba02eff2f145eaf5ca6e3499f3a23da4ea7eb4fb23c7475459ab15fe066,loose_file,CONTESTS 1 - 10.docx,.docx,SMQ BIBLES\NSMQ 2014\CHEMISTRY\CONTESTS 1 - 10.docx,36606,3,SMQ BIBLES\NSMQ 2014\CHEMISTRY\CONTESTS 1 - 10.docx | SMQ BIBLES\NSMQ 2014\MATHEMATICS\CONTESTS 1 - 10.docx | SMQ BIBLES\NSMQ 2014\Maths\Main Questions\CONTESTS 1 - 10.docx
c1b97e56fd7a377b95170d31502e5550222646249bfcd8ab76262da8fe5df7ae,loose_file,CONTESTS 11-20.docx,.docx,SMQ BIBLES\NSMQ 2014\CHEMISTRY\CONTESTS 11-20.docx,30848,1,SMQ BIBLES\NSMQ 2014\CHEMISTRY\CONTESTS 11-20.docx
1261ffa0219a3996d11e0dacaee8c2507bb74de22fbe85a114c71db98b3219d6,loose_file,CONTESTS 21 - 27.docx,.docx,SMQ BIBLES\NSMQ 2014\CHEMISTRY\CONTESTS 21 - 27.docx,24294,2,SMQ BIBLES\NSMQ 2014\CHEMISTRY\CONTESTS 21 - 27.docx | SMQ BIBLES\NSMQ 2014\Maths\Main Questions\CONTESTS 21 - 27.docx
13dccc58d43a17b6884ab5e135bdaa2783b3c710c040d01943f13aab9d067bd1,loose_file,CONTESTS 28 -37.docx,.docx,SMQ BIBLES\NSMQ 2014\CHEMISTRY\CONTESTS 28 -37.docx,162361,1,SMQ BIBLES\NSMQ 2014\CHEMISTRY\CONTESTS 28 -37.docx
0a4328c620df7bc21f2c051a05eafef33d21e044d9d43cefe2d9e009da58e467,loose_file,CONTESTS 38-47.docx,.docx,SMQ BIBLES\NSMQ 2014\CHEMISTRY\CONTESTS 38-47.docx,172047,3,SMQ BIBLES\NSMQ 2014\CHEMISTRY\CONTESTS 38-47.docx | SMQ BIBLES\NSMQ 2014\MATHEMATICS\CONTESTS 38-47.docx | SMQ BIBLES\NSMQ 2014\Maths\Main Questions\CONTESTS 38-47.docx
42358b41736d8c6d090c7873f46e51690c291959f44546bb847c6dce1997fea6,loose_file,CONTESTS 48-57.docx,.docx,SMQ BIBLES\NSMQ 2014\CHEMISTRY\CONTESTS 48-57.docx,220641,3,SMQ BIBLES\NSMQ 2014\CHEMISTRY\CONTESTS 48-57.docx | SMQ BIBLES\NSMQ 2014\MATHEMATICS\CONTESTS 48-57.docx | SMQ BIBLES\NSMQ 2014\Maths\Main Questions\CONTESTS 48-57.docx
322905a772967b51709e53df942733049dc018ff998a1338b70c2bc599f064dc,loose_file,CONTESTS 58-67.docx,.docx,SMQ BIBLES\NSMQ 2014\CHEMISTRY\CONTESTS 58-67.docx,835578,1,SMQ BIBLES\NSMQ 2014\CHEMISTRY\CONTESTS 58-67.docx
e8c181178d6781e5118aa59179a664c4a1c5b12b2d06fd7608b7c71cd43a4c47,loose_file,Naming Coordination Compounds.docx,.docx,SMQ BIBLES\NSMQ 2014\CHEMISTRY\Naming Coordination Compounds.docx,35880,1,SMQ BIBLES\NSMQ 2014\CHEMISTRY\Naming Coordination Compounds.docx
bbdfea74d06d26838505ba1cf5e7198eaea0b9b4adb9af3fdc9bfe2b9e41786f,loose_file,CONTEST 1.doc,.doc,SMQ BIBLES\NSMQ 2014\CONTEST 1.doc,114176,3,SMQ BIBLES\NSMQ 2014 Questions\CONTEST 1 (2).doc | SMQ BIBLES\NSMQ 2014\CHEMISTRY\CONTEST 1.doc | SMQ BIBLES\NSMQ 2014\CONTEST 1.doc
15d01e5743945ad3f13ce4981d107c69cc9d12807e154f5c13c4b8ddef38caf0,loose_file,CONTEST 10.docx,.docx,SMQ BIBLES\NSMQ 2014\CONTEST 10.docx,16368,4,SMQ BIBLES\NSMQ 2014 Questions\Copy of CONTEST 10.docx | SMQ BIBLES\NSMQ 2014\CHEMISTRY\CONTEST 10.docx | SMQ BIBLES\NSMQ 2014\CHEMISTRY\Chemistry Questions\Quiz 2014 Nat Prelim\CONTEST 10.docx | SMQ BIBLES\NSMQ 2014\CONTEST 10.docx
5ed8f28653ba77f0f7ecae6ef214d7b63cd7c6a7b70676bf70476a643e9759f3,loose_file,CONTEST 11.doc,.doc,SMQ BIBLES\NSMQ 2014\CONTEST 11.doc,106496,3,SMQ BIBLES\NSMQ 2014 Questions\Copy of CONTEST 11.doc | SMQ BIBLES\NSMQ 2014\CHEMISTRY\CONTEST 11.doc | SMQ BIBLES\NSMQ 2014\CONTEST 11.doc
8af6959ad1175b0f24591be26fce1b78d461766bc4009ddc1f3a505f8e5cd68e,loose_file,CONTEST 12.docx,.docx,SMQ BIBLES\NSMQ 2014\CONTEST 12.docx,16831,4,SMQ BIBLES\NSMQ 2014 Questions\Copy of CONTEST 12.docx | SMQ BIBLES\NSMQ 2014\CHEMISTRY\CONTEST 12.docx | SMQ BIBLES\NSMQ 2014\CHEMISTRY\Chemistry Questions\Quiz 2014 Nat Prelim\CONTEST 12.docx | SMQ BIBLES\NSMQ 2014\CONTEST 12.docx
3b80a0b94ccedfa010596babf5da701ec005446617a5ea8feae127f4dd0aad57,loose_file,CONTEST 13.docx,.docx,SMQ BIBLES\NSMQ 2014\CONTEST 13.docx,17426,4,SMQ BIBLES\NSMQ 2014 Questions\Copy of CONTEST 13.docx | SMQ BIBLES\NSMQ 2014\CHEMISTRY\CONTEST 13.docx | SMQ BIBLES\NSMQ 2014\CHEMISTRY\Chemistry Questions\Quiz 2014 Nat Prelim\CONTEST 13.docx | SMQ BIBLES\NSMQ 2014\CONTEST 13.docx
789961a758530a6782b007cd8613e77905f6413510a0cdadb093da3867c77c63,loose_file,CONTEST 14.docx,.docx,SMQ BIBLES\NSMQ 2014\CONTEST 14.docx,16848,4,SMQ BIBLES\NSMQ 2014 Questions\Copy of CONTEST 14.docx | SMQ BIBLES\NSMQ 2014\CHEMISTRY\CONTEST 14.docx | SMQ BIBLES\NSMQ 2014\CHEMISTRY\Chemistry Questions\Quiz 2014 Nat Prelim\CONTEST 14.docx | SMQ BIBLES\NSMQ 2014\CONTEST 14.docx
bf8cbbdafdb99d041f686e912066ab0ef41bbfc0a8843bcedaeb8625f5e3ca0f,loose_file,CONTEST 15.docx,.docx,SMQ BIBLES\NSMQ 2014\CONTEST 15.docx,15297,4,SMQ BIBLES\NSMQ 2014 Questions\Copy of CONTEST 15.docx | SMQ BIBLES\NSMQ 2014\CHEMISTRY\CONTEST 15.docx | SMQ BIBLES\NSMQ 2014\CHEMISTRY\Chemistry Questions\Quiz 2014 Nat Prelim\CONTEST 15.docx | SMQ BIBLES\NSMQ 2014\CONTEST 15.docx
d9460729d920490e58f9c3aa22496a2fa6bbe3bbe0c11624f4deb5fcb053ade4,loose_file,CONTEST 16.docx,.docx,SMQ BIBLES\NSMQ 2014\CONTEST 16.docx,18055,4,SMQ BIBLES\NSMQ 2014 Questions\Copy of CONTEST 16.docx | SMQ BIBLES\NSMQ 2014\CHEMISTRY\CONTEST 16.docx | SMQ BIBLES\NSMQ 2014\CHEMISTRY\Chemistry Questions\Quiz 2014 Nat Prelim\CONTEST 16.docx | SMQ BIBLES\NSMQ 2014\CONTEST 16.docx
01911499dd677d30b570fd4cb9fb25dee525421f43ca5804f63289db09b362ee,loose_file,CONTEST 17.docx,.docx,SMQ BIBLES\NSMQ 2014\CONTEST 17.docx,19168,4,SMQ BIBLES\NSMQ 2014 Questions\Copy of CONTEST 17.docx | SMQ BIBLES\NSMQ 2014\CHEMISTRY\CONTEST 17.docx | SMQ BIBLES\NSMQ 2014\CHEMISTRY\Chemistry Questions\Quiz 2014 Nat Prelim\CONTEST 17.docx | SMQ BIBLES\NSMQ 2014\CONTEST 17.docx
872585df18bc430820e12a5c20bb7c008b37a260c9ecf0c048c95c2f06eec729,loose_file,CONTEST 18.docx,.docx,SMQ BIBLES\NSMQ 2014\CONTEST 18.docx,18264,4,SMQ BIBLES\NSMQ 2014 Questions\Copy of CONTEST 18.docx | SMQ BIBLES\NSMQ 2014\CHEMISTRY\CONTEST 18.docx | SMQ BIBLES\NSMQ 2014\CHEMISTRY\Chemistry Questions\Quiz 2014 Nat Prelim\CONTEST 18.docx | SMQ BIBLES\NSMQ 2014\CONTEST 18.docx
9be8d542f204def2c03bf3b8db3dc53d7e9a98ef998a3c5f4f0f73eaf20bc631,loose_file,CONTEST 19.docx,.docx,SMQ BIBLES\NSMQ 2014\CONTEST 19.docx,17142,3,SMQ BIBLES\NSMQ 2014 Questions\Copy of CONTEST 19.docx | SMQ BIBLES\NSMQ 2014\CHEMISTRY\CONTEST 19.docx | SMQ BIBLES\NSMQ 2014\CONTEST 19.docx
d3d402c89c60ffbfcf1bccb05497ff5243c71b299f9cf59586bde79bc8bd0f83,loose_file,CONTEST 2.doc,.doc,SMQ BIBLES\NSMQ 2014\CONTEST 2.doc,307712,3,SMQ BIBLES\NSMQ 2014 Questions\Copy of CONTEST 2.doc | SMQ BIBLES\NSMQ 2014\CHEMISTRY\CONTEST 2.doc | SMQ BIBLES\NSMQ 2014\CONTEST 2.doc
34e9379c167bb5f35fa740fb6ff6fdc0d030f34cd251f8b8362dadf72897543c,loose_file,CONTEST 20.docx,.docx,SMQ BIBLES\NSMQ 2014\CONTEST 20.docx,17806,4,SMQ BIBLES\NSMQ 2014 Questions\Copy of CONTEST 20.docx | SMQ BIBLES\NSMQ 2014\CHEMISTRY\CONTEST 20.docx | SMQ BIBLES\NSMQ 2014\CHEMISTRY\Chemistry Questions\Quiz 2014 Nat Prelim\CONTEST 20.docx | SMQ BIBLES\NSMQ 2014\CONTEST 20.docx
31e1d7a8cf3a48241d1d3127fa7588694925324f53211e023bb9b98fc678f2fd,loose_file,CONTEST 21.docx,.docx,SMQ BIBLES\NSMQ 2014\CONTEST 21.docx,18543,4,SMQ BIBLES\NSMQ 2014 Questions\Copy of CONTEST 21.docx | SMQ BIBLES\NSMQ 2014\CHEMISTRY\CONTEST 21.docx | SMQ BIBLES\NSMQ 2014\CHEMISTRY\Chemistry Questions\Quiz 2014 Nat Prelim\CONTEST 21.docx | SMQ BIBLES\NSMQ 2014\CONTEST 21.docx
22ce42f83df3222970a165abfe035e6b2d55bf6202b6c87aec548f8d36a89c38,loose_file,CONTEST 22.docx,.docx,SMQ BIBLES\NSMQ 2014\CONTEST 22.docx,17921,4,SMQ BIBLES\NSMQ 2014 Questions\Copy of CONTEST 22.docx | SMQ BIBLES\NSMQ 2014\CHEMISTRY\CONTEST 22.docx | SMQ BIBLES\NSMQ 2014\CHEMISTRY\Chemistry Questions\Quiz 2014 Nat Prelim\CONTEST 22.docx | SMQ BIBLES\NSMQ 2014\CONTEST 22.docx
ed08f75fe574ed28bdac2cb185bbea57cf38cd478d13d84dbfd79ae7239f8365,loose_file,CONTEST 23.docx,.docx,SMQ BIBLES\NSMQ 2014\CONTEST 23.docx,18558,4,SMQ BIBLES\NSMQ 2014 Questions\Copy of CONTEST 23.docx | SMQ BIBLES\NSMQ 2014\CHEMISTRY\CONTEST 23.docx | SMQ BIBLES\NSMQ 2014\CHEMISTRY\Chemistry Questions\Quiz 2014 Nat Prelim\CONTEST 23.docx | SMQ BIBLES\NSMQ 2014\CONTEST 23.docx
3ae85e50aa78c2f190185477dfbeb2b5920fe84db123dce1d7e28fe31d1fffe6,loose_file,CONTEST 24.docx,.docx,SMQ BIBLES\NSMQ 2014\CONTEST 24.docx,17795,4,SMQ BIBLES\NSMQ 2014 Questions\Copy of CONTEST 24.docx | SMQ BIBLES\NSMQ 2014\CHEMISTRY\CONTEST 24.docx | SMQ BIBLES\NSMQ 2014\CHEMISTRY\Chemistry Questions\Quiz 2014 Nat Prelim\CONTEST 24.docx | SMQ BIBLES\NSMQ 2014\CONTEST 24.docx
651016885e8655789a72fbddd430c84e1713bdc6b8d8062b6c5d39030ddda406,loose_file,CONTEST 25.docx,.docx,SMQ BIBLES\NSMQ 2014\CONTEST 25.docx,18663,4,SMQ BIBLES\NSMQ 2014 Questions\Copy of CONTEST 25.docx | SMQ BIBLES\NSMQ 2014\CHEMISTRY\CONTEST 25.docx | SMQ BIBLES\NSMQ 2014\CHEMISTRY\Chemistry Questions\Quiz 2014 Nat Prelim\CONTEST 25.docx | SMQ BIBLES\NSMQ 2014\CONTEST 25.docx
1310af1eb540997e2ddc0b19550737cff9315f5ad76d773c5f581d9fbf872da2,loose_file,CONTEST 26.docx,.docx,SMQ BIBLES\NSMQ 2014\CONTEST 26.docx,21526,4,SMQ BIBLES\NSMQ 2014 Questions\Copy of CONTEST 26.docx | SMQ BIBLES\NSMQ 2014\CHEMISTRY\CONTEST 26.docx | SMQ BIBLES\NSMQ 2014\CHEMISTRY\Chemistry Questions\Quiz 2014 Nat Prelim\CONTEST 26.docx | SMQ BIBLES\NSMQ 2014\CONTEST 26.docx
085743c6d169bb38ab32ac9c430d798c036c96fc024dc66e988d6cfc70284d71,loose_file,CONTEST 27.docx,.docx,SMQ BIBLES\NSMQ 2014\CONTEST 27.docx,20104,4,SMQ BIBLES\NSMQ 2014 Questions\Copy of CONTEST 27.docx | SMQ BIBLES\NSMQ 2014\CHEMISTRY\CONTEST 27.docx | SMQ BIBLES\NSMQ 2014\CHEMISTRY\Chemistry Questions\Quiz 2014 Nat Prelim\CONTEST 27.docx | SMQ BIBLES\NSMQ 2014\CONTEST 27.docx
b0a74a08490d56202310bce543d7980a884e89c59102227688a961129825f278,loose_file,CONTEST 28.docx,.docx,SMQ BIBLES\NSMQ 2014\CONTEST 28.docx,35211,3,SMQ BIBLES\NSMQ 2014 Questions\Copy of CONTEST 28.docx | SMQ BIBLES\NSMQ 2014\CHEMISTRY\CONTEST 28.docx | SMQ BIBLES\NSMQ 2014\CONTEST 28.docx
d537395c9bad5568881f9e9948ab5463d23b26120ca46ba0caa5f593d2a78944,loose_file,CONTEST 29.docx,.docx,SMQ BIBLES\NSMQ 2014\CONTEST 29.docx,51007,3,SMQ BIBLES\NSMQ 2014 Questions\Copy of CONTEST 29.docx | SMQ BIBLES\NSMQ 2014\CHEMISTRY\CONTEST 29.docx | SMQ BIBLES\NSMQ 2014\CONTEST 29.docx
a005abe2517195bfdb754fbaf5f372df45d6b43cdd05073bf0737ef043449641,loose_file,CONTEST 3.docx,.docx,SMQ BIBLES\NSMQ 2014\CONTEST 3.docx,18131,4,SMQ BIBLES\NSMQ 2014 Questions\Copy of CONTEST 3.docx | SMQ BIBLES\NSMQ 2014\CHEMISTRY\CONTEST 3.docx | SMQ BIBLES\NSMQ 2014\CHEMISTRY\Chemistry Questions\Quiz 2014 Nat Prelim\CONTEST 3.docx | SMQ BIBLES\NSMQ 2014\CONTEST 3.docx
03c0c9a550df985dc3a6a82e7fa1b8bb567bb800ba0f7debe30379124e59cf93,loose_file,CONTEST 30.docx,.docx,SMQ BIBLES\NSMQ 2014\CONTEST 30.docx,59407,3,SMQ BIBLES\NSMQ 2014 Questions\Copy of CONTEST 30.docx | SMQ BIBLES\NSMQ 2014\CHEMISTRY\CONTEST 30.docx | SMQ BIBLES\NSMQ 2014\CONTEST 30.docx
ad9ae7a21c1f1b1ec88744b61543a4b1b34832b8f408abaacb346426e92afb9a,loose_file,CONTEST 31.docx,.docx,SMQ BIBLES\NSMQ 2014\CONTEST 31.docx,46338,3,SMQ BIBLES\NSMQ 2014 Questions\Copy of CONTEST 31.docx | SMQ BIBLES\NSMQ 2014\CHEMISTRY\CONTEST 31.docx | SMQ BIBLES\NSMQ 2014\CONTEST 31.docx
c1aca3e009e155f4879a5005717849e4574aeb2cc513f58f651b3c65cf6117fc,loose_file,CONTEST 32.docx,.docx,SMQ BIBLES\NSMQ 2014\CONTEST 32.docx,46410,3,SMQ BIBLES\NSMQ 2014 Questions\Copy of CONTEST 32.docx | SMQ BIBLES\NSMQ 2014\CHEMISTRY\CONTEST 32.docx | SMQ BIBLES\NSMQ 2014\CONTEST 32.docx
22a6b8786fa9e6fea0dc28f821d515fa0e2a533c4510f13fe050d33ad9b12b50,loose_file,CONTEST 33.docx,.docx,SMQ BIBLES\NSMQ 2014\CONTEST 33.docx,30344,3,SMQ BIBLES\NSMQ 2014 Questions\Copy of CONTEST 33.docx | SMQ BIBLES\NSMQ 2014\CHEMISTRY\CONTEST 33.docx | SMQ BIBLES\NSMQ 2014\CONTEST 33.docx
3ffd78f601e1461f4edd4dd4c756fc8d87f34c72298ede40b3c77d0a3f6f2a66,loose_file,CONTEST 34.docx,.docx,SMQ BIBLES\NSMQ 2014\CONTEST 34.docx,48683,3,SMQ BIBLES\NSMQ 2014 Questions\Copy of CONTEST 34.docx | SMQ BIBLES\NSMQ 2014\CHEMISTRY\CONTEST 34.docx | SMQ BIBLES\NSMQ 2014\CONTEST 34.docx
13d79d210bb04640ccde7ea5d1106b7b479d4577134dd5a65c2c7170fd5dec4b,loose_file,CONTEST 35.docx,.docx,SMQ BIBLES\NSMQ 2014\CONTEST 35.docx,37792,3,SMQ BIBLES\NSMQ 2014 Questions\Copy of CONTEST 35.docx | SMQ BIBLES\NSMQ 2014\CHEMISTRY\CONTEST 35.docx | SMQ BIBLES\NSMQ 2014\CONTEST 35.docx
368169c981eddc4bfdd5e268b057e90aa7f8b8c581953fa8334a960a14f79d0e,loose_file,CONTEST 36.docx,.docx,SMQ BIBLES\NSMQ 2014\CONTEST 36.docx,49251,3,SMQ BIBLES\NSMQ 2014 Questions\Copy of CONTEST 36.docx | SMQ BIBLES\NSMQ 2014\CHEMISTRY\CONTEST 36.docx | SMQ BIBLES\NSMQ 2014\CONTEST 36.docx
244197cfb9a96978d98e197c183905b2a3173546cc2efa03288db62357b2cffc,loose_file,CONTEST 37.docx,.docx,SMQ BIBLES\NSMQ 2014\CONTEST 37.docx,78004,3,SMQ BIBLES\NSMQ 2014 Questions\Copy of CONTEST 37.docx | SMQ BIBLES\NSMQ 2014\CHEMISTRY\CONTEST 37.docx | SMQ BIBLES\NSMQ 2014\CONTEST 37.docx
5c68a9f217060f96c88e1d652c903e6e27ca1d06e8c788a5eb95fa0f3360f046,loose_file,CONTEST 38.docx,.docx,SMQ BIBLES\NSMQ 2014\CONTEST 38.docx,34505,3,SMQ BIBLES\NSMQ 2014 Questions\Copy of CONTEST 38.docx | SMQ BIBLES\NSMQ 2014\CHEMISTRY\CONTEST 38.docx | SMQ BIBLES\NSMQ 2014\CONTEST 38.docx
c4dd2904ac459cca81fc003715185c5bad89bc09ee1416cf60d85ee415b27ea8,loose_file,CONTEST 39.docx,.docx,SMQ BIBLES\NSMQ 2014\CONTEST 39.docx,61501,3,SMQ BIBLES\NSMQ 2014 Questions\Copy of CONTEST 39.docx | SMQ BIBLES\NSMQ 2014\CHEMISTRY\CONTEST 39.docx | SMQ BIBLES\NSMQ 2014\CONTEST 39.docx
703d9278e82fee232402bacaa97df91994c95de504c8039ec57160bc73b38ae6,loose_file,CONTEST 4.doc,.doc,SMQ BIBLES\NSMQ 2014\CONTEST 4.doc,176640,3,SMQ BIBLES\NSMQ 2014 Questions\Copy of CONTEST 4.doc | SMQ BIBLES\NSMQ 2014\CHEMISTRY\CONTEST 4.doc | SMQ BIBLES\NSMQ 2014\CONTEST 4.doc
0bb2efe14a8764bd7696625c096d496b448430ddaf3bfef1a119dd5847fe8047,loose_file,CONTEST 40.docx,.docx,SMQ BIBLES\NSMQ 2014\CONTEST 40.docx,61220,3,SMQ BIBLES\NSMQ 2014 Questions\Copy of CONTEST 40.docx | SMQ BIBLES\NSMQ 2014\CHEMISTRY\CONTEST 40.docx | SMQ BIBLES\NSMQ 2014\CONTEST 40.docx
155316665832a72050aaf86ef6f04ce82aa4efb53f4042fc16e11c364b9d480e,loose_file,CONTEST 41.docx,.docx,SMQ BIBLES\NSMQ 2014\CONTEST 41.docx,45480,3,SMQ BIBLES\NSMQ 2014 Questions\Copy of CONTEST 41.docx | SMQ BIBLES\NSMQ 2014\CHEMISTRY\CONTEST 41.docx | SMQ BIBLES\NSMQ 2014\CONTEST 41.docx
6c872f96b125fddff71fb55b6fabff7fb34388f0a19119abec82191e88c5ef44,loose_file,CONTEST 42.docx,.docx,SMQ BIBLES\NSMQ 2014\CONTEST 42.docx,38087,3,SMQ BIBLES\NSMQ 2014 Questions\Copy of CONTEST 42.docx | SMQ BIBLES\NSMQ 2014\CHEMISTRY\CONTEST 42.docx | SMQ BIBLES\NSMQ 2014\CONTEST 42.docx
30625fac62c3230ada0647bc9a418a117a48a238b1527db5be5de81e0a0d058f,loose_file,CONTEST 43.docx,.docx,SMQ BIBLES\NSMQ 2014\CONTEST 43.docx,39987,3,SMQ BIBLES\NSMQ 2014 Questions\Copy of CONTEST 43.docx | SMQ BIBLES\NSMQ 2014\CHEMISTRY\CONTEST 43.docx | SMQ BIBLES\NSMQ 2014\CONTEST 43.docx
35e1decae5c6e3a63d01e562064cb3beded24f3b3e58ff93962291c8c5f38139,loose_file,CONTEST 44.docx,.docx,SMQ BIBLES\NSMQ 2014\CONTEST 44.docx,48530,3,SMQ BIBLES\NSMQ 2014 Questions\Copy of CONTEST 44.docx | SMQ BIBLES\NSMQ 2014\CHEMISTRY\CONTEST 44.docx | SMQ BIBLES\NSMQ 2014\CONTEST 44.docx
9e3bd1a4a66b4179aeb435119483bcb2823de826b47f2fa6a1bf3318fc5dceda,loose_file,CONTEST 45.docx,.docx,SMQ BIBLES\NSMQ 2014\CONTEST 45.docx,35913,3,SMQ BIBLES\NSMQ 2014 Questions\Copy of CONTEST 45.docx | SMQ BIBLES\NSMQ 2014\CHEMISTRY\CONTEST 45.docx | SMQ BIBLES\NSMQ 2014\CONTEST 45.docx
e8883c27030f0ba4b8f12786ea7b9cb6f12451a8c416bec3d04d71d7ddff866b,loose_file,CONTEST 46.docx,.docx,SMQ BIBLES\NSMQ 2014\CONTEST 46.docx,40036,3,SMQ BIBLES\NSMQ 2014 Questions\Copy of CONTEST 46.docx | SMQ BIBLES\NSMQ 2014\CHEMISTRY\CONTEST 46.docx | SMQ BIBLES\NSMQ 2014\CONTEST 46.docx
eba8b88771c1cf97c433be4e23cc4540ce9a765cf46c11ad85d1aedf36625838,loose_file,CONTEST 47.docx,.docx,SMQ BIBLES\NSMQ 2014\CONTEST 47.docx,82008,3,SMQ BIBLES\NSMQ 2014 Questions\Copy of CONTEST 47.docx | SMQ BIBLES\NSMQ 2014\CHEMISTRY\CONTEST 47.docx | SMQ BIBLES\NSMQ 2014\CONTEST 47.docx
c610a2e86308d3bf6968a4f88daeaae6ec10016bf5152bf9d60ea71992c97333,loose_file,CONTEST 48.docx,.docx,SMQ BIBLES\NSMQ 2014\CONTEST 48.docx,40496,3,SMQ BIBLES\NSMQ 2014 Questions\Copy of CONTEST 48.docx | SMQ BIBLES\NSMQ 2014\CHEMISTRY\CONTEST 48.docx | SMQ BIBLES\NSMQ 2014\CONTEST 48.docx
accb87c01424a1f1b2fd2e1eb53321308c25a4c65a5d31f8a96252517bd67d51,loose_file,CONTEST 49.docx,.docx,SMQ BIBLES\NSMQ 2014\CONTEST 49.docx,54402,3,SMQ BIBLES\NSMQ 2014 Questions\Copy of CONTEST 49.docx | SMQ BIBLES\NSMQ 2014\CHEMISTRY\CONTEST 49.docx | SMQ BIBLES\NSMQ 2014\CONTEST 49.docx
5b04e66e333ce9a6262bb0b78f07e882a10233c9743663dea39f07c6c230da9f,loose_file,CONTEST 5.docx,.docx,SMQ BIBLES\NSMQ 2014\CONTEST 5.docx,19189,4,SMQ BIBLES\NSMQ 2014 Questions\Copy of CONTEST 5.docx | SMQ BIBLES\NSMQ 2014\CHEMISTRY\CONTEST 5.docx | SMQ BIBLES\NSMQ 2014\CHEMISTRY\Chemistry Questions\Quiz 2014 Nat Prelim\CONTEST 5.docx | SMQ BIBLES\NSMQ 2014\CONTEST 5.docx
e9133c22e3411d08812ae4eea020e39b8b39a54f966a56182e20760ac1f63096,loose_file,CONTEST 50.docx,.docx,SMQ BIBLES\NSMQ 2014\CONTEST 50.docx,52330,3,SMQ BIBLES\NSMQ 2014 Questions\Copy of CONTEST 50.docx | SMQ BIBLES\NSMQ 2014\CHEMISTRY\CONTEST 50.docx | SMQ BIBLES\NSMQ 2014\CONTEST 50.docx
74066e19035779ffd2e3191d327fa0c3cae8ec9e525bc02d1f5d46a0c3587d9d,loose_file,CONTEST 51.docx,.docx,SMQ BIBLES\NSMQ 2014\CONTEST 51.docx,57747,3,SMQ BIBLES\NSMQ 2014 Questions\Copy of CONTEST 51.docx | SMQ BIBLES\NSMQ 2014\CHEMISTRY\CONTEST 51.docx | SMQ BIBLES\NSMQ 2014\CONTEST 51.docx
4e197bfc96689e2c5f4dcec22ef7efa55f3449708c15c342b4820b98935166c3,loose_file,CONTEST 52.docx,.docx,SMQ BIBLES\NSMQ 2014\CONTEST 52.docx,54548,3,SMQ BIBLES\NSMQ 2014 Questions\Copy of CONTEST 52.docx | SMQ BIBLES\NSMQ 2014\CHEMISTRY\CONTEST 52.docx | SMQ BIBLES\NSMQ 2014\CONTEST 52.docx
0903cdc11cb5e8f4fe304430e60631c2dccdc02a0481e81d962f5b7886fb8370,loose_file,CONTEST 53.docx,.docx,SMQ BIBLES\NSMQ 2014\CONTEST 53.docx,48644,3,SMQ BIBLES\NSMQ 2014 Questions\Copy of CONTEST 53.docx | SMQ BIBLES\NSMQ 2014\CHEMISTRY\CONTEST 53.docx | SMQ BIBLES\NSMQ 2014\CONTEST 53.docx
1a4f400e8c8590f12e473c65d1009f3ccffcabf6226c52eb896c5ca42df07fa8,loose_file,CONTEST 54.docx,.docx,SMQ BIBLES\NSMQ 2014\CONTEST 54.docx,31280,3,SMQ BIBLES\NSMQ 2014 Questions\Copy of CONTEST 54.docx | SMQ BIBLES\NSMQ 2014\CHEMISTRY\CONTEST 54.docx | SMQ BIBLES\NSMQ 2014\CONTEST 54.docx
d3d7b31212fbe4fb333847184833e6f5760b6620f61ac12140fbf166084bad06,loose_file,CONTEST 55.docx,.docx,SMQ BIBLES\NSMQ 2014\CONTEST 55.docx,28088,3,SMQ BIBLES\NSMQ 2014 Questions\Copy of CONTEST 55.docx | SMQ BIBLES\NSMQ 2014\CHEMISTRY\CONTEST 55.docx | SMQ BIBLES\NSMQ 2014\CONTEST 55.docx
b7d566c178dac0c218c57cab90f888cbb0f40a4bd718e32ac18abef65bd996de,loose_file,CONTEST 56.docx,.docx,SMQ BIBLES\NSMQ 2014\CONTEST 56.docx,50126,3,SMQ BIBLES\NSMQ 2014 Questions\Copy of CONTEST 56.docx | SMQ BIBLES\NSMQ 2014\CHEMISTRY\CONTEST 56.docx | SMQ BIBLES\NSMQ 2014\CONTEST 56.docx
a916e27a475e1eed1fb95426731b0c6b584db1add7f9ba94bea5b1c652ce4eb2,loose_file,CONTEST 57.docx,.docx,SMQ BIBLES\NSMQ 2014\CONTEST 57.docx,41049,3,SMQ BIBLES\NSMQ 2014 Questions\Copy of CONTEST 57.docx | SMQ BIBLES\NSMQ 2014\CHEMISTRY\CONTEST 57.docx | SMQ BIBLES\NSMQ 2014\CONTEST 57.docx
a6928ca4845a658a4b3b687e349a1c49578d4d66f6f195f28dded185607b1e9d,loose_file,CONTEST 58.docx,.docx,SMQ BIBLES\NSMQ 2014\CONTEST 58.docx,64629,3,SMQ BIBLES\NSMQ 2014 Questions\Copy of CONTEST 58.docx | SMQ BIBLES\NSMQ 2014\CHEMISTRY\CONTEST 58.docx | SMQ BIBLES\NSMQ 2014\CONTEST 58.docx
aef878d042b4ae57623729cc478df235e1c07106e1150ace19cf0aeace0406a2,loose_file,CONTEST 59.docx,.docx,SMQ BIBLES\NSMQ 2014\CONTEST 59.docx,59672,3,SMQ BIBLES\NSMQ 2014 Questions\Copy of CONTEST 59.docx | SMQ BIBLES\NSMQ 2014\CHEMISTRY\CONTEST 59.docx | SMQ BIBLES\NSMQ 2014\CONTEST 59.docx
0a72b5ba8a9f6bc0386388bff139a5f08f1ae1e73bb2144cf8fb5596135ac017,loose_file,CONTEST 6.docx,.docx,SMQ BIBLES\NSMQ 2014\CONTEST 6.docx,17841,4,SMQ BIBLES\NSMQ 2014 Questions\Copy of CONTEST 6.docx | SMQ BIBLES\NSMQ 2014\CHEMISTRY\CONTEST 6.docx | SMQ BIBLES\NSMQ 2014\CHEMISTRY\Chemistry Questions\Quiz 2014 Nat Prelim\CONTEST 6.docx | SMQ BIBLES\NSMQ 2014\CONTEST 6.docx
43d86f22987a3ebea2293b32279ebb47d245576f9d00fa9e1f285b47c33e4f1c,loose_file,CONTEST 60.docx,.docx,SMQ BIBLES\NSMQ 2014\CONTEST 60.docx,49054,3,SMQ BIBLES\NSMQ 2014 Questions\Copy of CONTEST 60.docx | SMQ BIBLES\NSMQ 2014\CHEMISTRY\CONTEST 60.docx | SMQ BIBLES\NSMQ 2014\CONTEST 60.docx
981563f989d449d4b0e66862641d1fb35eeccce43bf1fcd2465d1cce5470a9a2,loose_file,CONTEST 61.docx,.docx,SMQ BIBLES\NSMQ 2014\CONTEST 61.docx,59835,3,SMQ BIBLES\NSMQ 2014 Questions\Copy of CONTEST 61.docx | SMQ BIBLES\NSMQ 2014\CHEMISTRY\CONTEST 61.docx | SMQ BIBLES\NSMQ 2014\CONTEST 61.docx
1bd0e486309562eec9f630b7a5af7eb4cb9d5a4d4c4cc5f07d71e64aabb6ff86,loose_file,CONTEST 62.docx,.docx,SMQ BIBLES\NSMQ 2014\CONTEST 62.docx,53278,3,SMQ BIBLES\NSMQ 2014 Questions\Copy of CONTEST 62.docx | SMQ BIBLES\NSMQ 2014\CHEMISTRY\CONTEST 62.docx | SMQ BIBLES\NSMQ 2014\CONTEST 62.docx
032f4b000530f427892e6cdd53a5b3e8c036f58f59453b6cfa9bb1aee79a0f44,loose_file,CONTEST 63.docx,.docx,SMQ BIBLES\NSMQ 2014\CONTEST 63.docx,31518,3,SMQ BIBLES\NSMQ 2014 Questions\Copy of CONTEST 63.docx | SMQ BIBLES\NSMQ 2014\CHEMISTRY\CONTEST 63.docx | SMQ BIBLES\NSMQ 2014\CONTEST 63.docx
852585f80c7c93f9c657991711b945b4be5d6943bdd2e06f37429c8793504674,loose_file,CONTEST 64.docx,.docx,SMQ BIBLES\NSMQ 2014\CONTEST 64.docx,55128,3,SMQ BIBLES\NSMQ 2014 Questions\Copy of CONTEST 64.docx | SMQ BIBLES\NSMQ 2014\CHEMISTRY\CONTEST 64.docx | SMQ BIBLES\NSMQ 2014\CONTEST 64.docx
77c52378d8aa297ef9260481c368c648b941fafb7c461c81cfed2156115f279b,loose_file,CONTEST 65.docx,.docx,SMQ BIBLES\NSMQ 2014\CONTEST 65.docx,67476,3,SMQ BIBLES\NSMQ 2014 Questions\Copy of CONTEST 65.docx | SMQ BIBLES\NSMQ 2014\CHEMISTRY\CONTEST 65.docx | SMQ BIBLES\NSMQ 2014\CONTEST 65.docx
b7116bb8e43b20e2703d9247468e9031d5ef0e254913710c6b22d032f7a87d4f,loose_file,CONTEST 66.docx,.docx,SMQ BIBLES\NSMQ 2014\CONTEST 66.docx,80396,3,SMQ BIBLES\NSMQ 2014 Questions\Copy of CONTEST 66.docx | SMQ BIBLES\NSMQ 2014\CHEMISTRY\CONTEST 66.docx | SMQ BIBLES\NSMQ 2014\CONTEST 66.docx
771ec5563f9eecf034519a746a1ac76a33ce5b5eeca10683b73b31cf258033a7,loose_file,CONTEST 67.docx,.docx,SMQ BIBLES\NSMQ 2014\CONTEST 67.docx,62482,3,SMQ BIBLES\NSMQ 2014 Questions\Copy of CONTEST 67.docx | SMQ BIBLES\NSMQ 2014\CHEMISTRY\CONTEST 67.docx | SMQ BIBLES\NSMQ 2014\CONTEST 67.docx
05144808d3cb046d2b0fbcf6542b005f039ba4a02a3e1dbcf9752385988937c4,loose_file,CONTEST 7.docx,.docx,SMQ BIBLES\NSMQ 2014\CONTEST 7.docx,17741,4,SMQ BIBLES\NSMQ 2014 Questions\Copy of CONTEST 7.docx | SMQ BIBLES\NSMQ 2014\CHEMISTRY\CONTEST 7.docx | SMQ BIBLES\NSMQ 2014\CHEMISTRY\Chemistry Questions\Quiz 2014 Nat Prelim\CONTEST 7.docx | SMQ BIBLES\NSMQ 2014\CONTEST 7.docx
e3652a3fda0eb8d035def54797c661b94d482c7871d329bbeaf847bb1f549cfd,loose_file,CONTEST 8.docx,.docx,SMQ BIBLES\NSMQ 2014\CONTEST 8.docx,17939,4,SMQ BIBLES\NSMQ 2014 Questions\Copy of CONTEST 8.docx | SMQ BIBLES\NSMQ 2014\CHEMISTRY\CONTEST 8.docx | SMQ BIBLES\NSMQ 2014\CHEMISTRY\Chemistry Questions\Quiz 2014 Nat Prelim\CONTEST 8.docx | SMQ BIBLES\NSMQ 2014\CONTEST 8.docx
8429a3cc6050df7c67dad1b25a63b8bacbbcaca4318ba8e54e9de8e59c5d6c09,loose_file,CONTEST 9.docx,.docx,SMQ BIBLES\NSMQ 2014\CONTEST 9.docx,17303,4,SMQ BIBLES\NSMQ 2014 Questions\Copy of CONTEST 9.docx | SMQ BIBLES\NSMQ 2014\CHEMISTRY\CONTEST 9.docx | SMQ BIBLES\NSMQ 2014\CHEMISTRY\Chemistry Questions\Quiz 2014 Nat Prelim\CONTEST 9.docx | SMQ BIBLES\NSMQ 2014\CONTEST 9.docx
89a45a4358be2b94570fbe560cd21d70ae68143505fead5a8b529afc6db9330d,loose_file,CONTESTS 11-20.docx,.docx,SMQ BIBLES\NSMQ 2014\MATHEMATICS\CONTESTS 11-20.docx,27629,1,SMQ BIBLES\NSMQ 2014\MATHEMATICS\CONTESTS 11-20.docx
90a92d5051ae55f9ab18eab2b5267b563005943422d6656721bba1e5ae799f24,loose_file,CONTESTS 21 - 27.docx,.docx,SMQ BIBLES\NSMQ 2014\MATHEMATICS\CONTESTS 21 - 27.docx,579293,1,SMQ BIBLES\NSMQ 2014\MATHEMATICS\CONTESTS 21 - 27.docx
3e53b7b171a740acb7092ff307a24f1613a61a2f806434dd1be8126143980b34,loose_file,CONTESTS 28 -37.docx,.docx,SMQ BIBLES\NSMQ 2014\MATHEMATICS\CONTESTS 28 -37.docx,167934,2,SMQ BIBLES\NSMQ 2014\MATHEMATICS\CONTESTS 28 -37.docx | SMQ BIBLES\NSMQ 2014\Maths\Main Questions\CONTESTS 28 -37.docx
51c3cf04cef31d298ee6d1317f069dc0d43f0238ceee5f008d515de7149e28c1,loose_file,CONTESTS 58-67.docx,.docx,SMQ BIBLES\NSMQ 2014\MATHEMATICS\CONTESTS 58-67.docx,321561,2,SMQ BIBLES\NSMQ 2014\MATHEMATICS\CONTESTS 58-67.docx | SMQ BIBLES\NSMQ 2014\Maths\Main Questions\CONTESTS 58-67.docx
11d7e324cadccd1de80c27de339626ac4f223fdadf2498df2b1813e20e1c8f14,loose_file,RIDDLES FOR CONTEST 1 - 27.docx,.docx,SMQ BIBLES\NSMQ 2014\MATHEMATICS\RIDDLES FOR CONTEST 1 - 27.docx,20091,2,SMQ BIBLES\NSMQ 2014\MATHEMATICS\RIDDLES FOR CONTEST 1 - 27.docx | SMQ BIBLES\NSMQ 2014\Maths\Main Questions\RIDDLES FOR CONTEST 1 - 27.docx
3d39884015b2ca6fa582999ee17939023eb3eb60338255b556c86c050599e8d9,loose_file,CONTESTS 11-20.docx,.docx,SMQ BIBLES\NSMQ 2014\Maths\Main Questions\CONTESTS 11-20.docx,576287,1,SMQ BIBLES\NSMQ 2014\Maths\Main Questions\CONTESTS 11-20.docx
5065bc5a1313fcce9bc19e0395e24b45d82a11f92f11c499bd8a07fd6b603049,loose_file,Round 1 - Physics 2014(1).docx,.docx,SMQ BIBLES\NSMQ 2014\PHYSICS\Round 1 - Physics 2014(1).docx,222773,2,SMQ BIBLES\NSMQ 2014\PHYSICS\Round 1 - Physics 2014(1).docx | SMQ BIBLES\NSMQ 2014\PHYSICS\Round 1 - Physics 2014.docx
3060fd9dc3f460e81cb47352eb61186c9acfd054f14630983589cddd7579d881,loose_file,Round 2 - Physics 2014(1).docx,.docx,SMQ BIBLES\NSMQ 2014\PHYSICS\Round 2 - Physics 2014(1).docx,614539,1,SMQ BIBLES\NSMQ 2014\PHYSICS\Round 2 - Physics 2014(1).docx
0a5e8d0053980d38ec28c0571072e6adff208f0ac1aba1714310452d9aab2a80,loose_file,Round 2 - Physics 2014.docx,.docx,SMQ BIBLES\NSMQ 2014\PHYSICS\Round 2 - Physics 2014.docx,72228,1,SMQ BIBLES\NSMQ 2014\PHYSICS\Round 2 - Physics 2014.docx
0068bcb447356a176a295cdea8fc761f2ac66e95ebd6adec1704577e05729e95,loose_file,Round 3 - Physics 2014(1).docx,.docx,SMQ BIBLES\NSMQ 2014\PHYSICS\Round 3 - Physics 2014(1).docx,68856,2,SMQ BIBLES\NSMQ 2014\PHYSICS\Round 3 - Physics 2014(1).docx | SMQ BIBLES\NSMQ 2014\PHYSICS\Round 3 - Physics 2014.docx
29f0a21b430de23e2620fa676b0b830b9269a1b46b05d7ee6cdeae3921c997bf,loose_file,Round 4 - Physics 2014(1).docx,.docx,SMQ BIBLES\NSMQ 2014\PHYSICS\Round 4 - Physics 2014(1).docx,43811,2,SMQ BIBLES\NSMQ 2014\PHYSICS\Round 4 - Physics 2014(1).docx | SMQ BIBLES\NSMQ 2014\PHYSICS\Round 4 - Physics 2014.docx
f95bcc8c1f4bf3aa843d6bc218374b969a12aee4193d1c7de9029bfbc6975ee6,loose_file,CONTEST 01.doc,.doc,SMQ BIBLES\NSMQ 2015 Questions\CONTEST 01.doc,164357,1,SMQ BIBLES\NSMQ 2015 Questions\CONTEST 01.doc
db5abea390880fdf98731fa6a4a450f3914c44908aaef9da5929cf511b119d12,loose_file,CONTEST 02 (2).doc,.doc,SMQ BIBLES\NSMQ 2015 Questions\CONTEST 02 (2).doc,360960,1,SMQ BIBLES\NSMQ 2015 Questions\CONTEST 02 (2).doc
41c9bf1615975842bdc5699a59ca3543f84f1b451ccfd30ff5e34db57e509366,loose_file,CONTEST 02.docx,.docx,SMQ BIBLES\NSMQ 2015 Questions\CONTEST 02.docx,29200,1,SMQ BIBLES\NSMQ 2015 Questions\CONTEST 02.docx
41b3d228b029ce9ef6ea79f649e5063a5ff7e6bff80679b01b28d9dab0d59e18,loose_file,CONTEST 03.doc,.doc,SMQ BIBLES\NSMQ 2015 Questions\CONTEST 03.doc,391168,1,SMQ BIBLES\NSMQ 2015 Questions\CONTEST 03.doc
1a8eba9f746ff232bc8a909603498a7121ca1bed1160b6b74f37c0f5fd06d13d,loose_file,CONTEST 04.docx,.docx,SMQ BIBLES\NSMQ 2015 Questions\CONTEST 04.docx,29492,1,SMQ BIBLES\NSMQ 2015 Questions\CONTEST 04.docx
342d1126bc9dedea185c051d190adee9f8df4c0e9fe7050f2fe59bad61a72f0f,loose_file,CONTEST 05.docx,.docx,SMQ BIBLES\NSMQ 2015 Questions\CONTEST 05.docx,31919,1,SMQ BIBLES\NSMQ 2015 Questions\CONTEST 05.docx
f1165fd101515cd5858ba0dc67796a753bb8830e4c71f2b3a344d4ec427397b4,loose_file,CONTEST 06.docx,.docx,SMQ BIBLES\NSMQ 2015 Questions\CONTEST 06.docx,28222,1,SMQ BIBLES\NSMQ 2015 Questions\CONTEST 06.docx
47bc32fc4f2c4768cac1c6b86f046ff81ab544194485872937e32d83b85e2d7e,loose_file,CONTEST 07.docx,.docx,SMQ BIBLES\NSMQ 2015 Questions\CONTEST 07.docx,26877,1,SMQ BIBLES\NSMQ 2015 Questions\CONTEST 07.docx
bda85f3bb2efa96729e54cab0e90c9038be6fcdf206a05e50a4880f86549814e,loose_file,CONTEST 08.doc,.doc,SMQ BIBLES\NSMQ 2015 Questions\CONTEST 08.doc,458752,1,SMQ BIBLES\NSMQ 2015 Questions\CONTEST 08.doc
847b947e8e98804df8186a1ab31bcf5c95fcd4ecc619c816dc15f9ceb259e86b,loose_file,CONTEST 09.docx,.docx,SMQ BIBLES\NSMQ 2015 Questions\CONTEST 09.docx,25825,1,SMQ BIBLES\NSMQ 2015 Questions\CONTEST 09.docx
f24a63d671b131a5e6260e414e8b22ebc00612edb41d14e31efa14958d7161e7,loose_file,CONTEST 10.doc,.doc,SMQ BIBLES\NSMQ 2015 Questions\CONTEST 10.doc,435200,1,SMQ BIBLES\NSMQ 2015 Questions\CONTEST 10.doc
d0429da3422b4d3780df05bd70fc6e40dfb68fa81b82387e7a09d3d40c579acc,loose_file,CONTEST 11.doc,.doc,SMQ BIBLES\NSMQ 2015 Questions\CONTEST 11.doc,595456,1,SMQ BIBLES\NSMQ 2015 Questions\CONTEST 11.doc
5370ad274beb5c05f5b18299250654e5bc62d7e4b1b6046c324bc3e7688699f6,loose_file,CONTEST 12.doc,.doc,SMQ BIBLES\NSMQ 2015 Questions\CONTEST 12.doc,435145,1,SMQ BIBLES\NSMQ 2015 Questions\CONTEST 12.doc
000d7629bbe0b3e96e54ed25ca95f1b9af35257b0b986dc3a17a4c8b48048e0f,loose_file,CONTEST 13.doc,.doc,SMQ BIBLES\NSMQ 2015 Questions\CONTEST 13.doc,564736,1,SMQ BIBLES\NSMQ 2015 Questions\CONTEST 13.doc
802db3b0a66764979c5d6f9b201d9ef7214a8e9be8355d02fb50855400a05082,loose_file,CONTEST 14.doc,.doc,SMQ BIBLES\NSMQ 2015 Questions\CONTEST 14.doc,592896,1,SMQ BIBLES\NSMQ 2015 Questions\CONTEST 14.doc
1f2b0abb591f7670b8c3659dc8dc6d28fb84f34dfd5ddc19aa94c75404d1c1dc,loose_file,CONTEST 15.doc,.doc,SMQ BIBLES\NSMQ 2015 Questions\CONTEST 15.doc,736256,1,SMQ BIBLES\NSMQ 2015 Questions\CONTEST 15.doc
88261cf23c12fb67cc7ab324075abecb1b9df0d3123dde5af4ef392014ebc1c3,loose_file,CONTEST 16.doc,.doc,SMQ BIBLES\NSMQ 2015 Questions\CONTEST 16.doc,547840,1,SMQ BIBLES\NSMQ 2015 Questions\CONTEST 16.doc
0d189766353614a79189a439c116c7de7111031fa4b024022fbed861bdda7e9d,loose_file,CONTEST 17.doc,.doc,SMQ BIBLES\NSMQ 2015 Questions\CONTEST 17.doc,353280,1,SMQ BIBLES\NSMQ 2015 Questions\CONTEST 17.doc
16fe310f36e5bfa7cae5c094eed024f3cbf0ee931d322aebfa7fcc2b00a0682e,loose_file,CONTEST 18.doc,.doc,SMQ BIBLES\NSMQ 2015 Questions\CONTEST 18.doc,1070592,1,SMQ BIBLES\NSMQ 2015 Questions\CONTEST 18.doc
4fbfc6ec1f802bc8ddfe2d3da05376cee154f11a746b2c4e740bd62953b1701e,loose_file,CONTEST 19.doc,.doc,SMQ BIBLES\NSMQ 2015 Questions\CONTEST 19.doc,787968,1,SMQ BIBLES\NSMQ 2015 Questions\CONTEST 19.doc
99ba7e374889bb2902ecbe31be84f66e5b2dcacca12d752b66b697001c2c30a4,loose_file,CONTEST 20.doc,.doc,SMQ BIBLES\NSMQ 2015 Questions\CONTEST 20.doc,1504256,1,SMQ BIBLES\NSMQ 2015 Questions\CONTEST 20.doc
802c514ea8d1f9a23231fa8da6f07a05b475208f56d6fc251f5d479c4eda98bf,loose_file,CONTEST 21.doc,.doc,SMQ BIBLES\NSMQ 2015 Questions\CONTEST 21.doc,997726,1,SMQ BIBLES\NSMQ 2015 Questions\CONTEST 21.doc
8ae8ddfdd03359add8f3a8968988b70713f7436dd122b205d5c0a0f6370ef9ca,loose_file,CONTEST 22.doc,.doc,SMQ BIBLES\NSMQ 2015 Questions\CONTEST 22.doc,1138688,1,SMQ BIBLES\NSMQ 2015 Questions\CONTEST 22.doc
5e29c64f14ae5e89bac1213626d5879ceedaa74b8f680962b1bb1851f32bbeeb,loose_file,CONTEST 23.docx,.docx,SMQ BIBLES\NSMQ 2015 Questions\CONTEST 23.docx,38931,1,SMQ BIBLES\NSMQ 2015 Questions\CONTEST 23.docx
7d3fff716f5bd45ff1c3e60fbc3ded7ed39d7a12c1a6459b352e4236315501e2,loose_file,CONTEST 24.docx,.docx,SMQ BIBLES\NSMQ 2015 Questions\CONTEST 24.docx,31980,1,SMQ BIBLES\NSMQ 2015 Questions\CONTEST 24.docx
5cebbc6438b3e8dc81c6adb484a4ea9bc999622ff032c96f677d1cdfffbd1bda,loose_file,CONTEST 25.docx,.docx,SMQ BIBLES\NSMQ 2015 Questions\CONTEST 25.docx,29445,1,SMQ BIBLES\NSMQ 2015 Questions\CONTEST 25.docx
10cdc302afda995371055db724fc1d4fa669d1825b91b8a46c65e84a57cfba27,loose_file,CONTEST 26.docx,.docx,SMQ BIBLES\NSMQ 2015 Questions\CONTEST 26.docx,47784,2,SMQ BIBLES\NSMQ 2015 Questions\CONTEST 26.docx | SMQ BIBLES\weekends\practice\SET 1\CONTEST 26.docx
b620ddc93e6b5a1c0d66a99de6fdc8d3854d43c7e52fc91f19ac449886d5c205,loose_file,CONTEST 27.docx,.docx,SMQ BIBLES\NSMQ 2015 Questions\CONTEST 27.docx,30744,2,SMQ BIBLES\NSMQ 2015 Questions\CONTEST 27.docx | SMQ BIBLES\weekends\practice\SET 1\CONTEST 27.docx
ab354fddb12e5164dcf40db1e0c13b4a7a50ec2f1366f474f31cdf1e5166e682,loose_file,CONTEST 28.docx,.docx,SMQ BIBLES\NSMQ 2015 Questions\CONTEST 28.docx,37716,1,SMQ BIBLES\NSMQ 2015 Questions\CONTEST 28.docx
e69544b89798b46281e655681cc8e41fef4fd0d179a36b28396f1d2babc95c5f,loose_file,CONTEST 29.docx,.docx,SMQ BIBLES\NSMQ 2015 Questions\CONTEST 29.docx,51227,1,SMQ BIBLES\NSMQ 2015 Questions\CONTEST 29.docx
8f8689b6ab9378a98213ab4e654bbbb2bffacbaa1eae271f49a5ecadecc9a80b,loose_file,CONTEST 30.docx,.docx,SMQ BIBLES\NSMQ 2015 Questions\CONTEST 30.docx,36528,1,SMQ BIBLES\NSMQ 2015 Questions\CONTEST 30.docx
66597c299d7ab028cab91068a5578b0c20871b4bd9952350e7155af7ad88b94a,loose_file,CONTEST 31.docx,.docx,SMQ BIBLES\NSMQ 2015 Questions\CONTEST 31.docx,48231,1,SMQ BIBLES\NSMQ 2015 Questions\CONTEST 31.docx
a4fe45a86e6bc669df3e62be82f99cca44c67dd5b1ed63cad0f9685cbde15b7f,loose_file,CONTEST 32.docx,.docx,SMQ BIBLES\NSMQ 2015 Questions\CONTEST 32.docx,38445,1,SMQ BIBLES\NSMQ 2015 Questions\CONTEST 32.docx
4a4250801eefd1483a0a64bb698a6305706c6b343666e6554329b6cd31a6b17d,loose_file,CONTEST 33.docx,.docx,SMQ BIBLES\NSMQ 2015 Questions\CONTEST 33.docx,35024,1,SMQ BIBLES\NSMQ 2015 Questions\CONTEST 33.docx
8e6529c01e4047ee1cfa23c6a19ad9c15fbe861bad3ab3117db5cc686b50d611,loose_file,CONTEST 34.docx,.docx,SMQ BIBLES\NSMQ 2015 Questions\CONTEST 34.docx,32010,1,SMQ BIBLES\NSMQ 2015 Questions\CONTEST 34.docx
29e0c83431d9ac0aa4327e56c97211511aad8fd63581d636a35b318fbb334db8,loose_file,CONTEST 35.docx,.docx,SMQ BIBLES\NSMQ 2015 Questions\CONTEST 35.docx,34657,1,SMQ BIBLES\NSMQ 2015 Questions\CONTEST 35.docx
60c7559effbf3b8655c9af3164e2d9f11fc7504d8e3438c324945acc7586a534,loose_file,CONTEST 36.docx,.docx,SMQ BIBLES\NSMQ 2015 Questions\CONTEST 36.docx,34755,1,SMQ BIBLES\NSMQ 2015 Questions\CONTEST 36.docx
c46b6ceb6b47dd8f5926e5be2b6f2e336cbcce25ac2adf401760e0df4e3fb6c5,loose_file,CONTEST 37.docx,.docx,SMQ BIBLES\NSMQ 2015 Questions\CONTEST 37.docx,33394,1,SMQ BIBLES\NSMQ 2015 Questions\CONTEST 37.docx
a786f0f3efe0e960d17aa60cacb3ceadba4d7d596a2d577e78e8cc3d4e4478f7,loose_file,CONTEST 38.docx,.docx,SMQ BIBLES\NSMQ 2015 Questions\CONTEST 38.docx,32888,1,SMQ BIBLES\NSMQ 2015 Questions\CONTEST 38.docx
1d0c8a286875a93b1c9c8ee4f1db701ee64be8ea9973bbe81a3ae87490213299,loose_file,CONTEST 39.docx,.docx,SMQ BIBLES\NSMQ 2015 Questions\CONTEST 39.docx,41398,1,SMQ BIBLES\NSMQ 2015 Questions\CONTEST 39.docx
a19dd340968cbee1c97223547e3663c00ad92264bef0af68094fd558a9a25b94,loose_file,CONTEST 40.docx,.docx,SMQ BIBLES\NSMQ 2015 Questions\CONTEST 40.docx,32401,1,SMQ BIBLES\NSMQ 2015 Questions\CONTEST 40.docx
768c806016f38f014c8692e8b61821cf95b6d50768d09af6b330fa1bc31063ac,loose_file,CONTEST 41.docx,.docx,SMQ BIBLES\NSMQ 2015 Questions\CONTEST 41.docx,35588,1,SMQ BIBLES\NSMQ 2015 Questions\CONTEST 41.docx
219284ad3ebf565894a0ce11534e0968c20913de6d9de1ab6bd5eab86eeacb85,loose_file,CONTEST 42.docx,.docx,SMQ BIBLES\NSMQ 2015 Questions\CONTEST 42.docx,41903,1,SMQ BIBLES\NSMQ 2015 Questions\CONTEST 42.docx
14055d002cf46e768cac5c993f17cc3ab4d8bfe15827dacbba7d6c8fd970a0f5,loose_file,CONTEST 43.docx,.docx,SMQ BIBLES\NSMQ 2015 Questions\CONTEST 43.docx,49726,1,SMQ BIBLES\NSMQ 2015 Questions\CONTEST 43.docx
a66db80dd46bd00e532f49f6c74a5c6d4e242cc577bb78464e421a424a49105c,loose_file,CONTEST 44.docx,.docx,SMQ BIBLES\NSMQ 2015 Questions\CONTEST 44.docx,34327,1,SMQ BIBLES\NSMQ 2015 Questions\CONTEST 44.docx
ea909abc1d7842c6c1df64960e0427d88cd5a7575318b1cf0b6cbb0585f7b52c,loose_file,CONTEST 45.docx,.docx,SMQ BIBLES\NSMQ 2015 Questions\CONTEST 45.docx,37206,1,SMQ BIBLES\NSMQ 2015 Questions\CONTEST 45.docx
24155421442cfb9a98da68963e4e6e555afad6a57b53cad447fe235c29b71903,loose_file,CONTEST 46.docx,.docx,SMQ BIBLES\NSMQ 2015 Questions\CONTEST 46.docx,46949,1,SMQ BIBLES\NSMQ 2015 Questions\CONTEST 46.docx
e571537140acdc68f936860f0f20bfe6d389033970f7f2a489f1910750e4dadf,loose_file,CONTEST 47.docx,.docx,SMQ BIBLES\NSMQ 2015 Questions\CONTEST 47.docx,36932,1,SMQ BIBLES\NSMQ 2015 Questions\CONTEST 47.docx
597bb4ee87bf375ef340f41ddf9df390349a4f804208de6fa2e182d577b5add4,loose_file,CONTEST 48.docx,.docx,SMQ BIBLES\NSMQ 2015 Questions\CONTEST 48.docx,54588,1,SMQ BIBLES\NSMQ 2015 Questions\CONTEST 48.docx
95cb5909fd7c7c47ed4a62371fe5543aa4590f7764832e5ed1430ec5b108b9ac,loose_file,CONTEST 49.docx,.docx,SMQ BIBLES\NSMQ 2015 Questions\CONTEST 49.docx,48801,1,SMQ BIBLES\NSMQ 2015 Questions\CONTEST 49.docx
9c7d3b8a19f4c15c4eac330dc390df8c482ee9becef3140c00ced389fd2b42a1,loose_file,CONTEST 50.docx,.docx,SMQ BIBLES\NSMQ 2015 Questions\CONTEST 50.docx,38702,1,SMQ BIBLES\NSMQ 2015 Questions\CONTEST 50.docx
f2b52400b17a34935a16e16735c212669ac6296b8713011fff525f9ffb0e2659,loose_file,CONTEST 51 (2).docx,.docx,SMQ BIBLES\NSMQ 2015 Questions\CONTEST 51 (2).docx,162,2,SMQ BIBLES\NSMQ 2015 Questions\CONTEST 51 (2).docx | SMQ BIBLES\NSMQ 2015 Questions\CONTEST 52 (2).docx
2269940b82cd9861fbcf8b838ef29b1a926c6a8e497ba25dc1541b22d47ded97,loose_file,CONTEST 51.docx,.docx,SMQ BIBLES\NSMQ 2015 Questions\CONTEST 51.docx,42989,1,SMQ BIBLES\NSMQ 2015 Questions\CONTEST 51.docx
baf4d67fca7f3dccf59791a11049f4461ab8778a202a4126addd2652d44d170f,loose_file,CONTEST 52.docx,.docx,SMQ BIBLES\NSMQ 2015 Questions\CONTEST 52.docx,69833,1,SMQ BIBLES\NSMQ 2015 Questions\CONTEST 52.docx
7bd6d1cf2e115b98531a18311bd86ff42af0b06da4e08d918288828892cf6368,loose_file,CONTEST 53.docx,.docx,SMQ BIBLES\NSMQ 2015 Questions\CONTEST 53.docx,37321,1,SMQ BIBLES\NSMQ 2015 Questions\CONTEST 53.docx
f36a02144302d12a29200c7babfb997825ce8e04c90551781f877d7300c4b3d8,loose_file,CONTEST 54.docx,.docx,SMQ BIBLES\NSMQ 2015 Questions\CONTEST 54.docx,44750,1,SMQ BIBLES\NSMQ 2015 Questions\CONTEST 54.docx
2da154edb321a04b0e51932630b72e29e202076662aa3e80afbcf89bc0d4497d,loose_file,CONTEST 55.docx,.docx,SMQ BIBLES\NSMQ 2015 Questions\CONTEST 55.docx,45559,1,SMQ BIBLES\NSMQ 2015 Questions\CONTEST 55.docx
3c310ee75b1ca98f5ad71469fdfa6ca5a34fbe462ac4beb4d6fd7cef870f4127,loose_file,CONTEST 56.docx,.docx,SMQ BIBLES\NSMQ 2015 Questions\CONTEST 56.docx,48513,1,SMQ BIBLES\NSMQ 2015 Questions\CONTEST 56.docx
be72f860693f7546f79bb55e10ee7f01a2a7b5436372396d4c1492c04ff1331e,loose_file,CONTEST 57.docx,.docx,SMQ BIBLES\NSMQ 2015 Questions\CONTEST 57.docx,39405,1,SMQ BIBLES\NSMQ 2015 Questions\CONTEST 57.docx
43e5fe14f3ac31a026d19c50bf40acc0a40bf207e4454dbea40207200f4944dc,loose_file,CONTEST 58.docx,.docx,SMQ BIBLES\NSMQ 2015 Questions\CONTEST 58.docx,40189,1,SMQ BIBLES\NSMQ 2015 Questions\CONTEST 58.docx
e8453f372ad7e1e3fdbd5f34a0699ff28edfa962dbc70b489e740c7329d531af,loose_file,CONTEST 59.docx,.docx,SMQ BIBLES\NSMQ 2015 Questions\CONTEST 59.docx,51685,1,SMQ BIBLES\NSMQ 2015 Questions\CONTEST 59.docx
533a898d79020205bad9ea87ae85f01c7c9a9298c03abfbdcf808552c595cd9f,loose_file,CONTEST 60.docx,.docx,SMQ BIBLES\NSMQ 2015 Questions\CONTEST 60.docx,40603,1,SMQ BIBLES\NSMQ 2015 Questions\CONTEST 60.docx
791931654c2e820c9bc25fc9df589f6806c9cec063c9b3191f7f4ac93b9282bf,loose_file,CONTEST 61.docx,.docx,SMQ BIBLES\NSMQ 2015 Questions\CONTEST 61.docx,43365,1,SMQ BIBLES\NSMQ 2015 Questions\CONTEST 61.docx
bebc47b65db0ba016fbe29b94814a81670980dd5abec8bf33059d873b595776f,loose_file,CONTEST 62.docx,.docx,SMQ BIBLES\NSMQ 2015 Questions\CONTEST 62.docx,44652,1,SMQ BIBLES\NSMQ 2015 Questions\CONTEST 62.docx
6c18822e72dda27264f514398adb950324c7c51cf27d6ca737d03e0459bef53e,loose_file,CONTEST 63.docx,.docx,SMQ BIBLES\NSMQ 2015 Questions\CONTEST 63.docx,52057,1,SMQ BIBLES\NSMQ 2015 Questions\CONTEST 63.docx
b85bc40552adfdfce52c068fa97e0404411e348f55c16a274eae21b11d88daa0,loose_file,CONTEST 64.docx,.docx,SMQ BIBLES\NSMQ 2015 Questions\CONTEST 64.docx,42518,1,SMQ BIBLES\NSMQ 2015 Questions\CONTEST 64.docx
d8f90c28554452b6f2c81113b19edb45890f36445848227bf2fa4fc4425affed,loose_file,CONTEST 65.docx,.docx,SMQ BIBLES\NSMQ 2015 Questions\CONTEST 65.docx,57273,1,SMQ BIBLES\NSMQ 2015 Questions\CONTEST 65.docx
95a269d7f802fd9bb21d68ca625dcc60f185897e7bd1eccd7a3e7b2b57e61885,loose_file,CONTEST 66.docx,.docx,SMQ BIBLES\NSMQ 2015 Questions\CONTEST 66.docx,50002,1,SMQ BIBLES\NSMQ 2015 Questions\CONTEST 66.docx
f68ee8f1a5cdbc085481bdaa73a5140baac4183f286310f4455d128d9ef3f2f1,loose_file,CONTEST 67.docx,.docx,SMQ BIBLES\NSMQ 2015 Questions\CONTEST 67.docx,49804,1,SMQ BIBLES\NSMQ 2015 Questions\CONTEST 67.docx
bd588c09460dc968f7ce2fce6a2226293d8fa665f730541689842e61cdb6c960,loose_file,PROBLEM OF THE DAY new.docx,.docx,SMQ BIBLES\NSMQ 2016 Questions\BIOLOGY\PROBLEM OF THE DAY new.docx,540136,1,SMQ BIBLES\NSMQ 2016 Questions\BIOLOGY\PROBLEM OF THE DAY new.docx
ee978b3c861838d9ee17791a45934d91f397eff0f8f92d7fabcdf9cd4413cb57,loose_file,Riddles.doc,.doc,SMQ BIBLES\NSMQ 2016 Questions\BIOLOGY\Riddles.doc,119296,1,SMQ BIBLES\NSMQ 2016 Questions\BIOLOGY\Riddles.doc
c5ef217e32140d54da5ef2fce93c6f5fc3cffdd4eb0561f83fcd6a3e28ed2013,loose_file,Rounds 1 and 2.doc,.doc,SMQ BIBLES\NSMQ 2016 Questions\BIOLOGY\Rounds 1 and 2.doc,375296,1,SMQ BIBLES\NSMQ 2016 Questions\BIOLOGY\Rounds 1 and 2.doc
0c4343f285c4102eb1f53af0fd6529401dc3bcc73c82c75e9ca12d5f12f067af,loose_file,True or False.doc,.doc,SMQ BIBLES\NSMQ 2016 Questions\BIOLOGY\True or False.doc,173568,1,SMQ BIBLES\NSMQ 2016 Questions\BIOLOGY\True or False.doc
9fa19724752dbbaea5769c9a6d592733454e3110ff8ef519930745affe1c5581,loose_file,CONTEST 1.docx,.docx,SMQ BIBLES\NSMQ 2016 Questions\CHEMISTRY\Quiz 2016 National - Copy\CONTEST 1.docx,16558,1,SMQ BIBLES\NSMQ 2016 Questions\CHEMISTRY\Quiz 2016 National - Copy\CONTEST 1.docx
d5b04ce64fb0161b57270ef0962a1cde0c4068b0e2ec33d944315f2fab616f1e,loose_file,CONTEST 10.docx,.docx,SMQ BIBLES\NSMQ 2016 Questions\CHEMISTRY\Quiz 2016 National - Copy\CONTEST 10.docx,18550,1,SMQ BIBLES\NSMQ 2016 Questions\CHEMISTRY\Quiz 2016 National - Copy\CONTEST 10.docx
6d5e6132dde8c012ad883e32812084febf3c624a5c38c407cf9e5e9aecc502d0,loose_file,CONTEST 11.docx,.docx,SMQ BIBLES\NSMQ 2016 Questions\CHEMISTRY\Quiz 2016 National - Copy\CONTEST 11.docx,16716,1,SMQ BIBLES\NSMQ 2016 Questions\CHEMISTRY\Quiz 2016 National - Copy\CONTEST 11.docx
615273c613286704a7c2aa4ccd219a6b921c3365d4208db25759f41a6e8b7f48,loose_file,CONTEST 12.docx,.docx,SMQ BIBLES\NSMQ 2016 Questions\CHEMISTRY\Quiz 2016 National - Copy\CONTEST 12.docx,15383,1,SMQ BIBLES\NSMQ 2016 Questions\CHEMISTRY\Quiz 2016 National - Copy\CONTEST 12.docx
1b5c7bb5669ebc65cab02c11e5353b633202e1e905f23307792c42e76de67276,loose_file,CONTEST 13.docx,.docx,SMQ BIBLES\NSMQ 2016 Questions\CHEMISTRY\Quiz 2016 National - Copy\CONTEST 13.docx,17496,1,SMQ BIBLES\NSMQ 2016 Questions\CHEMISTRY\Quiz 2016 National - Copy\CONTEST 13.docx
eb90e96a36992fbda96870dc687db0414e8bc9a65710aba3102832657a66095d,loose_file,CONTEST 14.docx,.docx,SMQ BIBLES\NSMQ 2016 Questions\CHEMISTRY\Quiz 2016 National - Copy\CONTEST 14.docx,18104,1,SMQ BIBLES\NSMQ 2016 Questions\CHEMISTRY\Quiz 2016 National - Copy\CONTEST 14.docx
5fcc303f1ac1aa9a5afe7c0fc52905d3cba2b714df5ac1c44a518f3b6b450ea6,loose_file,CONTEST 15.docx,.docx,SMQ BIBLES\NSMQ 2016 Questions\CHEMISTRY\Quiz 2016 National - Copy\CONTEST 15.docx,16854,1,SMQ BIBLES\NSMQ 2016 Questions\CHEMISTRY\Quiz 2016 National - Copy\CONTEST 15.docx
7102aa67dadf45f473f42bec0a0dd8903ed9238964f490e0b9e4a1ebc56bd486,loose_file,CONTEST 16.docx,.docx,SMQ BIBLES\NSMQ 2016 Questions\CHEMISTRY\Quiz 2016 National - Copy\CONTEST 16.docx,17493,1,SMQ BIBLES\NSMQ 2016 Questions\CHEMISTRY\Quiz 2016 National - Copy\CONTEST 16.docx
a3bc68c686934a8a690930178481b6b445f9123c668d3ee1959bd226f9da76d1,loose_file,CONTEST 17.docx,.docx,SMQ BIBLES\NSMQ 2016 Questions\CHEMISTRY\Quiz 2016 National - Copy\CONTEST 17.docx,16464,1,SMQ BIBLES\NSMQ 2016 Questions\CHEMISTRY\Quiz 2016 National - Copy\CONTEST 17.docx
4b26c06fb9bf6d211d9717dc76ddf4483a0b13aefc24850df7b960c5c495ea18,loose_file,CONTEST 18.docx,.docx,SMQ BIBLES\NSMQ 2016 Questions\CHEMISTRY\Quiz 2016 National - Copy\CONTEST 18.docx,15644,1,SMQ BIBLES\NSMQ 2016 Questions\CHEMISTRY\Quiz 2016 National - Copy\CONTEST 18.docx
6b995878cd85bbf42a5c7063aaf245836d7d8d75e54572e24680f0c85ac686b7,loose_file,CONTEST 19.docx,.docx,SMQ BIBLES\NSMQ 2016 Questions\CHEMISTRY\Quiz 2016 National - Copy\CONTEST 19.docx,22176,1,SMQ BIBLES\NSMQ 2016 Questions\CHEMISTRY\Quiz 2016 National - Copy\CONTEST 19.docx
da8c23c61cd06549113292109373977d51717b5a12d9becb178e53810a9fb6ac,loose_file,CONTEST 2.docx,.docx,SMQ BIBLES\NSMQ 2016 Questions\CHEMISTRY\Quiz 2016 National - Copy\CONTEST 2.docx,17396,1,SMQ BIBLES\NSMQ 2016 Questions\CHEMISTRY\Quiz 2016 National - Copy\CONTEST 2.docx
ed42a90cfd15931c558d6a0667813239f62c903cdcb93e4abaa3ea8b0623cda4,loose_file,CONTEST 20.docx,.docx,SMQ BIBLES\NSMQ 2016 Questions\CHEMISTRY\Quiz 2016 National - Copy\CONTEST 20.docx,16277,1,SMQ BIBLES\NSMQ 2016 Questions\CHEMISTRY\Quiz 2016 National - Copy\CONTEST 20.docx
59bdc0719e35c751d8c6125c029ed67bbc14b474615da4cca6534c47eef32d3a,loose_file,CONTEST 21.docx,.docx,SMQ BIBLES\NSMQ 2016 Questions\CHEMISTRY\Quiz 2016 National - Copy\CONTEST 21.docx,18240,1,SMQ BIBLES\NSMQ 2016 Questions\CHEMISTRY\Quiz 2016 National - Copy\CONTEST 21.docx
814e38c10b087b8d15cca9778fdb7ff41810f24f5d420bea2d4d71d6b11c5ad2,loose_file,CONTEST 22.docx,.docx,SMQ BIBLES\NSMQ 2016 Questions\CHEMISTRY\Quiz 2016 National - Copy\CONTEST 22.docx,19851,1,SMQ BIBLES\NSMQ 2016 Questions\CHEMISTRY\Quiz 2016 National - Copy\CONTEST 22.docx
bd69f6bd2e7ccac51f9b762cb0f631c0d60d0e60e32950adb2e2b54d20044a33,loose_file,CONTEST 23.docx,.docx,SMQ BIBLES\NSMQ 2016 Questions\CHEMISTRY\Quiz 2016 National - Copy\CONTEST 23.docx,18970,1,SMQ BIBLES\NSMQ 2016 Questions\CHEMISTRY\Quiz 2016 National - Copy\CONTEST 23.docx
0662433814b4827cbfe1e9ecc94e6594d80bbdb39155133520fca036a3e03f33,loose_file,CONTEST 24.docx,.docx,SMQ BIBLES\NSMQ 2016 Questions\CHEMISTRY\Quiz 2016 National - Copy\CONTEST 24.docx,19269,1,SMQ BIBLES\NSMQ 2016 Questions\CHEMISTRY\Quiz 2016 National - Copy\CONTEST 24.docx
ab8cd5c99a64a79c0e879fdcd598d05bb6a69479579962d3b7fb99b74b347bec,loose_file,CONTEST 25.docx,.docx,SMQ BIBLES\NSMQ 2016 Questions\CHEMISTRY\Quiz 2016 National - Copy\CONTEST 25.docx,19410,1,SMQ BIBLES\NSMQ 2016 Questions\CHEMISTRY\Quiz 2016 National - Copy\CONTEST 25.docx
65e153b588ef518bff100f6a1914b8b3694ab68fe4719444066965a2466a61c8,loose_file,CONTEST 26.docx,.docx,SMQ BIBLES\NSMQ 2016 Questions\CHEMISTRY\Quiz 2016 National - Copy\CONTEST 26.docx,19284,1,SMQ BIBLES\NSMQ 2016 Questions\CHEMISTRY\Quiz 2016 National - Copy\CONTEST 26.docx
b7ba9471c22ed53c2804e1694afd27ca32381334da36bd595fe1d17ab9b71168,loose_file,CONTEST 27.docx,.docx,SMQ BIBLES\NSMQ 2016 Questions\CHEMISTRY\Quiz 2016 National - Copy\CONTEST 27.docx,19141,1,SMQ BIBLES\NSMQ 2016 Questions\CHEMISTRY\Quiz 2016 National - Copy\CONTEST 27.docx
17546df45af69bf77744c5140a2c8e8f6829eb78ffa07743281666c443562029,loose_file,CONTEST 28.docx,.docx,SMQ BIBLES\NSMQ 2016 Questions\CHEMISTRY\Quiz 2016 National - Copy\CONTEST 28.docx,19222,1,SMQ BIBLES\NSMQ 2016 Questions\CHEMISTRY\Quiz 2016 National - Copy\CONTEST 28.docx
e705156938cba9376cfad42947c5da0d2869193650c4e0a7c8772b19ca3a05ee,loose_file,CONTEST 29.docx,.docx,SMQ BIBLES\NSMQ 2016 Questions\CHEMISTRY\Quiz 2016 National - Copy\CONTEST 29.docx,18868,1,SMQ BIBLES\NSMQ 2016 Questions\CHEMISTRY\Quiz 2016 National - Copy\CONTEST 29.docx
eaad1c5a6d247ae255fe0794f6159a2996a5a331c24e676e9887513c92ff7ee7,loose_file,CONTEST 3.docx,.docx,SMQ BIBLES\NSMQ 2016 Questions\CHEMISTRY\Quiz 2016 National - Copy\CONTEST 3.docx,16984,1,SMQ BIBLES\NSMQ 2016 Questions\CHEMISTRY\Quiz 2016 National - Copy\CONTEST 3.docx
b3a3f57d4a76a7a061daa54fcb7a33fc953d2f13fda8e50ddc1c20af53c07bd1,loose_file,CONTEST 30.docx,.docx,SMQ BIBLES\NSMQ 2016 Questions\CHEMISTRY\Quiz 2016 National - Copy\CONTEST 30.docx,18450,1,SMQ BIBLES\NSMQ 2016 Questions\CHEMISTRY\Quiz 2016 National - Copy\CONTEST 30.docx
a0c1324641b055f0c997f0c1f6c3b7d42e8a0d5c916b3fa9e55a386489f8ec09,loose_file,CONTEST 31.docx,.docx,SMQ BIBLES\NSMQ 2016 Questions\CHEMISTRY\Quiz 2016 National - Copy\CONTEST 31.docx,20033,1,SMQ BIBLES\NSMQ 2016 Questions\CHEMISTRY\Quiz 2016 National - Copy\CONTEST 31.docx
00c75f518c5ce41eac87227f6b5006e1332eef32ef969b844f75588dbc29d120,loose_file,CONTEST 32.docx,.docx,SMQ BIBLES\NSMQ 2016 Questions\CHEMISTRY\Quiz 2016 National - Copy\CONTEST 32.docx,18874,1,SMQ BIBLES\NSMQ 2016 Questions\CHEMISTRY\Quiz 2016 National - Copy\CONTEST 32.docx
2658ee6ea1b40ed46fd0b2f1b1fc582c360293b6ca21c1a7f03503fd78c8a121,loose_file,CONTEST 33.docx,.docx,SMQ BIBLES\NSMQ 2016 Questions\CHEMISTRY\Quiz 2016 National - Copy\CONTEST 33.docx,18546,1,SMQ BIBLES\NSMQ 2016 Questions\CHEMISTRY\Quiz 2016 National - Copy\CONTEST 33.docx
52286de470fc8a5ba35c6bd4be5b500c71fa0f6edb1fbb9e8ef905b4b65fd902,loose_file,CONTEST 34.docx,.docx,SMQ BIBLES\NSMQ 2016 Questions\CHEMISTRY\Quiz 2016 National - Copy\CONTEST 34.docx,16696,1,SMQ BIBLES\NSMQ 2016 Questions\CHEMISTRY\Quiz 2016 National - Copy\CONTEST 34.docx
fa8f48b11e37230fa0e0fbcda0ba11bb7ed6ec3d08770f700ea3ab99f2ece755,loose_file,CONTEST 35.docx,.docx,SMQ BIBLES\NSMQ 2016 Questions\CHEMISTRY\Quiz 2016 National - Copy\CONTEST 35.docx,16935,1,SMQ BIBLES\NSMQ 2016 Questions\CHEMISTRY\Quiz 2016 National - Copy\CONTEST 35.docx
382198c8af775c9dd4ca4c650afacdf5af144a70b97c983ec8144c1afef723b2,loose_file,CONTEST 36.docx,.docx,SMQ BIBLES\NSMQ 2016 Questions\CHEMISTRY\Quiz 2016 National - Copy\CONTEST 36.docx,21114,1,SMQ BIBLES\NSMQ 2016 Questions\CHEMISTRY\Quiz 2016 National - Copy\CONTEST 36.docx
4240a3dbaea93d9db50ec1a7364bc33f4e984a2110ff041429f9ded63427a40f,loose_file,CONTEST 37.docx,.docx,SMQ BIBLES\NSMQ 2016 Questions\CHEMISTRY\Quiz 2016 National - Copy\CONTEST 37.docx,17160,1,SMQ BIBLES\NSMQ 2016 Questions\CHEMISTRY\Quiz 2016 National - Copy\CONTEST 37.docx
916b77596488362bb202f8732e901f1f5a519c005c0bf7df8dce246f4d58e701,loose_file,CONTEST 38.docx,.docx,SMQ BIBLES\NSMQ 2016 Questions\CHEMISTRY\Quiz 2016 National - Copy\CONTEST 38.docx,17614,1,SMQ BIBLES\NSMQ 2016 Questions\CHEMISTRY\Quiz 2016 National - Copy\CONTEST 38.docx
906d31f8ea96f7d0fad96557e92b61f39315dc59eed081201eb77d5431ea4548,loose_file,CONTEST 39.docx,.docx,SMQ BIBLES\NSMQ 2016 Questions\CHEMISTRY\Quiz 2016 National - Copy\CONTEST 39.docx,17082,1,SMQ BIBLES\NSMQ 2016 Questions\CHEMISTRY\Quiz 2016 National - Copy\CONTEST 39.docx
ec3ccb4b1115ce845d1a252220ed50151efb46a1e9bf3aab39985d9d83925a13,loose_file,CONTEST 4.docx,.docx,SMQ BIBLES\NSMQ 2016 Questions\CHEMISTRY\Quiz 2016 National - Copy\CONTEST 4.docx,16412,1,SMQ BIBLES\NSMQ 2016 Questions\CHEMISTRY\Quiz 2016 National - Copy\CONTEST 4.docx
cb9653792ff2eaa1936ffbaac07eaa6f7b45e3e2ee2bb423bd95010b127a5eba,loose_file,CONTEST 40.docx,.docx,SMQ BIBLES\NSMQ 2016 Questions\CHEMISTRY\Quiz 2016 National - Copy\CONTEST 40.docx,16757,1,SMQ BIBLES\NSMQ 2016 Questions\CHEMISTRY\Quiz 2016 National - Copy\CONTEST 40.docx
1c072604219186604c2f8a76e1988f8b9a726e3b01a14af51897751648f03ffb,loose_file,CONTEST 5.docx,.docx,SMQ BIBLES\NSMQ 2016 Questions\CHEMISTRY\Quiz 2016 National - Copy\CONTEST 5.docx,15585,1,SMQ BIBLES\NSMQ 2016 Questions\CHEMISTRY\Quiz 2016 National - Copy\CONTEST 5.docx
ec3c263e3d2599dc19f18140fa0ea72ae3692763681e27d075587fe9887ee4fb,loose_file,CONTEST 6.docx,.docx,SMQ BIBLES\NSMQ 2016 Questions\CHEMISTRY\Quiz 2016 National - Copy\CONTEST 6.docx,16985,1,SMQ BIBLES\NSMQ 2016 Questions\CHEMISTRY\Quiz 2016 National - Copy\CONTEST 6.docx
70319b290cfd081292e02ddb7f1a898d1d9db3ff4e252766ee8f87b0b50556c1,loose_file,CONTEST 7.docx,.docx,SMQ BIBLES\NSMQ 2016 Questions\CHEMISTRY\Quiz 2016 National - Copy\CONTEST 7.docx,19235,1,SMQ BIBLES\NSMQ 2016 Questions\CHEMISTRY\Quiz 2016 National - Copy\CONTEST 7.docx
2150c1e28431ea37a80a50db2897e7366ebcea24feb0210d21a93120bd77d87b,loose_file,CONTEST 8.docx,.docx,SMQ BIBLES\NSMQ 2016 Questions\CHEMISTRY\Quiz 2016 National - Copy\CONTEST 8.docx,21474,1,SMQ BIBLES\NSMQ 2016 Questions\CHEMISTRY\Quiz 2016 National - Copy\CONTEST 8.docx
a7b61bda4eeac43d6db4aa17c798e09af0328ca8caf6a2f7e5d52dda6a0bc947,loose_file,CONTEST 9.docx,.docx,SMQ BIBLES\NSMQ 2016 Questions\CHEMISTRY\Quiz 2016 National - Copy\CONTEST 9.docx,18367,1,SMQ BIBLES\NSMQ 2016 Questions\CHEMISTRY\Quiz 2016 National - Copy\CONTEST 9.docx
2fef4637826cf8b237d4e0b6c3dc94f1bf03ea0355f38bea1dd861a045cb981f,loose_file,Problems of the day.docx,.docx,SMQ BIBLES\NSMQ 2016 Questions\CHEMISTRY\Quiz 2016 National - Copy\Problems of the day.docx,30483,1,SMQ BIBLES\NSMQ 2016 Questions\CHEMISTRY\Quiz 2016 National - Copy\Problems of the day.docx
da792a3e04da724f9e0803758ff89aa70ce073458b56f3686dbf7f2c4bf53943,loose_file,CONTEST 01.doc,.doc,SMQ BIBLES\NSMQ 2016 Questions\COMPILED QUESTIONS\CONTEST 01.doc,299520,1,SMQ BIBLES\NSMQ 2016 Questions\COMPILED QUESTIONS\CONTEST 01.doc
987bde98d5ed1d866da20aeac9c842c93079b4a05efbdb46299806b908e15f1f,loose_file,CONTEST 02.doc,.doc,SMQ BIBLES\NSMQ 2016 Questions\COMPILED QUESTIONS\CONTEST 02.doc,316928,1,SMQ BIBLES\NSMQ 2016 Questions\COMPILED QUESTIONS\CONTEST 02.doc
8b1573668a199c517c308a0b9869debbb0040dcbdeff6f20984d30edee94541a,loose_file,CONTEST 03.doc,.doc,SMQ BIBLES\NSMQ 2016 Questions\COMPILED QUESTIONS\CONTEST 03.doc,504320,1,SMQ BIBLES\NSMQ 2016 Questions\COMPILED QUESTIONS\CONTEST 03.doc
b58a60d5ca78d5d3dff566b29edd21666ff29164b8da9ef54acb30f9b4d737db,loose_file,CONTEST 04.doc,.doc,SMQ BIBLES\NSMQ 2016 Questions\COMPILED QUESTIONS\CONTEST 04.doc,615936,1,SMQ BIBLES\NSMQ 2016 Questions\COMPILED QUESTIONS\CONTEST 04.doc
41193e81a7f624ef6734e8495cd032f8e16b159b5d595a1d9b66f653c6fce8cb,loose_file,CONTEST 05.doc,.doc,SMQ BIBLES\NSMQ 2016 Questions\COMPILED QUESTIONS\CONTEST 05.doc,612864,1,SMQ BIBLES\NSMQ 2016 Questions\COMPILED QUESTIONS\CONTEST 05.doc
29d670a878e51d7a79bdc5381ede1eb11935993897f0c6b59ce9c16e290eeef1,loose_file,CONTEST 06.doc,.doc,SMQ BIBLES\NSMQ 2016 Questions\COMPILED QUESTIONS\CONTEST 06.doc,518144,1,SMQ BIBLES\NSMQ 2016 Questions\COMPILED QUESTIONS\CONTEST 06.doc
2619b1bb517ebd56f9e88597c3be2cc58102f695a826b5dafb0549fa1a667cae,loose_file,CONTEST 07.doc,.doc,SMQ BIBLES\NSMQ 2016 Questions\COMPILED QUESTIONS\CONTEST 07.doc,956928,1,SMQ BIBLES\NSMQ 2016 Questions\COMPILED QUESTIONS\CONTEST 07.doc
8e10e270dd9a14e190359571f7ea97bb05aa13d76f86359b3907e9f9205a788d,loose_file,CONTEST 09.doc,.doc,SMQ BIBLES\NSMQ 2016 Questions\COMPILED QUESTIONS\CONTEST 09.doc,441344,1,SMQ BIBLES\NSMQ 2016 Questions\COMPILED QUESTIONS\CONTEST 09.doc
49d55da7dcb237a96d48e89ba4077a802bd53586e586957ec69f079891ace8c8,loose_file,CONTEST 10.doc,.doc,SMQ BIBLES\NSMQ 2016 Questions\COMPILED QUESTIONS\CONTEST 10.doc,598528,1,SMQ BIBLES\NSMQ 2016 Questions\COMPILED QUESTIONS\CONTEST 10.doc
1492c972a6dcf7376c4f0c373980cd03b674f561d72f2577448a41368a4a3f67,loose_file,CONTEST 11.doc,.doc,SMQ BIBLES\NSMQ 2016 Questions\COMPILED QUESTIONS\CONTEST 11.doc,527360,1,SMQ BIBLES\NSMQ 2016 Questions\COMPILED QUESTIONS\CONTEST 11.doc
5052e3ade4aef149d02489801cca7e0a4580f4ced6a16ac8647e9c8b46a856e5,loose_file,CONTEST 13.doc,.doc,SMQ BIBLES\NSMQ 2016 Questions\COMPILED QUESTIONS\CONTEST 13.doc,732160,1,SMQ BIBLES\NSMQ 2016 Questions\COMPILED QUESTIONS\CONTEST 13.doc
9a9ddbcdbe33338198b3b7f594d3e8f9ca6fee224dac4ed5e519c3bebfae4650,loose_file,CONTEST 14.doc,.doc,SMQ BIBLES\NSMQ 2016 Questions\COMPILED QUESTIONS\CONTEST 14.doc,574464,1,SMQ BIBLES\NSMQ 2016 Questions\COMPILED QUESTIONS\CONTEST 14.doc
cf32ae447d3f0165559b500a302c6aebd20aa007ae8cc1c02f7512dd4f12cba3,loose_file,CONTEST 15.doc,.doc,SMQ BIBLES\NSMQ 2016 Questions\COMPILED QUESTIONS\CONTEST 15.doc,524288,1,SMQ BIBLES\NSMQ 2016 Questions\COMPILED QUESTIONS\CONTEST 15.doc
ae4a04030f6b2146088fd43a4636296817ba4a5c3059472ee66ebd523bd7e32c,loose_file,CONTEST 16.doc,.doc,SMQ BIBLES\NSMQ 2016 Questions\COMPILED QUESTIONS\CONTEST 16.doc,702464,1,SMQ BIBLES\NSMQ 2016 Questions\COMPILED QUESTIONS\CONTEST 16.doc
8a7f892efb11a6525614016ed6007f847e733de924028485bc99569d6f04ee94,loose_file,CONTEST 17.doc,.doc,SMQ BIBLES\NSMQ 2016 Questions\COMPILED QUESTIONS\CONTEST 17.doc,442880,1,SMQ BIBLES\NSMQ 2016 Questions\COMPILED QUESTIONS\CONTEST 17.doc
f9ad826cf68e2a1680f6ffcae83be105ff4f232e6cb8da347eaa48ace0b9ec3b,loose_file,CONTEST 18.doc,.doc,SMQ BIBLES\NSMQ 2016 Questions\COMPILED QUESTIONS\CONTEST 18.doc,876544,1,SMQ BIBLES\NSMQ 2016 Questions\COMPILED QUESTIONS\CONTEST 18.doc
4f175206b27014c76a1d16ff563a41463a8a6ebbce3d03828cfb8c18f99e3e4b,loose_file,CONTEST 19.doc,.doc,SMQ BIBLES\NSMQ 2016 Questions\COMPILED QUESTIONS\CONTEST 19.doc,620032,1,SMQ BIBLES\NSMQ 2016 Questions\COMPILED QUESTIONS\CONTEST 19.doc
fdb53d73cc06dae6ddeded55a47f95aa1b659f83c3405afd915894002e235bc8,loose_file,CONTEST 21.doc,.doc,SMQ BIBLES\NSMQ 2016 Questions\COMPILED QUESTIONS\CONTEST 21.doc,971264,1,SMQ BIBLES\NSMQ 2016 Questions\COMPILED QUESTIONS\CONTEST 21.doc
3baaaddf4519bbcc00ab1c1d242c3422bec0b26efb642bab03c74a56bf2fa42e,loose_file,CONTEST 25.doc,.doc,SMQ BIBLES\NSMQ 2016 Questions\COMPILED QUESTIONS\CONTEST 25.doc,788992,1,SMQ BIBLES\NSMQ 2016 Questions\COMPILED QUESTIONS\CONTEST 25.doc
74dd08449b255b76d84faf3b2ecb432b5c983a93d18c9eb0c05bee48382b10c8,loose_file,CONTEST 27.doc,.doc,SMQ BIBLES\NSMQ 2016 Questions\COMPILED QUESTIONS\CONTEST 27.doc,993280,1,SMQ BIBLES\NSMQ 2016 Questions\COMPILED QUESTIONS\CONTEST 27.doc
d55caf618303da4ec49bf5dd34b59a88fe5b1dcb0995aa1319f9c119084cd7f8,loose_file,CONTEST 01.doc,.doc,SMQ BIBLES\NSMQ 2016 Questions\CONTEST 01.doc,295680,1,SMQ BIBLES\NSMQ 2016 Questions\CONTEST 01.doc
0e71cbd0a307a810cd024efc634111b2470bf353812279b5749b8caf231a575e,loose_file,CONTEST 02.doc,.doc,SMQ BIBLES\NSMQ 2016 Questions\CONTEST 02.doc,321024,1,SMQ BIBLES\NSMQ 2016 Questions\CONTEST 02.doc
bd91e4f4bc0c4718c0f36568f5d1ab2bcd415f2bc7f10d3f951d9ad2cc719104,loose_file,CONTEST 03.doc,.doc,SMQ BIBLES\NSMQ 2016 Questions\CONTEST 03.doc,506880,1,SMQ BIBLES\NSMQ 2016 Questions\CONTEST 03.doc
b8feae3dab0fab6baf3bf4ddc15b6e628a98af1bedeb082e96c84b778e9e9da4,loose_file,CONTEST 04.doc,.doc,SMQ BIBLES\NSMQ 2016 Questions\CONTEST 04.doc,618496,1,SMQ BIBLES\NSMQ 2016 Questions\CONTEST 04.doc
f1aaba6e78895c93276fefadab04b8e21dcb1e50c3d0378932145f9ce55b8a74,loose_file,CONTEST 05.doc,.doc,SMQ BIBLES\NSMQ 2016 Questions\CONTEST 05.doc,612864,1,SMQ BIBLES\NSMQ 2016 Questions\CONTEST 05.doc
c08023fe0368019d94a9823d60c7376031af769041d5c3770550bf38ca9aba04,loose_file,CONTEST 06.doc,.doc,SMQ BIBLES\NSMQ 2016 Questions\CONTEST 06.doc,518656,1,SMQ BIBLES\NSMQ 2016 Questions\CONTEST 06.doc
e5fe5b970a12069bdc7d938cc540196edd4434fdf8457c6e980a8207c8ab67e4,loose_file,CONTEST 07.doc,.doc,SMQ BIBLES\NSMQ 2016 Questions\CONTEST 07.doc,958976,1,SMQ BIBLES\NSMQ 2016 Questions\CONTEST 07.doc
d8005af5203bdd060d0f69beaf77b5fc5e1e64e3165050b28d962e4b0a145321,loose_file,CONTEST 08.doc,.doc,SMQ BIBLES\NSMQ 2016 Questions\CONTEST 08.doc,1140224,1,SMQ BIBLES\NSMQ 2016 Questions\CONTEST 08.doc
0b1b3e74108d126e0150b2d333c80d3cec955c2367694f313c68bb7f52d370df,loose_file,CONTEST 09.doc,.doc,SMQ BIBLES\NSMQ 2016 Questions\CONTEST 09.doc,488448,1,SMQ BIBLES\NSMQ 2016 Questions\CONTEST 09.doc
1735a6dfdc168d339f82fa30f7b948c1be674d17baf11df9e14db8c8b74d919a,loose_file,CONTEST 10.doc,.doc,SMQ BIBLES\NSMQ 2016 Questions\CONTEST 10.doc,601600,1,SMQ BIBLES\NSMQ 2016 Questions\CONTEST 10.doc
d1b9fdad5a969e80be8b7f2f85086fff78d13ce3e6cf4508f2033061be51a9d9,loose_file,CONTEST 11.doc,.doc,SMQ BIBLES\NSMQ 2016 Questions\CONTEST 11.doc,528896,1,SMQ BIBLES\NSMQ 2016 Questions\CONTEST 11.doc
f318ee8573fc01e17064dbf2efe37f77573569f2bdfb9cc73ef2cbaccf4660c3,loose_file,CONTEST 12.doc,.doc,SMQ BIBLES\NSMQ 2016 Questions\CONTEST 12.doc,1196032,1,SMQ BIBLES\NSMQ 2016 Questions\CONTEST 12.doc
0df517a142580bc0572fdf455be4da0691c04ed42c5554ebc2578206a97cbf1b,loose_file,CONTEST 13.doc,.doc,SMQ BIBLES\NSMQ 2016 Questions\CONTEST 13.doc,710656,1,SMQ BIBLES\NSMQ 2016 Questions\CONTEST 13.doc
c60dd3444265dcb6830438488964ee2eebf0e60e6881372dd2d64270019f9b04,loose_file,CONTEST 14.doc,.doc,SMQ BIBLES\NSMQ 2016 Questions\CONTEST 14.doc,578048,1,SMQ BIBLES\NSMQ 2016 Questions\CONTEST 14.doc
860dfe7794e9151013cbd38d40a3cf4b8f1bee63d92c8ba90ecc8ec0db743af5,loose_file,CONTEST 15.doc,.doc,SMQ BIBLES\NSMQ 2016 Questions\CONTEST 15.doc,528384,1,SMQ BIBLES\NSMQ 2016 Questions\CONTEST 15.doc
df99eb530b2c3cbfdfd9443130af4ae1625527e3150a946f7a92939b00e9d32b,loose_file,CONTEST 16.doc,.doc,SMQ BIBLES\NSMQ 2016 Questions\CONTEST 16.doc,704000,1,SMQ BIBLES\NSMQ 2016 Questions\CONTEST 16.doc
b93b294534a694e45a0abb3b2865fb8e82045178796d4541d431908a68654e0e,loose_file,CONTEST 17.doc,.doc,SMQ BIBLES\NSMQ 2016 Questions\CONTEST 17.doc,446464,1,SMQ BIBLES\NSMQ 2016 Questions\CONTEST 17.doc
7cb34900c3526bcd7e7936058577731ec7ef65cae7009274a33786e5710ae8ea,loose_file,CONTEST 18.doc,.doc,SMQ BIBLES\NSMQ 2016 Questions\CONTEST 18.doc,877568,1,SMQ BIBLES\NSMQ 2016 Questions\CONTEST 18.doc
bf6b1bf8992b80ff35ca052b85cb9b3d72c10fe9cc05d331d3e414c9eec5ca3c,loose_file,CONTEST 19.doc,.doc,SMQ BIBLES\NSMQ 2016 Questions\CONTEST 19.doc,610465,1,SMQ BIBLES\NSMQ 2016 Questions\CONTEST 19.doc
25c22b008ca7493ecfe8faa132077e2462ff56d8eba9e29f1d01fae7a2b7d5d0,loose_file,CONTEST 20.doc,.doc,SMQ BIBLES\NSMQ 2016 Questions\CONTEST 20.doc,1271978,1,SMQ BIBLES\NSMQ 2016 Questions\CONTEST 20.doc
a7b888311fb03c21f1074fbb127c67f7fac31bd0ea542975059d93c0e860133c,loose_file,CONTEST 21.doc,.doc,SMQ BIBLES\NSMQ 2016 Questions\CONTEST 21.doc,942638,1,SMQ BIBLES\NSMQ 2016 Questions\CONTEST 21.doc
2e6643c64d0f6f21efc8f1639c85a33cd15d63368d6209431f21943201615796,loose_file,CONTEST 22.doc,.doc,SMQ BIBLES\NSMQ 2016 Questions\CONTEST 22.doc,1428992,1,SMQ BIBLES\NSMQ 2016 Questions\CONTEST 22.doc
60f31bbe49e910659ed8768ea715299c4436c56fc4f48c2743e182ba74f70cbf,loose_file,CONTEST 23.doc,.doc,SMQ BIBLES\NSMQ 2016 Questions\CONTEST 23.doc,1224704,1,SMQ BIBLES\NSMQ 2016 Questions\CONTEST 23.doc
149278d475ede3927e8f6d86a54e854d9deb1cbcf4903d9dee651e3f7db75e8a,loose_file,CONTEST 24.doc,.doc,SMQ BIBLES\NSMQ 2016 Questions\CONTEST 24.doc,1534464,1,SMQ BIBLES\NSMQ 2016 Questions\CONTEST 24.doc
b9e69fe536ac0fee014037c941c11b3ec4d78cd1557e813295bc93b271726810,loose_file,CONTEST 25.doc,.doc,SMQ BIBLES\NSMQ 2016 Questions\CONTEST 25.doc,769714,1,SMQ BIBLES\NSMQ 2016 Questions\CONTEST 25.doc
43130839785c9b2516db76251b366366943b88f9cacada27dd0788d35c02f447,loose_file,CONTEST 26.doc,.doc,SMQ BIBLES\NSMQ 2016 Questions\CONTEST 26.doc,1128448,1,SMQ BIBLES\NSMQ 2016 Questions\CONTEST 26.doc
0d6651453a9437f1d135253d7f0e6a397ba71aed9a9aeb28f726bd0ce5f66085,loose_file,CONTEST 27.doc,.doc,SMQ BIBLES\NSMQ 2016 Questions\CONTEST 27.doc,1078272,1,SMQ BIBLES\NSMQ 2016 Questions\CONTEST 27.doc
9407e2ce005d69a9d0588188a4cbd71f6eff731ce9f490775005bd61d9d85430,loose_file,CONTEST 28.doc,.doc,SMQ BIBLES\NSMQ 2016 Questions\CONTEST 28.doc,2065408,1,SMQ BIBLES\NSMQ 2016 Questions\CONTEST 28.doc
c727178da1f8015516cdd0bdefee91a0409a04fa64567e723a147deb71cac831,loose_file,CONTEST 29.docx,.docx,SMQ BIBLES\NSMQ 2016 Questions\CONTEST 29.docx,2188800,1,SMQ BIBLES\NSMQ 2016 Questions\CONTEST 29.docx
e015b6382b667a1dcc3d17e24abaf74af0bfb8adccc77c136f562aec10d43cd7,loose_file,CONTEST 30.doc,.doc,SMQ BIBLES\NSMQ 2016 Questions\CONTEST 30.doc,1924608,1,SMQ BIBLES\NSMQ 2016 Questions\CONTEST 30.doc
eb79bfb2b2e5592197e493c131986079e6371e21ff2e9d6e9e6deae4fe6ce192,loose_file,CONTEST 31.doc,.doc,SMQ BIBLES\NSMQ 2016 Questions\CONTEST 31.doc,1417216,1,SMQ BIBLES\NSMQ 2016 Questions\CONTEST 31.doc
18f397698c261c8875b6b098c67f0c19809ac4c3149dc9664ce9448317ff5b22,loose_file,CONTEST 32.docx,.docx,SMQ BIBLES\NSMQ 2016 Questions\CONTEST 32.docx,1893888,1,SMQ BIBLES\NSMQ 2016 Questions\CONTEST 32.docx
01cb91be753995dd1860ece242496509fd49bb18048c221dabb44285adc04b51,loose_file,CONTEST 33.doc,.doc,SMQ BIBLES\NSMQ 2016 Questions\CONTEST 33.doc,2316800,1,SMQ BIBLES\NSMQ 2016 Questions\CONTEST 33.doc
a045bc71cd49e72927fd43d860a7aad672d032e68cbdd8361ad8e6f9b9dd4c3c,loose_file,CONTEST 34.doc,.doc,SMQ BIBLES\NSMQ 2016 Questions\CONTEST 34.doc,2209280,1,SMQ BIBLES\NSMQ 2016 Questions\CONTEST 34.doc
a9be173e50b0fdb175be896726fea9d8155c754211388ff868a9075cddd74e1a,loose_file,CONTEST 35.doc,.doc,SMQ BIBLES\NSMQ 2016 Questions\CONTEST 35.doc,2764288,1,SMQ BIBLES\NSMQ 2016 Questions\CONTEST 35.doc
d3afdc2a37bac6f859084b27b99f535731aa5e895f624f5fc2701aa811b60ea4,loose_file,CONTEST 36.doc,.doc,SMQ BIBLES\NSMQ 2016 Questions\CONTEST 36.doc,2276864,1,SMQ BIBLES\NSMQ 2016 Questions\CONTEST 36.doc
700958d248262da9557f319e898220538a42114e1329d7e73798754bd6bbd5d7,loose_file,CONTEST 37.doc,.doc,SMQ BIBLES\NSMQ 2016 Questions\CONTEST 37.doc,3386880,1,SMQ BIBLES\NSMQ 2016 Questions\CONTEST 37.doc
6e7c809a74039ff922dddb9411a9b4c97a6f0c04431d9ec68045adaefdb9e4a4,loose_file,CONTEST 38.doc,.doc,SMQ BIBLES\NSMQ 2016 Questions\CONTEST 38.doc,2735616,1,SMQ BIBLES\NSMQ 2016 Questions\CONTEST 38.doc
1c1b6393c491de2a08704430d50748c3971de3a5f33f29067e95825019882072,loose_file,CONTEST 39.doc,.doc,SMQ BIBLES\NSMQ 2016 Questions\CONTEST 39.doc,2747904,1,SMQ BIBLES\NSMQ 2016 Questions\CONTEST 39.doc
459d3f9fdd844c284a86b27afeec1b4911f5d04d31ce801c0179f57cc0f16561,loose_file,CONTEST 40.doc,.doc,SMQ BIBLES\NSMQ 2016 Questions\CONTEST 40.doc,2119165,1,SMQ BIBLES\NSMQ 2016 Questions\CONTEST 40.doc
5daa75b73fb48dc53434def372406dad928fb3d73b6e93de0d865e399de69752,loose_file,Copy of CONTEST 32.docx.docx,.docx,SMQ BIBLES\NSMQ 2016 Questions\Copy of CONTEST 32.docx.docx,1104485,1,SMQ BIBLES\NSMQ 2016 Questions\Copy of CONTEST 32.docx.docx
8b86c11f3d61b213bd6de81647fa18c9dfafd325a1131e50e84a0fe6af5ca001,loose_file,Diverisity sorted.docx,.docx,SMQ BIBLES\NSMQ 2016 Questions\Diverisity sorted.docx,39739,1,SMQ BIBLES\NSMQ 2016 Questions\Diverisity sorted.docx
79c0b7133eacf4b0a7da860b886c7c249e600852c9a13825e110208650d29982,loose_file,PRELIMINARY FIRST 36 CONTESTS FOR UNSEEDED SCHOOLS.docx,.docx,SMQ BIBLES\NSMQ 2016 Questions\MATHS\PRELIMINARY FIRST 36 CONTESTS FOR UNSEEDED SCHOOLS.docx,128670,1,SMQ BIBLES\NSMQ 2016 Questions\MATHS\PRELIMINARY FIRST 36 CONTESTS FOR UNSEEDED SCHOOLS.docx
05111b877b176f02b4473821f6457288a516e145d4a669004458963995f8d30f,loose_file,PROBLEM OF THE DAY 2016.docx,.docx,SMQ BIBLES\NSMQ 2016 Questions\MATHS\PROBLEM OF THE DAY 2016.docx,84170,1,SMQ BIBLES\NSMQ 2016 Questions\MATHS\PROBLEM OF THE DAY 2016.docx
f64ad79dea90012e29d04d4fda472daf1e8ea83e7214d7c902cac88df3ac08b5,loose_file,SMQ2016 (40 NATIONAL CONTESTS).docx,.docx,SMQ BIBLES\NSMQ 2016 Questions\MATHS\SMQ2016 (40 NATIONAL CONTESTS).docx,274385,1,SMQ BIBLES\NSMQ 2016 Questions\MATHS\SMQ2016 (40 NATIONAL CONTESTS).docx
970986cdab364597bd1b35431c26775cabbb6561563802bd331e42ea804a17f0,loose_file,Contest 1.doc,.doc,SMQ BIBLES\NSMQ 2016 Questions\NSMQ 2012 Questions\Contest 1.doc,330240,1,SMQ BIBLES\NSMQ 2016 Questions\NSMQ 2012 Questions\Contest 1.doc
86fab6f2b977bea2e9683da27630f0c153dae098b59adae81c52adee926c09bc,loose_file,Contest 10.doc,.doc,SMQ BIBLES\NSMQ 2016 Questions\NSMQ 2012 Questions\Contest 10.doc,344064,1,SMQ BIBLES\NSMQ 2016 Questions\NSMQ 2012 Questions\Contest 10.doc
2df454bbca50f9bc95d5f8cd254573f152a1d3c3ba243742bcc38e498fc1ee0a,loose_file,Contest 13.doc,.doc,SMQ BIBLES\NSMQ 2016 Questions\NSMQ 2012 Questions\Contest 13.doc,948736,1,SMQ BIBLES\NSMQ 2016 Questions\NSMQ 2012 Questions\Contest 13.doc
39611dad4ec8f0c8418224eb23976129238c789e5df4894b288de14202eb11f5,loose_file,Contest 2.doc,.doc,SMQ BIBLES\NSMQ 2016 Questions\NSMQ 2012 Questions\Contest 2.doc,247808,1,SMQ BIBLES\NSMQ 2016 Questions\NSMQ 2012 Questions\Contest 2.doc
0f0a997502f25fb4f34a7c79838ffe2217772c3a96c6c74ba987f6bf3f3e7c3a,loose_file,Contest 25.doc,.doc,SMQ BIBLES\NSMQ 2016 Questions\NSMQ 2012 Questions\Contest 25.doc,700416,1,SMQ BIBLES\NSMQ 2016 Questions\NSMQ 2012 Questions\Contest 25.doc
3139a4e6a067bfd01adcf5b363a2ca33d7cc2183a1f781fcfdfbecd9e25e2d5f,loose_file,Contest 29.doc,.doc,SMQ BIBLES\NSMQ 2016 Questions\NSMQ 2012 Questions\Contest 29.doc,478208,1,SMQ BIBLES\NSMQ 2016 Questions\NSMQ 2012 Questions\Contest 29.doc
5691cef75f9a74b70d07ef19d3ddbca8ceef6cfd0700d3b7499cb067e85e224a,loose_file,Contest 36.doc,.doc,SMQ BIBLES\NSMQ 2016 Questions\NSMQ 2012 Questions\Contest 36.doc,563200,1,SMQ BIBLES\NSMQ 2016 Questions\NSMQ 2012 Questions\Contest 36.doc
1f230017ac872a82c9150e0ff9b0ad08defeaab02e4d8193a072b531a534d6e1,loose_file,Contest 5.doc,.doc,SMQ BIBLES\NSMQ 2016 Questions\NSMQ 2012 Questions\Contest 5.doc,775168,1,SMQ BIBLES\NSMQ 2016 Questions\NSMQ 2012 Questions\Contest 5.doc
cfcc076c26286b1277b44a59b18306a66ffcf54f2e13898262e627dd2071f9de,loose_file,physics questions 2016.docx,.docx,SMQ BIBLES\NSMQ 2016 Questions\physics questions 2016.docx,86597,1,SMQ BIBLES\NSMQ 2016 Questions\physics questions 2016.docx
badc19669d4726fa99204c199773babc878511509e0acd7993e2fbb8e278f48e,loose_file,Prelims Round 1 - Physics 2016.docx,.docx,SMQ BIBLES\NSMQ 2016 Questions\PHYSICS\Prelims Round 1 - Physics 2016.docx,81434,1,SMQ BIBLES\NSMQ 2016 Questions\PHYSICS\Prelims Round 1 - Physics 2016.docx
af45a559b2dd9be761412db8059a0a4987d17e89f2d38aa5c7e2d00244f6501b,loose_file,Prelims Round 2 - Physics 2016.docx,.docx,SMQ BIBLES\NSMQ 2016 Questions\PHYSICS\Prelims Round 2 - Physics 2016.docx,54414,1,SMQ BIBLES\NSMQ 2016 Questions\PHYSICS\Prelims Round 2 - Physics 2016.docx
e2f7cabce2c41c85c1888c421bea783d38122366259160b25759e9451e122619,loose_file,Prelims Round 4 - Physics 2016.docx,.docx,SMQ BIBLES\NSMQ 2016 Questions\PHYSICS\Prelims Round 4 - Physics 2016.docx,43164,1,SMQ BIBLES\NSMQ 2016 Questions\PHYSICS\Prelims Round 4 - Physics 2016.docx
36e20aa5a1468ac1ea40c1242abfefcc9f7f9d5c4456cf3965652c6b87ad34f4,loose_file,Prelims Round 5 - Physics 2016.docx,.docx,SMQ BIBLES\NSMQ 2016 Questions\PHYSICS\Prelims Round 5 - Physics 2016.docx,37378,1,SMQ BIBLES\NSMQ 2016 Questions\PHYSICS\Prelims Round 5 - Physics 2016.docx
d6dd365a346fa18cb8731d3d32368e4aaf6d55f47d7a87523a76d22cafc17558,loose_file,Round 1 - Physics 2016.docx,.docx,SMQ BIBLES\NSMQ 2016 Questions\PHYSICS\Round 1 - Physics 2016.docx,100871,1,SMQ BIBLES\NSMQ 2016 Questions\PHYSICS\Round 1 - Physics 2016.docx
fae82e3390c90b73b0e761867e2736e29092f11e9aad4f19dcd816bfee98cd07,loose_file,Round 2 - Physics 2016.docx,.docx,SMQ BIBLES\NSMQ 2016 Questions\PHYSICS\Round 2 - Physics 2016.docx,58176,1,SMQ BIBLES\NSMQ 2016 Questions\PHYSICS\Round 2 - Physics 2016.docx
0e89f3abd64f84e6d4b2ce05f9a7836bb3c14d640d37581184a9519c9ad2a792,loose_file,Round 3 - Physics 2016.docx,.docx,SMQ BIBLES\NSMQ 2016 Questions\PHYSICS\Round 3 - Physics 2016.docx,304110,1,SMQ BIBLES\NSMQ 2016 Questions\PHYSICS\Round 3 - Physics 2016.docx
1f7415c9a2d4f2b1c7397c6cb7eb4d3eede06d2467e84b4c83ea72d03b3b0b51,loose_file,Round 4 - Physics 2016.docx,.docx,SMQ BIBLES\NSMQ 2016 Questions\PHYSICS\Round 4 - Physics 2016.docx,46649,1,SMQ BIBLES\NSMQ 2016 Questions\PHYSICS\Round 4 - Physics 2016.docx
dea24b20673902707aff3dd4859e891c858e31d40d24987136ebf083355a147c,loose_file,Round 5 - Physics 2016.docx,.docx,SMQ BIBLES\NSMQ 2016 Questions\PHYSICS\Round 5 - Physics 2016.docx,38097,1,SMQ BIBLES\NSMQ 2016 Questions\PHYSICS\Round 5 - Physics 2016.docx
d944217dbef9665c02ba178c47fd4599babe5d6b37162b3d8cc292788b151792,loose_file,2017 National Finals - Maths Questions.docx,.docx,SMQ BIBLES\NSMQ 2017\2017 National Finals - Maths Questions.docx,244590,1,SMQ BIBLES\NSMQ 2017\2017 National Finals - Maths Questions.docx
18f78c47addaa3d489eae21ff63033b0115d5a6e46113625a10865ef50a77132,loose_file,Biology 2017 Questions Riddles.docx,.docx,SMQ BIBLES\NSMQ 2017\Biology 2017 Questions Riddles.docx,37557,2,SMQ BIBLES\NSMQ 2017\Biology 2017 Questions Riddles.docx | SMQ BIBLES\NSMQ 2017\NSMQ  Questions\Biology Questions\Biology 2017 Questions Riddles.docx
69540e4fa69bca3d47021f12de6eea4294ffe965ce02f6239fd567f9238deafa,loose_file,Biology 2017 Questions True or false.docx,.docx,SMQ BIBLES\NSMQ 2017\Biology 2017 Questions True or false.docx,44709,2,SMQ BIBLES\NSMQ 2017\Biology 2017 Questions True or false.docx | SMQ BIBLES\NSMQ 2017\NSMQ  Questions\Biology Questions\Biology 2017 Questions True or false.docx
202fbfa60eb032f075b846d02199b681e2fc83fdef8bc79f147c4ea9930d9818,loose_file,Biology 2017(Problem of the Day) - one-eighth to finals.docx,.docx,SMQ BIBLES\NSMQ 2017\Biology 2017(Problem of the Day) - one-eighth to finals.docx,101956,2,SMQ BIBLES\NSMQ 2017\Biology 2017(Problem of the Day) - one-eighth to finals.docx | SMQ BIBLES\NSMQ 2017\NSMQ  Questions\Biology Questions\Biology 2017(Problem of the Day) - one-eighth to finals.docx
4a82182c4f343596c849866335ec2bc7a9fb42c534750b03ca182ce6e7b386e8,loose_file,AR NSMQ BIOLOGY.docx,.docx,SMQ BIBLES\NSMQ 2017\BIOLOGY PROBLEM OF THE DAY AND SOLUTIONS\AR NSMQ BIOLOGY.docx,239928,1,SMQ BIBLES\NSMQ 2017\BIOLOGY PROBLEM OF THE DAY AND SOLUTIONS\AR NSMQ BIOLOGY.docx
b9d93d23ac6719c208e29c258c4c92258f99d131b28857f747475601e32d3176,loose_file,Contest 16.docx,.docx,SMQ BIBLES\NSMQ 2017\Chemistry Questions\Contest 16.docx,18069,1,SMQ BIBLES\NSMQ 2017\Chemistry Questions\Contest 16.docx
e42c476b0569043ce7b117afd7e299d5b9b5b66b2120f150b4573a70f5b8b5ee,loose_file,Contest 22.docx,.docx,SMQ BIBLES\NSMQ 2017\Chemistry Questions\Contest 22.docx,17881,1,SMQ BIBLES\NSMQ 2017\Chemistry Questions\Contest 22.docx
6780c6cdc5f1003355c2303829ae46bb685827b29b450aef3037f89c00f78aa9,loose_file,Contest 3.docx,.docx,SMQ BIBLES\NSMQ 2017\Chemistry Questions\Contest 3.docx,18238,2,SMQ BIBLES\NSMQ 2017\Chemistry Questions\Contest 3.docx | SMQ BIBLES\NSMQ 2017\NSMQ  Questions\Chemistry Questions\Contest 3.docx
53be5c00a459d77b49d986d57e2852714d4e39efb8cfc91db18bfacccfef6012,loose_file,Contest 31.docx,.docx,SMQ BIBLES\NSMQ 2017\Chemistry Questions\Contest 31.docx,22496,2,SMQ BIBLES\NSMQ 2017\Chemistry Questions\Contest 31.docx | SMQ BIBLES\NSMQ 2017\NSMQ  Questions\Chemistry Questions\Contest 31.docx
299baad94928386ad5fc6aa6fc258446b97470a214ca9146287744783c706372,loose_file,Contest 36.docx,.docx,SMQ BIBLES\NSMQ 2017\Chemistry Questions\Contest 36.docx,22856,2,SMQ BIBLES\NSMQ 2017\Chemistry Questions\Contest 36.docx | SMQ BIBLES\NSMQ 2017\NSMQ  Questions\Chemistry Questions\Contest 36.docx
6bb514030436da68c89fe96351b35d1396057aca55bad45a86d6396ccb89ce68,loose_file,Contest 38.docx,.docx,SMQ BIBLES\NSMQ 2017\Chemistry Questions\Contest 38.docx,20682,2,SMQ BIBLES\NSMQ 2017\Chemistry Questions\Contest 38.docx | SMQ BIBLES\NSMQ 2017\NSMQ  Questions\Chemistry Questions\Contest 38.docx
51cce722b23ddb798ec490c446c3e4b8021a95669d688c825732a76b7275fc0d,loose_file,Contest 4.docx,.docx,SMQ BIBLES\NSMQ 2017\Chemistry Questions\Contest 4.docx,16184,1,SMQ BIBLES\NSMQ 2017\Chemistry Questions\Contest 4.docx
b90a9d8cb1918e952ad1a77cbae82481053f25dfcf066fa0d3007c95e05b8bc6,loose_file,Contest 1.docx,.docx,SMQ BIBLES\NSMQ 2017\Contest 1.docx,17487,3,SMQ BIBLES\NSMQ 2017\Chemistry Questions\Contest 1.docx | SMQ BIBLES\NSMQ 2017\Contest 1.docx | SMQ BIBLES\NSMQ 2017\NSMQ  Questions\Chemistry Questions\Contest 1.docx
1c97d27b0617118fec9dc28fc66c3c53a27e0a60017427ce6b781ac337539652,loose_file,Contest 10.docx,.docx,SMQ BIBLES\NSMQ 2017\Contest 10.docx,18232,3,SMQ BIBLES\NSMQ 2017\Chemistry Questions\Contest 10.docx | SMQ BIBLES\NSMQ 2017\Contest 10.docx | SMQ BIBLES\NSMQ 2017\NSMQ  Questions\Chemistry Questions\Contest 10.docx
930dd98566c16b962e5210f9913bc81cf506ddbda6f17c137d606d501c2f57a0,loose_file,Contest 11.docx,.docx,SMQ BIBLES\NSMQ 2017\Contest 11.docx,19512,3,SMQ BIBLES\NSMQ 2017\Chemistry Questions\Contest 11.docx | SMQ BIBLES\NSMQ 2017\Contest 11.docx | SMQ BIBLES\NSMQ 2017\NSMQ  Questions\Chemistry Questions\Contest 11.docx
382dc4415fefc57a1be66967431cca300c739738bbce2c344d51df47441bc5df,loose_file,Contest 12.docx,.docx,SMQ BIBLES\NSMQ 2017\Contest 12.docx,17727,3,SMQ BIBLES\NSMQ 2017\Chemistry Questions\Contest 12.docx | SMQ BIBLES\NSMQ 2017\Contest 12.docx | SMQ BIBLES\NSMQ 2017\NSMQ  Questions\Chemistry Questions\Contest 12.docx
cfea63f7a1eba27de91e2ed0a278a4624277eff903651a4bd841bd434e8ab1fb,loose_file,Contest 13.docx,.docx,SMQ BIBLES\NSMQ 2017\Contest 13.docx,18490,3,SMQ BIBLES\NSMQ 2017\Chemistry Questions\Contest 13.docx | SMQ BIBLES\NSMQ 2017\Contest 13.docx | SMQ BIBLES\NSMQ 2017\NSMQ  Questions\Chemistry Questions\Contest 13.docx
c46274f730f666e3d0bc175263a41b228104282887f845d7c5d870c2082fbb6e,loose_file,Contest 14.docx,.docx,SMQ BIBLES\NSMQ 2017\Contest 14.docx,17573,3,SMQ BIBLES\NSMQ 2017\Chemistry Questions\Contest 14.docx | SMQ BIBLES\NSMQ 2017\Contest 14.docx | SMQ BIBLES\NSMQ 2017\NSMQ  Questions\Chemistry Questions\Contest 14.docx
71ad60c379a2b4051d3838b3c9b3695ecd15398340c4334eee40b7564ef2678d,loose_file,Contest 15.docx,.docx,SMQ BIBLES\NSMQ 2017\Contest 15.docx,18123,3,SMQ BIBLES\NSMQ 2017\Chemistry Questions\Contest 15.docx | SMQ BIBLES\NSMQ 2017\Contest 15.docx | SMQ BIBLES\NSMQ 2017\NSMQ  Questions\Chemistry Questions\Contest 15.docx
97221d3ade2a1532ee402a975c0a5202c5779ffea563c9dae89a1a3321eea1fd,loose_file,Contest 16.docx,.docx,SMQ BIBLES\NSMQ 2017\Contest 16.docx,18038,1,SMQ BIBLES\NSMQ 2017\Contest 16.docx
3c5a2e7aacbb1589e37d9b2cfe260306379aec64a1f8b555c6b4d2622aed7701,loose_file,Contest 17.docx,.docx,SMQ BIBLES\NSMQ 2017\Contest 17.docx,18004,3,SMQ BIBLES\NSMQ 2017\Chemistry Questions\Contest 17.docx | SMQ BIBLES\NSMQ 2017\Contest 17.docx | SMQ BIBLES\NSMQ 2017\NSMQ  Questions\Chemistry Questions\Contest 17.docx
a4849cc4429b4eef8466d089354a70e4f543cac9c514e757b7861d7d37d099f0,loose_file,Contest 18.docx,.docx,SMQ BIBLES\NSMQ 2017\Contest 18.docx,17639,3,SMQ BIBLES\NSMQ 2017\Chemistry Questions\Contest 18.docx | SMQ BIBLES\NSMQ 2017\Contest 18.docx | SMQ BIBLES\NSMQ 2017\NSMQ  Questions\Chemistry Questions\Contest 18.docx
11500535379e4ad2793769e6ac4cbf997b497ef5a21486d2ce852611411aeaaa,loose_file,Contest 19.docx,.docx,SMQ BIBLES\NSMQ 2017\Contest 19.docx,19853,3,SMQ BIBLES\NSMQ 2017\Chemistry Questions\Contest 19.docx | SMQ BIBLES\NSMQ 2017\Contest 19.docx | SMQ BIBLES\NSMQ 2017\NSMQ  Questions\Chemistry Questions\Contest 19.docx
62ed5aeb2387006afa10a00b193e0f52d45c7d81c4ab81cc32d9c6e9597c0bff,loose_file,Contest 2.docx,.docx,SMQ BIBLES\NSMQ 2017\Contest 2.docx,17069,3,SMQ BIBLES\NSMQ 2017\Chemistry Questions\Contest 2.docx | SMQ BIBLES\NSMQ 2017\Contest 2.docx | SMQ BIBLES\NSMQ 2017\NSMQ  Questions\Chemistry Questions\Contest 2.docx
e74dbf17b47eb451c9043c96622c6da35b23f734290dc5f5a1101e28a5d84f09,loose_file,Contest 20.docx,.docx,SMQ BIBLES\NSMQ 2017\Contest 20.docx,17633,3,SMQ BIBLES\NSMQ 2017\Chemistry Questions\Contest 20.docx | SMQ BIBLES\NSMQ 2017\Contest 20.docx | SMQ BIBLES\NSMQ 2017\NSMQ  Questions\Chemistry Questions\Contest 20.docx
3e2729d498500493a2fb58c51254ba42c4dbce0ce2d0a463392c8fe7dde043b9,loose_file,Contest 21.docx,.docx,SMQ BIBLES\NSMQ 2017\Contest 21.docx,19656,3,SMQ BIBLES\NSMQ 2017\Chemistry Questions\Contest 21.docx | SMQ BIBLES\NSMQ 2017\Contest 21.docx | SMQ BIBLES\NSMQ 2017\NSMQ  Questions\Chemistry Questions\Contest 21.docx
da0857b15ed49ee28b69b361a7704f5a6519df19abd604c38e919eaf8aae13dd,loose_file,Contest 22.docx,.docx,SMQ BIBLES\NSMQ 2017\Contest 22.docx,19713,2,SMQ BIBLES\NSMQ 2017\Contest 22.docx | SMQ BIBLES\NSMQ 2017\NSMQ  Questions\Chemistry Questions\Contest 22.docx
f1ab2f4e987d675cc194576949ba94a7e1429c76d6f7459c4de6883fd963e0aa,loose_file,Contest 23.docx,.docx,SMQ BIBLES\NSMQ 2017\Contest 23.docx,22905,3,SMQ BIBLES\NSMQ 2017\Chemistry Questions\Contest 23.docx | SMQ BIBLES\NSMQ 2017\Contest 23.docx | SMQ BIBLES\NSMQ 2017\NSMQ  Questions\Chemistry Questions\Contest 23.docx
e3321ff74cea5a970f650a202777526b722f2673869d1177e1f269620867ae6b,loose_file,Contest 24.docx,.docx,SMQ BIBLES\NSMQ 2017\Contest 24.docx,20433,3,SMQ BIBLES\NSMQ 2017\Chemistry Questions\Contest 24.docx | SMQ BIBLES\NSMQ 2017\Contest 24.docx | SMQ BIBLES\NSMQ 2017\NSMQ  Questions\Chemistry Questions\Contest 24.docx
a4d89be84c60656217a96eaa43d49076897cf25d1d4d30026d275513e83cca17,loose_file,Contest 25.docx,.docx,SMQ BIBLES\NSMQ 2017\Contest 25.docx,20662,3,SMQ BIBLES\NSMQ 2017\Chemistry Questions\Contest 25.docx | SMQ BIBLES\NSMQ 2017\Contest 25.docx | SMQ BIBLES\NSMQ 2017\NSMQ  Questions\Chemistry Questions\Contest 25.docx
ff910e954f5661b790c8804a28d76ee3772b090ce5686144fc91448af18bcfb1,loose_file,Contest 26.docx,.docx,SMQ BIBLES\NSMQ 2017\Contest 26.docx,20485,3,SMQ BIBLES\NSMQ 2017\Chemistry Questions\Contest 26.docx | SMQ BIBLES\NSMQ 2017\Contest 26.docx | SMQ BIBLES\NSMQ 2017\NSMQ  Questions\Chemistry Questions\Contest 26.docx
3d4319c03990421990ec3514e4317bf256d40e6d21b1fd14b399e8dd49ecbf15,loose_file,Contest 27.docx,.docx,SMQ BIBLES\NSMQ 2017\Contest 27.docx,21140,3,SMQ BIBLES\NSMQ 2017\Chemistry Questions\Contest 27.docx | SMQ BIBLES\NSMQ 2017\Contest 27.docx | SMQ BIBLES\NSMQ 2017\NSMQ  Questions\Chemistry Questions\Contest 27.docx
18252a205b091b4367107e0de7bab7f22b3ebc9821bbc682f494f35eeb6359ac,loose_file,Contest 28.docx,.docx,SMQ BIBLES\NSMQ 2017\Contest 28.docx,21134,3,SMQ BIBLES\NSMQ 2017\Chemistry Questions\Contest 28.docx | SMQ BIBLES\NSMQ 2017\Contest 28.docx | SMQ BIBLES\NSMQ 2017\NSMQ  Questions\Chemistry Questions\Contest 28.docx
aa1e18b132d8d732866c3ce1b1fc3573c34126a2f4c7e0cef45aeed0cc5d3e59,loose_file,Contest 29.docx,.docx,SMQ BIBLES\NSMQ 2017\Contest 29.docx,22151,3,SMQ BIBLES\NSMQ 2017\Chemistry Questions\Contest 29.docx | SMQ BIBLES\NSMQ 2017\Contest 29.docx | SMQ BIBLES\NSMQ 2017\NSMQ  Questions\Chemistry Questions\Contest 29.docx
63ede820f588fe91508a8177a5a99180a45e84f850da596ea0299f5087ea985c,loose_file,Contest 3.docx,.docx,SMQ BIBLES\NSMQ 2017\Contest 3.docx,18238,1,SMQ BIBLES\NSMQ 2017\Contest 3.docx
906b132ee01cc5a323a09e8c6e99e7dc16738f41de899d4f2bd5019406b6e424,loose_file,Contest 30.docx,.docx,SMQ BIBLES\NSMQ 2017\Contest 30.docx,21050,3,SMQ BIBLES\NSMQ 2017\Chemistry Questions\Contest 30.docx | SMQ BIBLES\NSMQ 2017\Contest 30.docx | SMQ BIBLES\NSMQ 2017\NSMQ  Questions\Chemistry Questions\Contest 30.docx
da5459342bb98752805c2d1274a5fb75a114e3e9ba19dc5f227641d932ac8a74,loose_file,Contest 31.docx,.docx,SMQ BIBLES\NSMQ 2017\Contest 31.docx,22496,1,SMQ BIBLES\NSMQ 2017\Contest 31.docx
5fd18237ab1d42f3ec121843d90f76df8b342d8d0e85115b740a1ae5bb15f18f,loose_file,Contest 32.docx,.docx,SMQ BIBLES\NSMQ 2017\Contest 32.docx,21262,3,SMQ BIBLES\NSMQ 2017\Chemistry Questions\Contest 32.docx | SMQ BIBLES\NSMQ 2017\Contest 32.docx | SMQ BIBLES\NSMQ 2017\NSMQ  Questions\Chemistry Questions\Contest 32.docx
26933c108b7600a4c4fd3ae27dbd16eefa79ccaafa229efc938661abdb2d08cd,loose_file,Contest 33.docx,.docx,SMQ BIBLES\NSMQ 2017\Contest 33.docx,22965,3,SMQ BIBLES\NSMQ 2017\Chemistry Questions\Contest 33.docx | SMQ BIBLES\NSMQ 2017\Contest 33.docx | SMQ BIBLES\NSMQ 2017\NSMQ  Questions\Chemistry Questions\Contest 33.docx
b075dfe473d860d2541cd75ef06864bc463c37331d6dd33ab18a20e10c0818fd,loose_file,Contest 34.docx,.docx,SMQ BIBLES\NSMQ 2017\Contest 34.docx,19368,3,SMQ BIBLES\NSMQ 2017\Chemistry Questions\Contest 34.docx | SMQ BIBLES\NSMQ 2017\Contest 34.docx | SMQ BIBLES\NSMQ 2017\NSMQ  Questions\Chemistry Questions\Contest 34.docx
98a41dfaa62d35d4b470a544450f75699b7051959e18c23f34a8abaecc4ab906,loose_file,Contest 35.docx,.docx,SMQ BIBLES\NSMQ 2017\Contest 35.docx,19906,3,SMQ BIBLES\NSMQ 2017\Chemistry Questions\Contest 35.docx | SMQ BIBLES\NSMQ 2017\Contest 35.docx | SMQ BIBLES\NSMQ 2017\NSMQ  Questions\Chemistry Questions\Contest 35.docx
540695a3afdc0be25e5f2abcc1f608d7c5f8135e022a5c0c717c61cba930213c,loose_file,Contest 36.docx,.docx,SMQ BIBLES\NSMQ 2017\Contest 36.docx,22856,1,SMQ BIBLES\NSMQ 2017\Contest 36.docx
128900c17e0500854d848ee047535cd80dae73d5faccbb0d3b39d3ada67fc2d2,loose_file,Contest 37.docx,.docx,SMQ BIBLES\NSMQ 2017\Contest 37.docx,21941,3,SMQ BIBLES\NSMQ 2017\Chemistry Questions\Contest 37.docx | SMQ BIBLES\NSMQ 2017\Contest 37.docx | SMQ BIBLES\NSMQ 2017\NSMQ  Questions\Chemistry Questions\Contest 37.docx
30bec597eb41a6197f9a23f410581c1207c0539f8ef5d68194a76f74e52e4286,loose_file,Contest 38.docx,.docx,SMQ BIBLES\NSMQ 2017\Contest 38.docx,20682,1,SMQ BIBLES\NSMQ 2017\Contest 38.docx
575cb0723f9092a188d700a056da7737891ece02d58d796fcefbff0f20f90801,loose_file,Contest 39.docx,.docx,SMQ BIBLES\NSMQ 2017\Contest 39.docx,23696,3,SMQ BIBLES\NSMQ 2017\Chemistry Questions\Contest 39.docx | SMQ BIBLES\NSMQ 2017\Contest 39.docx | SMQ BIBLES\NSMQ 2017\NSMQ  Questions\Chemistry Questions\Contest 39.docx
d191f5a1355f68208ad400e396a645ea6951339b6c19d0898f9779096a927358,loose_file,Contest 4.docx,.docx,SMQ BIBLES\NSMQ 2017\Contest 4.docx,16601,2,SMQ BIBLES\NSMQ 2017\Contest 4.docx | SMQ BIBLES\NSMQ 2017\NSMQ  Questions\Chemistry Questions\Contest 4.docx
f68b952096ebecfcdb37cb62cd61aff2d622781d51622a026ec8bdf24f0a1aa4,loose_file,Contest 40.docx,.docx,SMQ BIBLES\NSMQ 2017\Contest 40.docx,22345,3,SMQ BIBLES\NSMQ 2017\Chemistry Questions\Contest 40.docx | SMQ BIBLES\NSMQ 2017\Contest 40.docx | SMQ BIBLES\NSMQ 2017\NSMQ  Questions\Chemistry Questions\Contest 40.docx
b484838076a3094da415aed390263b2db92187c978c1bc3884a3ed4317787726,loose_file,Contest 5.docx,.docx,SMQ BIBLES\NSMQ 2017\Contest 5.docx,16772,3,SMQ BIBLES\NSMQ 2017\Chemistry Questions\Contest 5.docx | SMQ BIBLES\NSMQ 2017\Contest 5.docx | SMQ BIBLES\NSMQ 2017\NSMQ  Questions\Chemistry Questions\Contest 5.docx
6eca222b68b10cc666b2be49dc54d0886863a0b255667a2e33ef2e0d8773da5e,loose_file,Contest 6.docx,.docx,SMQ BIBLES\NSMQ 2017\Contest 6.docx,17996,3,SMQ BIBLES\NSMQ 2017\Chemistry Questions\Contest 6.docx | SMQ BIBLES\NSMQ 2017\Contest 6.docx | SMQ BIBLES\NSMQ 2017\NSMQ  Questions\Chemistry Questions\Contest 6.docx
9deb08980627e1815e258de81ce227f705b77ecad1f5cedc191408fb2853fd3b,loose_file,Contest 7.docx,.docx,SMQ BIBLES\NSMQ 2017\Contest 7.docx,17334,3,SMQ BIBLES\NSMQ 2017\Chemistry Questions\Contest 7.docx | SMQ BIBLES\NSMQ 2017\Contest 7.docx | SMQ BIBLES\NSMQ 2017\NSMQ  Questions\Chemistry Questions\Contest 7.docx
047e47179e5217a99b59f9fa6dc872c53d6722289e54320dd49859bb107a0af1,loose_file,Contest 8.docx,.docx,SMQ BIBLES\NSMQ 2017\Contest 8.docx,17841,3,SMQ BIBLES\NSMQ 2017\Chemistry Questions\Contest 8.docx | SMQ BIBLES\NSMQ 2017\Contest 8.docx | SMQ BIBLES\NSMQ 2017\NSMQ  Questions\Chemistry Questions\Contest 8.docx
19773c9dada95c1370bbfad4434ad51384fc9478d0a7c162fd063d3aeb122f7b,loose_file,Contest 9.docx,.docx,SMQ BIBLES\NSMQ 2017\Contest 9.docx,17418,3,SMQ BIBLES\NSMQ 2017\Chemistry Questions\Contest 9.docx | SMQ BIBLES\NSMQ 2017\Contest 9.docx | SMQ BIBLES\NSMQ 2017\NSMQ  Questions\Chemistry Questions\Contest 9.docx
904518c352bbb6e9523e3fefa4244a1736a6cb511247c99b8a89d98d88da7b4a,loose_file,CONTEST SEVEN.docx,.docx,SMQ BIBLES\NSMQ 2017\CONTEST SEVEN.docx,14990,1,SMQ BIBLES\NSMQ 2017\CONTEST SEVEN.docx
267bbe47a2c6a28e85d097c13371df9879d24c3e48f411bccc569249ce6f9ae5,loose_file,CONTEST SIX.docx,.docx,SMQ BIBLES\NSMQ 2017\CONTEST SIX.docx,17652,2,SMQ BIBLES\NSMQ 2017\CONTEST SIX.docx | SMQ BIBLES\NSMQ 2017\REGIONAL     EDITEDMSQ\CONTEST SIX.docx
9a627014bb46add6e1ae839fca6b415f4393c2e59116585dfc3820fe27a1759e,loose_file,CONTEST THREE.docx,.docx,SMQ BIBLES\NSMQ 2017\CONTEST THREE.docx,15308,1,SMQ BIBLES\NSMQ 2017\CONTEST THREE.docx
469328d9b2f986a4cda7c10bb3fda11694bc24750ad24c41e999e87f859539d4,loose_file,CONTEST TWO.docx,.docx,SMQ BIBLES\NSMQ 2017\CONTEST TWO.docx,13734,2,SMQ BIBLES\NSMQ 2017\CONTEST TWO.docx | SMQ BIBLES\NSMQ 2017\REGIONAL     EDITEDMSQ\CONTEST TWO.docx
6eafe12937bcc5b561f4eebcdd575c21ef98b47d780b9b4a77bbb9a22a9b35da,loose_file,FINAL.docx,.docx,SMQ BIBLES\NSMQ 2017\FINAL.docx,29608,2,SMQ BIBLES\NSMQ 2017\FINAL.docx | SMQ BIBLES\NSMQ 2017\REGIONAL     EDITEDMSQ\FINAL.docx
a5e33ecf28995137c0d0cd77274a194664469784fb4fabce1ba2b66ebe6f50a4,loose_file,NSMQ 2017 Biology Questions - Speed race (1).docx,.docx,SMQ BIBLES\NSMQ 2017\NSMQ  Questions\Biology Questions\NSMQ 2017 Biology Questions - Speed race (1).docx,40546,1,SMQ BIBLES\NSMQ 2017\NSMQ  Questions\Biology Questions\NSMQ 2017 Biology Questions - Speed race (1).docx
452eb58096e3dc5da26244be7f146bdce7df7cee64a6a4da09a5528b724e0521,loose_file,Contest 16.docx,.docx,SMQ BIBLES\NSMQ 2017\NSMQ  Questions\Chemistry Questions\Contest 16.docx,21186,1,SMQ BIBLES\NSMQ 2017\NSMQ  Questions\Chemistry Questions\Contest 16.docx
28819f0a5fb5cf27019b175d8a9266b82e2e9d72878b1becb949e2ff6993c7ba,loose_file,2017 National Finals - Maths Questions.docx,.docx,SMQ BIBLES\NSMQ 2017\NSMQ  Questions\Maths Questions\2017 National Finals - Maths Questions.docx,210309,1,SMQ BIBLES\NSMQ 2017\NSMQ  Questions\Maths Questions\2017 National Finals - Maths Questions.docx
c4c42d262d17cfd32d5067d09d70eb8e5e79bb5b6e0e18b9c3a98bf9b2b58cec,loose_file,Round 1 - Physics 2017.docx,.docx,SMQ BIBLES\NSMQ 2017\NSMQ  Questions\Physics Questions\Round 1 - Physics 2017.docx,152644,1,SMQ BIBLES\NSMQ 2017\NSMQ  Questions\Physics Questions\Round 1 - Physics 2017.docx
ac7c54f450092442c12868bfead233f30efbd73acfca959e4162c1e8eb297f33,loose_file,Round 4 - Physics 2017.docx,.docx,SMQ BIBLES\NSMQ 2017\NSMQ  Questions\Physics Questions\Round 4 - Physics 2017.docx,52641,1,SMQ BIBLES\NSMQ 2017\NSMQ  Questions\Physics Questions\Round 4 - Physics 2017.docx
5d08b23d74756b4e2d7effcf6be0dbcf51563eaec59523158c71b7b3efe8ee1f,loose_file,NSMQ 2017 Biology Questions - Speed race (1).docx,.docx,SMQ BIBLES\NSMQ 2017\NSMQ 2017 Biology Questions - Speed race (1).docx,40219,1,SMQ BIBLES\NSMQ 2017\NSMQ 2017 Biology Questions - Speed race (1).docx
57e31eb0e53af8e5613dd9fb6c4387a7fde7f52b54d9333021f32ec0eaf6dc17,loose_file,NSMQ 2017 Biology Questions Round 1.docx,.docx,SMQ BIBLES\NSMQ 2017\NSMQ 2017 Biology Questions Round 1.docx,66484,2,SMQ BIBLES\NSMQ 2017\NSMQ  Questions\Biology Questions\NSMQ 2017 Biology Questions Round 1.docx | SMQ BIBLES\NSMQ 2017\NSMQ 2017 Biology Questions Round 1.docx
d70c62caa5854f498f451a7443f56dd4d304cb81743b8715315e58e76410613d,loose_file,NSMQ Finals 2017 - Maths Questions Problem of the day 2017.docx,.docx,SMQ BIBLES\NSMQ 2017\NSMQ Finals 2017 - Maths Questions Problem of the day 2017.docx,41703,2,SMQ BIBLES\NSMQ 2017\NSMQ  Questions\Maths Questions\NSMQ Finals 2017 - Maths Questions Problem of the day 2017.docx | SMQ BIBLES\NSMQ 2017\NSMQ Finals 2017 - Maths Questions Problem of the day 2017.docx
8377a792a93a8f9a746dfb5816d8e1d8e6465b977c8eb20c2da0cdf83a8e7cc6,loose_file,Prelims Round 1 - Physics 2017.docx,.docx,SMQ BIBLES\NSMQ 2017\Physics 2017 prelims\Prelims Round 1 - Physics 2017.docx,100537,1,SMQ BIBLES\NSMQ 2017\Physics 2017 prelims\Prelims Round 1 - Physics 2017.docx
4d44aeae82f0fde87f29c372727b72bd7ad24b87fb118dc3214fc2a377584d35,loose_file,Prelims Round 2 - Physics 2017.docx,.docx,SMQ BIBLES\NSMQ 2017\Physics 2017 prelims\Prelims Round 2 - Physics 2017.docx,67122,1,SMQ BIBLES\NSMQ 2017\Physics 2017 prelims\Prelims Round 2 - Physics 2017.docx
05acd7bbaf84ae9784264c99ca0b63eeaa1be0bc738b061f19afabc689ef1165,loose_file,Prelims Round 4 - Physics 2017.docx,.docx,SMQ BIBLES\NSMQ 2017\Physics 2017 prelims\Prelims Round 4 - Physics 2017.docx,62134,1,SMQ BIBLES\NSMQ 2017\Physics 2017 prelims\Prelims Round 4 - Physics 2017.docx
c306a38a0e17d448b39dc74ed5f69901a743755d210a4555cad16e900066e719,loose_file,Prelims Round 5 - Physics 2017.docx,.docx,SMQ BIBLES\NSMQ 2017\Physics 2017 prelims\Prelims Round 5 - Physics 2017.docx,32882,1,SMQ BIBLES\NSMQ 2017\Physics 2017 prelims\Prelims Round 5 - Physics 2017.docx
9dfd54027d30ffe28ebb43ae7a2fcf3ed39dd47a72cbd3cf9d479667ea930b88,loose_file,Problem of the day MC.docx,.docx,SMQ BIBLES\NSMQ 2017\Problem of the day MC.docx,34125,3,SMQ BIBLES\NSMQ 2017\Chemistry Questions\Problem of the day MC.docx | SMQ BIBLES\NSMQ 2017\NSMQ  Questions\Chemistry Questions\Problem of the day MC.docx | SMQ BIBLES\NSMQ 2017\Problem of the day MC.docx
aa11b80b8998d60bc33eace8149edb367ae7023fc09c055960208e347e6d8dd9,loose_file,C. 10 SEMI 1.docx,.docx,SMQ BIBLES\NSMQ 2017\REGIONAL     EDITEDMSQ\C. 10 SEMI 1.docx,16694,1,SMQ BIBLES\NSMQ 2017\REGIONAL     EDITEDMSQ\C. 10 SEMI 1.docx
7003efa739be84ffcef66492131fa78dc29423c694d697ba2b2913ffd894fdfd,loose_file,C.11 SEM 2.docx,.docx,SMQ BIBLES\NSMQ 2017\REGIONAL     EDITEDMSQ\C.11 SEM 2.docx,16352,1,SMQ BIBLES\NSMQ 2017\REGIONAL     EDITEDMSQ\C.11 SEM 2.docx
68b0ad8176d96d90deebb329dca0b12fd0d18ad984375740efece6a742a9777c,loose_file,C.12 SEMI 3.docx,.docx,SMQ BIBLES\NSMQ 2017\REGIONAL     EDITEDMSQ\C.12 SEMI 3.docx,16084,1,SMQ BIBLES\NSMQ 2017\REGIONAL     EDITEDMSQ\C.12 SEMI 3.docx
38369fa207e60772c64be93a05c1d0949bbdb5128d8eb44fb45cf10e961c32c2,loose_file,CONTEST EIGHT.docx,.docx,SMQ BIBLES\NSMQ 2017\REGIONAL     EDITEDMSQ\CONTEST EIGHT.docx,15164,1,SMQ BIBLES\NSMQ 2017\REGIONAL     EDITEDMSQ\CONTEST EIGHT.docx
4148efacb4cb89175d87e45e1a6370268ee3fee2d6e224ff358c0ddaec93b86c,loose_file,CONTEST FIVE.docx,.docx,SMQ BIBLES\NSMQ 2017\REGIONAL     EDITEDMSQ\CONTEST FIVE.docx,13971,1,SMQ BIBLES\NSMQ 2017\REGIONAL     EDITEDMSQ\CONTEST FIVE.docx
99b9b75b3732a35c249195588597d3d1131554d670cfe9035da0c65ee98c8760,loose_file,CONTEST FOUR.docx,.docx,SMQ BIBLES\NSMQ 2017\REGIONAL     EDITEDMSQ\CONTEST FOUR.docx,15566,1,SMQ BIBLES\NSMQ 2017\REGIONAL     EDITEDMSQ\CONTEST FOUR.docx
16563dc2bfbd015fca8084b5573e7affda1669e1700b1ab5558a64e33a04bee0,loose_file,CONTEST NINE.docx,.docx,SMQ BIBLES\NSMQ 2017\REGIONAL     EDITEDMSQ\CONTEST NINE.docx,14058,1,SMQ BIBLES\NSMQ 2017\REGIONAL     EDITEDMSQ\CONTEST NINE.docx
cd1ddf91618510ee32d18ff05dee4241ab0855d9d58dc63f71a1d1cf01e26ba8,loose_file,CONTEST ONE.docx,.docx,SMQ BIBLES\NSMQ 2017\REGIONAL     EDITEDMSQ\CONTEST ONE.docx,16990,1,SMQ BIBLES\NSMQ 2017\REGIONAL     EDITEDMSQ\CONTEST ONE.docx
42693c7acdade090579a07bcbed4da726e8b1768cb04afa42000a22a42f2f1b4,loose_file,CONTEST SEVEN.docx,.docx,SMQ BIBLES\NSMQ 2017\REGIONAL     EDITEDMSQ\CONTEST SEVEN.docx,15249,1,SMQ BIBLES\NSMQ 2017\REGIONAL     EDITEDMSQ\CONTEST SEVEN.docx
2375675220d9534f6e3473fc4949c53e7084ff6b673e145b6daea8481870c06b,loose_file,CONTEST THREE.docx,.docx,SMQ BIBLES\NSMQ 2017\REGIONAL     EDITEDMSQ\CONTEST THREE.docx,15061,1,SMQ BIBLES\NSMQ 2017\REGIONAL     EDITEDMSQ\CONTEST THREE.docx
e71b034ede6dc5c98c42ce570f248bb13549e88ea4cde779bba29c2b70d60232,loose_file,Round 1 - Physics 2017.docx,.docx,SMQ BIBLES\NSMQ 2017\Round 1 - Physics 2017.docx,666101,1,SMQ BIBLES\NSMQ 2017\Round 1 - Physics 2017.docx
5725ce44f3f27d4e7445f2ea638ece28d0e5e23d985ccbdb1438fe5319b9eadd,loose_file,Round 2 - Physics 2017.docx,.docx,SMQ BIBLES\NSMQ 2017\Round 2 - Physics 2017.docx,80399,2,SMQ BIBLES\NSMQ 2017\NSMQ  Questions\Physics Questions\Round 2 - Physics 2017.docx | SMQ BIBLES\NSMQ 2017\Round 2 - Physics 2017.docx
6cd64f10d767341f32389fb5c32dafce0f288877ea0d3493960b70adc41013fe,loose_file,Round 4 - Physics 2017.docx,.docx,SMQ BIBLES\NSMQ 2017\Round 4 - Physics 2017.docx,600617,1,SMQ BIBLES\NSMQ 2017\Round 4 - Physics 2017.docx
05d5fcedb743516b8b9a9f0be1f7ed8aa9ffb1cc98bf12736939c5906e2e6286,loose_file,Round 5 - Physics 2017.docx,.docx,SMQ BIBLES\NSMQ 2017\Round 5 - Physics 2017.docx,34417,2,SMQ BIBLES\NSMQ 2017\NSMQ  Questions\Physics Questions\Round 5 - Physics 2017.docx | SMQ BIBLES\NSMQ 2017\Round 5 - Physics 2017.docx
5e68a8db16aea4595868c82b64f1b8157271ce426d4dceaa73b843d9fe7b3f0d,loose_file,One-eighth  - Finals Round 1 .docx,.docx,SMQ BIBLES\NSMQ 2018\biology\One-eighth  - Finals Round 1 .docx,70884,1,SMQ BIBLES\NSMQ 2018\biology\One-eighth  - Finals Round 1 .docx
93c5ef430a3f841f671e4882be3b0fad81fa29c1c0ef49ae7ac61dda97a9225e,loose_file,One-eighth - Finals Riddles .docx,.docx,SMQ BIBLES\NSMQ 2018\biology\One-eighth - Finals Riddles .docx,36112,1,SMQ BIBLES\NSMQ 2018\biology\One-eighth - Finals Riddles .docx
539704b493f758d8f23a76abce866f0bc59dc5e5f87e5bbc4c018598c4883d81,loose_file,One-eighth - Finals Round 2 - speed race.docx,.docx,SMQ BIBLES\NSMQ 2018\biology\One-eighth - Finals Round 2 - speed race.docx,40460,1,SMQ BIBLES\NSMQ 2018\biology\One-eighth - Finals Round 2 - speed race.docx
4df2f44aa386e3f4c219c41734195d7dc97f23e3a3dd0777ed849978d818192d,loose_file,One-eighth - Finals Round 3 - Problem of the day.docx,.docx,SMQ BIBLES\NSMQ 2018\biology\One-eighth - Finals Round 3 - Problem of the day.docx,256279,1,SMQ BIBLES\NSMQ 2018\biology\One-eighth - Finals Round 3 - Problem of the day.docx
b4e39cab2abbba9e4dda25797dca21d418f619a76492a262ced2bb220e553b71,loose_file,One-eighth - Finals Round 4 -True or false.docx,.docx,SMQ BIBLES\NSMQ 2018\biology\One-eighth - Finals Round 4 -True or false.docx,46084,1,SMQ BIBLES\NSMQ 2018\biology\One-eighth - Finals Round 4 -True or false.docx
857dcbbe20ad0dfd895492295d3695688a0d23e67fe469c94c21f122f118497c,loose_file,Contest 1.docx,.docx,SMQ BIBLES\NSMQ 2018\chemistry\Contest 1.docx,17385,1,SMQ BIBLES\NSMQ 2018\chemistry\Contest 1.docx
06e7cce81f365b1b7e5a5913f8d2e33df35f7c569519ca7307e3c124cb5a0d7f,loose_file,Contest 10.docx,.docx,SMQ BIBLES\NSMQ 2018\chemistry\Contest 10.docx,21449,1,SMQ BIBLES\NSMQ 2018\chemistry\Contest 10.docx
0af408c8aba56b6acc179b8d6b267efbfa11fc3d5d46af9c3d39df83056d0dbb,loose_file,Contest 11.docx,.docx,SMQ BIBLES\NSMQ 2018\chemistry\Contest 11.docx,20639,1,SMQ BIBLES\NSMQ 2018\chemistry\Contest 11.docx
cc91f4c1e8aaf6709196b0557515426d0e5a98de1566924941f1e9989687b9de,loose_file,Contest 12.docx,.docx,SMQ BIBLES\NSMQ 2018\chemistry\Contest 12.docx,19915,1,SMQ BIBLES\NSMQ 2018\chemistry\Contest 12.docx
f72cb9142aa5bc2a9eedcc24ddbc2fda590aa7a11ad5fd633d10824befc02ea0,loose_file,Contest 13.docx,.docx,SMQ BIBLES\NSMQ 2018\chemistry\Contest 13.docx,18555,1,SMQ BIBLES\NSMQ 2018\chemistry\Contest 13.docx
750ffcfb1ec947e58b17013e004db5003f992dc5c18a08545feace38cfbce2d6,loose_file,Contest 14.docx,.docx,SMQ BIBLES\NSMQ 2018\chemistry\Contest 14.docx,18686,1,SMQ BIBLES\NSMQ 2018\chemistry\Contest 14.docx
9d9caa4a80425fc59fb5a0737cc5221893be437921095e013e28722abff2f9d7,loose_file,Contest 15.docx,.docx,SMQ BIBLES\NSMQ 2018\chemistry\Contest 15.docx,18062,1,SMQ BIBLES\NSMQ 2018\chemistry\Contest 15.docx
f7e1b7728b357bdfc961e0fc4a4a32e98bad7c1173f094737836233258f40c17,loose_file,Contest 16.docx,.docx,SMQ BIBLES\NSMQ 2018\chemistry\Contest 16.docx,17510,1,SMQ BIBLES\NSMQ 2018\chemistry\Contest 16.docx
eb9042ae20a9f0fdb1866be6a4f1ea096f7b0ac98c62afb75f854469e5a8e1d7,loose_file,Contest 17.docx,.docx,SMQ BIBLES\NSMQ 2018\chemistry\Contest 17.docx,19513,1,SMQ BIBLES\NSMQ 2018\chemistry\Contest 17.docx
5b7431e76ffb5859afb420a5e2e461cd838e82dbc99e9da79f8dfb3748a59c72,loose_file,Contest 18.docx,.docx,SMQ BIBLES\NSMQ 2018\chemistry\Contest 18.docx,18909,1,SMQ BIBLES\NSMQ 2018\chemistry\Contest 18.docx
4c42b36486862cd77a8119ba00a7bbaea1bb491be4c8923e9f63e56b8515c327,loose_file,Contest 19.docx,.docx,SMQ BIBLES\NSMQ 2018\chemistry\Contest 19.docx,17003,1,SMQ BIBLES\NSMQ 2018\chemistry\Contest 19.docx
720b64121646c40535f0bd93df5b910c84c774cb9f7f2d0d983d0b34e8fa3599,loose_file,Contest 2.docx,.docx,SMQ BIBLES\NSMQ 2018\chemistry\Contest 2.docx,16921,1,SMQ BIBLES\NSMQ 2018\chemistry\Contest 2.docx
4834364dbfb9df227e6ab62f8733cdc5e802f9a889f60ac96f1e96977224f2f3,loose_file,Contest 20.docx,.docx,SMQ BIBLES\NSMQ 2018\chemistry\Contest 20.docx,17425,1,SMQ BIBLES\NSMQ 2018\chemistry\Contest 20.docx
ee2a54f86fd40c8a5244b5c1fccedf202b2e1fba14852544776413f8d05348c3,loose_file,Contest 21.docx,.docx,SMQ BIBLES\NSMQ 2018\chemistry\Contest 21.docx,19669,1,SMQ BIBLES\NSMQ 2018\chemistry\Contest 21.docx
6d07ad65645469462f24e26d12e3840b8ab10b46aa43a34af6080875e3dc205b,loose_file,Contest 22.docx,.docx,SMQ BIBLES\NSMQ 2018\chemistry\Contest 22.docx,19125,1,SMQ BIBLES\NSMQ 2018\chemistry\Contest 22.docx
279f39484f578bd492e8189450fe586a7d4bd236c047ba9b41c86022a957f7f8,loose_file,Contest 23.docx,.docx,SMQ BIBLES\NSMQ 2018\chemistry\Contest 23.docx,21086,1,SMQ BIBLES\NSMQ 2018\chemistry\Contest 23.docx
0961a632d9b58ff9f2abf05e6fb6f19fd729a6d53ee3ad2c2aa27b47638773d1,loose_file,Contest 24.docx,.docx,SMQ BIBLES\NSMQ 2018\chemistry\Contest 24.docx,17500,1,SMQ BIBLES\NSMQ 2018\chemistry\Contest 24.docx
0231dafc2ce279135fe2ba8aac1ad7af90b84313ca891e7636401b73c90ba8dc,loose_file,Contest 25.docx,.docx,SMQ BIBLES\NSMQ 2018\chemistry\Contest 25.docx,18818,1,SMQ BIBLES\NSMQ 2018\chemistry\Contest 25.docx
c1f007ab0e28b2a50acc459531f407539582135f63185d66e443665e815ba393,loose_file,Contest 26.docx,.docx,SMQ BIBLES\NSMQ 2018\chemistry\Contest 26.docx,16756,1,SMQ BIBLES\NSMQ 2018\chemistry\Contest 26.docx
274363f0e71246f25983a59b8133f9c7f31d65d8a17a1ececf2ea3ae7ddd5ce6,loose_file,Contest 27.docx,.docx,SMQ BIBLES\NSMQ 2018\chemistry\Contest 27.docx,17130,1,SMQ BIBLES\NSMQ 2018\chemistry\Contest 27.docx
02b1cd8a52fe596be0b4ba334446ca0cdca1b4e720049cd8ed4d61c997310896,loose_file,Contest 28.docx,.docx,SMQ BIBLES\NSMQ 2018\chemistry\Contest 28.docx,20643,1,SMQ BIBLES\NSMQ 2018\chemistry\Contest 28.docx
81aab37a0aa3615b4b468893954191035c1fbe22b41a09694abc27a576bfe88c,loose_file,Contest 29.docx,.docx,SMQ BIBLES\NSMQ 2018\chemistry\Contest 29.docx,20286,1,SMQ BIBLES\NSMQ 2018\chemistry\Contest 29.docx
26720324555d46c06eccab417b041e83ce9c33b839f67ecbb84bc4f57f06b3dc,loose_file,Contest 3.docx,.docx,SMQ BIBLES\NSMQ 2018\chemistry\Contest 3.docx,16253,1,SMQ BIBLES\NSMQ 2018\chemistry\Contest 3.docx
db748c056d958b4debcfe0ab6a132ec3dd7075440c4d4515a08128c494f97a3d,loose_file,Contest 30.docx,.docx,SMQ BIBLES\NSMQ 2018\chemistry\Contest 30.docx,19911,1,SMQ BIBLES\NSMQ 2018\chemistry\Contest 30.docx
a34aa24e99ecd3f8f5b64ba11b54527c59e7d5c1613dad397c840975e06349f7,loose_file,Contest 31.docx,.docx,SMQ BIBLES\NSMQ 2018\chemistry\Contest 31.docx,20164,1,SMQ BIBLES\NSMQ 2018\chemistry\Contest 31.docx
d396fc874c90c6680a0afdb1fb0bc8fcf973fb1ac938881e01d4b0ed3dbc9b4b,loose_file,Contest 32.docx,.docx,SMQ BIBLES\NSMQ 2018\chemistry\Contest 32.docx,20613,1,SMQ BIBLES\NSMQ 2018\chemistry\Contest 32.docx
7e1168c0532d5702fbd81c92ba7388fb4549c137b24603794e8ddfc5785e944c,loose_file,Contest 33.docx,.docx,SMQ BIBLES\NSMQ 2018\chemistry\Contest 33.docx,21790,1,SMQ BIBLES\NSMQ 2018\chemistry\Contest 33.docx
5d8f69137a13561216ff5aba91bdc64316bcebc01344b1582dfa102c7fadb407,loose_file,Contest 34.docx,.docx,SMQ BIBLES\NSMQ 2018\chemistry\Contest 34.docx,23190,1,SMQ BIBLES\NSMQ 2018\chemistry\Contest 34.docx
a32004560cf079d54246b344230ed0ccd51c10676cfc00ed8d8f2658ecf52936,loose_file,Contest 35.docx,.docx,SMQ BIBLES\NSMQ 2018\chemistry\Contest 35.docx,20142,1,SMQ BIBLES\NSMQ 2018\chemistry\Contest 35.docx
052e700da110f5894eac3e69d6fa2dc2059006064ad5bfa8242268f8c4a4a92e,loose_file,Contest 36.docx,.docx,SMQ BIBLES\NSMQ 2018\chemistry\Contest 36.docx,20335,1,SMQ BIBLES\NSMQ 2018\chemistry\Contest 36.docx
17898d2b8f2e883a697d291067f081c681dcf40ec591b38a3a35adf537db3cf4,loose_file,Contest 37.docx,.docx,SMQ BIBLES\NSMQ 2018\chemistry\Contest 37.docx,17969,1,SMQ BIBLES\NSMQ 2018\chemistry\Contest 37.docx
5b724bd9cee54af61aa77dae09db009be56cca7d6be76939059730f57923487b,loose_file,Contest 38.docx,.docx,SMQ BIBLES\NSMQ 2018\chemistry\Contest 38.docx,20381,1,SMQ BIBLES\NSMQ 2018\chemistry\Contest 38.docx
9d3f4157c4cc4b0fa18517b6398161d64024c85df27cdebf86da24c18dfaac1a,loose_file,Contest 39.docx,.docx,SMQ BIBLES\NSMQ 2018\chemistry\Contest 39.docx,20460,1,SMQ BIBLES\NSMQ 2018\chemistry\Contest 39.docx
313a102d0b2a642515413420df3ea51e5804dc5057178f579e87266062fb4727,loose_file,Contest 4.docx,.docx,SMQ BIBLES\NSMQ 2018\chemistry\Contest 4.docx,18519,1,SMQ BIBLES\NSMQ 2018\chemistry\Contest 4.docx
47fecfc0848d759b7b03e0f5e64343190c5d3ab86d286357195d01c7767292dc,loose_file,Contest 40.docx,.docx,SMQ BIBLES\NSMQ 2018\chemistry\Contest 40.docx,20073,1,SMQ BIBLES\NSMQ 2018\chemistry\Contest 40.docx
1302c7a5187b855b3c4043cbd30db701ad54a3b95e5fa7ee76b6d7886b941dd4,loose_file,Contest 5.docx,.docx,SMQ BIBLES\NSMQ 2018\chemistry\Contest 5.docx,17613,1,SMQ BIBLES\NSMQ 2018\chemistry\Contest 5.docx
4210f5beeb1068091da69d58263eec261efa06a031010b5d70929c4e97d52b85,loose_file,Contest 6.docx,.docx,SMQ BIBLES\NSMQ 2018\chemistry\Contest 6.docx,17650,1,SMQ BIBLES\NSMQ 2018\chemistry\Contest 6.docx
d7a1af2ed39e9fe20c4a945900428471a7c6650cbf2fe0da6b6b7a4c25f7b435,loose_file,Contest 7.docx,.docx,SMQ BIBLES\NSMQ 2018\chemistry\Contest 7.docx,17894,1,SMQ BIBLES\NSMQ 2018\chemistry\Contest 7.docx
11bea21bd5183c3c3e31473224b173fd187e4205a1eaa051fec515b3798619cd,loose_file,Contest 8.docx,.docx,SMQ BIBLES\NSMQ 2018\chemistry\Contest 8.docx,19483,1,SMQ BIBLES\NSMQ 2018\chemistry\Contest 8.docx
8a80f1a3da795bfe495e5cd461f89e982a8f0b1044ccc2084b2e5a707c9cd562,loose_file,Contest 9.docx,.docx,SMQ BIBLES\NSMQ 2018\chemistry\Contest 9.docx,20181,1,SMQ BIBLES\NSMQ 2018\chemistry\Contest 9.docx
a070859bdc6af0bd6c47904277a4561b8cdfa99e315f1708f2c351d8205ff52c,loose_file,Problems of the D.docx,.docx,SMQ BIBLES\NSMQ 2018\chemistry\Problems of the D.docx,38699,1,SMQ BIBLES\NSMQ 2018\chemistry\Problems of the D.docx
756e79a5434c4208bde47890c96e106205827ed2fb78b3bbe47c0843f804a44a,loose_file,2018 NSMQ Maths _Problem of the Day_.docx,.docx,SMQ BIBLES\NSMQ 2018\maths\2018 NSMQ Maths _Problem of the Day_.docx,90301,1,SMQ BIBLES\NSMQ 2018\maths\2018 NSMQ Maths _Problem of the Day_.docx
674bf2a3a7d0a51255263d7cc9bf65d67c6dbab8e2040ab7a23a54b72cface11,loose_file,2018 NSMQ Maths Questions.docx,.docx,SMQ BIBLES\NSMQ 2018\maths\2018 NSMQ Maths Questions.docx,207088,1,SMQ BIBLES\NSMQ 2018\maths\2018 NSMQ Maths Questions.docx
1bb54eb5d6a45d4dbea0becb571b04d5879e3590d4a4dced1413cc7a1bb273a5,loose_file,Round 1 - Physics 2018.docx,.docx,SMQ BIBLES\NSMQ 2018\physics\Round 1 - Physics 2018.docx,180485,1,SMQ BIBLES\NSMQ 2018\physics\Round 1 - Physics 2018.docx
80d13ee8fe24306c19238f685d39f8f33887c6fc2280cb382b338c5b75fd28e3,loose_file,Round 2 - Physics 2018.docx,.docx,SMQ BIBLES\NSMQ 2018\physics\Round 2 - Physics 2018.docx,102557,1,SMQ BIBLES\NSMQ 2018\physics\Round 2 - Physics 2018.docx
4a12f54ca4c9547127805015894c3f8c2f24df236b4029b87589a5b4ef6dfb24,loose_file,Round 3 - Physics 2018.docx,.docx,SMQ BIBLES\NSMQ 2018\physics\Round 3 - Physics 2018.docx,608382,1,SMQ BIBLES\NSMQ 2018\physics\Round 3 - Physics 2018.docx
7f840514a504ac4f6bf9c0afaab710d4df71c3c59c50a7efc1a6094a89271860,loose_file,Round 4 - Physics 2018.docx,.docx,SMQ BIBLES\NSMQ 2018\physics\Round 4 - Physics 2018.docx,73488,1,SMQ BIBLES\NSMQ 2018\physics\Round 4 - Physics 2018.docx
94e743bba5108828b5c726d63d11f3f44c2473367acbbdffa43175d8c0420eab,loose_file,Round 5 - Physics 2018.docx,.docx,SMQ BIBLES\NSMQ 2018\physics\Round 5 - Physics 2018.docx,42483,1,SMQ BIBLES\NSMQ 2018\physics\Round 5 - Physics 2018.docx
0002b8c86ccee49c30473ab47bc13d8280d186e089fbd5e8f52864e59d25e8d2,loose_file,Scanned_20240116-1223.pdf,.pdf,SMQ BIBLES\NSMQ 2020\Physics\Scanned_20240116-1223.pdf,839941,1,SMQ BIBLES\NSMQ 2020\Physics\Scanned_20240116-1223.pdf
33607986424d3dc40aa413eaa3a52006544401a7836e95220947d53c533f1679,loose_file,"3,000 Solved Problems in Calculus.pdf",.pdf,"SMQ BIBLES\NSMQ QUESTIONS  - 2014\3,000 Solved Problems in Calculus.pdf",21876260,1,"SMQ BIBLES\NSMQ QUESTIONS  - 2014\3,000 Solved Problems in Calculus.pdf"
d0d76131f8d6b29d8491222e58b31692207c23dd6146ba5438bda9c365ed9e78,loose_file,CONTEST 1.doc,.doc,SMQ BIBLES\NSMQ QUESTIONS  - 2014\CONTEST 1.doc,92672,1,SMQ BIBLES\NSMQ QUESTIONS  - 2014\CONTEST 1.doc
d639101abfff19b1d17d45486ecea3ebc9d2be672818709c92ac08ad243b47f3,loose_file,CONTEST 10.docx,.docx,SMQ BIBLES\NSMQ QUESTIONS  - 2014\CONTEST 10.docx,22628,1,SMQ BIBLES\NSMQ QUESTIONS  - 2014\CONTEST 10.docx
30d4d26a29b89d438e721856878d65cbea930317199c30f0a24a421b3012b87c,loose_file,CONTEST 11.doc,.doc,SMQ BIBLES\NSMQ QUESTIONS  - 2014\CONTEST 11.doc,106496,3,SMQ BIBLES\NSMQ 2014 Questions\CONTEST 11 (2).doc | SMQ BIBLES\NSMQ 2014 Questions\Copy of CONTEST 11 (2).doc | SMQ BIBLES\NSMQ QUESTIONS  - 2014\CONTEST 11.doc
13dd310ecc518a2498c167ec9c547131d95e15b76fdab342213330b753cbbcdf,loose_file,CONTEST 12.docx,.docx,SMQ BIBLES\NSMQ QUESTIONS  - 2014\CONTEST 12.docx,47046,1,SMQ BIBLES\NSMQ QUESTIONS  - 2014\CONTEST 12.docx
e779309a0f861485263a5d6e4d7ed7a9a0c4cd3eb31ab0d54a8706f28abecf8c,loose_file,CONTEST 13.docx,.docx,SMQ BIBLES\NSMQ QUESTIONS  - 2014\CONTEST 13.docx,31916,1,SMQ BIBLES\NSMQ QUESTIONS  - 2014\CONTEST 13.docx
c1405472b18c3f83a71e2c3ac9a9f58993e5daf52a09b9b780a81b768542b410,loose_file,CONTEST 14.docx,.docx,SMQ BIBLES\NSMQ QUESTIONS  - 2014\CONTEST 14.docx,25535,1,SMQ BIBLES\NSMQ QUESTIONS  - 2014\CONTEST 14.docx
9e319682a418dd5cd500fdccde0e280e92e4dbe22e1af2bb20efd94c5629cd91,loose_file,CONTEST 15.docx,.docx,SMQ BIBLES\NSMQ QUESTIONS  - 2014\CONTEST 15.docx,29497,1,SMQ BIBLES\NSMQ QUESTIONS  - 2014\CONTEST 15.docx
c61e55932c14b485f053247e391ab0f0667405c1cf980b114fd8c027a8f525ee,loose_file,CONTEST 16.docx,.docx,SMQ BIBLES\NSMQ QUESTIONS  - 2014\CONTEST 16.docx,30486,1,SMQ BIBLES\NSMQ QUESTIONS  - 2014\CONTEST 16.docx
82502c4df5d4d98fa82dfe426791e17d25c4e257ec03f07fc1eb7dd14d5b2b0e,loose_file,CONTEST 17.docx,.docx,SMQ BIBLES\NSMQ QUESTIONS  - 2014\CONTEST 17.docx,29052,1,SMQ BIBLES\NSMQ QUESTIONS  - 2014\CONTEST 17.docx
564d339d06944e37a75e7cff724a203ce7fd6aa9e363a88d50fb77fcb5307e20,loose_file,CONTEST 18.docx,.docx,SMQ BIBLES\NSMQ QUESTIONS  - 2014\CONTEST 18.docx,23549,1,SMQ BIBLES\NSMQ QUESTIONS  - 2014\CONTEST 18.docx
016b8924035c1e40fe6ef03b689932db9129f77b7d8da162ce63e23a3c8ba868,loose_file,CONTEST 19.docx,.docx,SMQ BIBLES\NSMQ QUESTIONS  - 2014\CONTEST 19.docx,32942,1,SMQ BIBLES\NSMQ QUESTIONS  - 2014\CONTEST 19.docx
eb8edf71d24dd523b65bfc0f6012ee446b3e3504e718f4b293270d69eba5aaa9,loose_file,CONTEST 2.doc,.doc,SMQ BIBLES\NSMQ QUESTIONS  - 2014\CONTEST 2.doc,237568,1,SMQ BIBLES\NSMQ QUESTIONS  - 2014\CONTEST 2.doc
5da423dbe1b1ecf176fc4938a49775d0bbcc73e4b50d34d748447a109f924cfc,loose_file,CONTEST 20.docx,.docx,SMQ BIBLES\NSMQ QUESTIONS  - 2014\CONTEST 20.docx,32924,1,SMQ BIBLES\NSMQ QUESTIONS  - 2014\CONTEST 20.docx
a1a784eb934853282c19dc21d174bc6c81ae7041211ad53784d4a84dd858aa1c,loose_file,CONTEST 21.docx,.docx,SMQ BIBLES\NSMQ QUESTIONS  - 2014\CONTEST 21.docx,38931,1,SMQ BIBLES\NSMQ QUESTIONS  - 2014\CONTEST 21.docx
e4f619b2c6f176e3c600a3a182be70423739983ecb29313bfb2297ff1528cde1,loose_file,CONTEST 22.docx,.docx,SMQ BIBLES\NSMQ QUESTIONS  - 2014\CONTEST 22.docx,50634,1,SMQ BIBLES\NSMQ QUESTIONS  - 2014\CONTEST 22.docx
ae1938e40abb76499ab0a99409a086faab3633fea07ffa75e3fce0605f65ccfb,loose_file,CONTEST 23.docx,.docx,SMQ BIBLES\NSMQ QUESTIONS  - 2014\CONTEST 23.docx,39520,1,SMQ BIBLES\NSMQ QUESTIONS  - 2014\CONTEST 23.docx
cd63f8ae74750badcff346d3b700884a3c1b6545d42d3bb5ef8bcdf3845007ec,loose_file,CONTEST 24.docx,.docx,SMQ BIBLES\NSMQ QUESTIONS  - 2014\CONTEST 24.docx,34532,1,SMQ BIBLES\NSMQ QUESTIONS  - 2014\CONTEST 24.docx
10612ab7eab27321e3a69ef3442e8f1c876285e1812be5aac086144d693b3b42,loose_file,CONTEST 25.docx,.docx,SMQ BIBLES\NSMQ QUESTIONS  - 2014\CONTEST 25.docx,40111,1,SMQ BIBLES\NSMQ QUESTIONS  - 2014\CONTEST 25.docx
62a38cb16c6b41b3ef3f6732badd5fd5a73b8c3a45cfac7a47d494541c213d24,loose_file,CONTEST 26.docx,.docx,SMQ BIBLES\NSMQ QUESTIONS  - 2014\CONTEST 26.docx,33153,1,SMQ BIBLES\NSMQ QUESTIONS  - 2014\CONTEST 26.docx
2c43b04424b06794881a4114d89ad21e4728ba636a2e80d303f0a5e97d99df96,loose_file,CONTEST 3.docx,.docx,SMQ BIBLES\NSMQ QUESTIONS  - 2014\CONTEST 3.docx,21199,1,SMQ BIBLES\NSMQ QUESTIONS  - 2014\CONTEST 3.docx
5ca5ef586ef914a6489fe6d1e4aae87d8dbc8a24674afd6e63b5f8d40caa8963,loose_file,CONTEST 4.doc,.doc,SMQ BIBLES\NSMQ QUESTIONS  - 2014\CONTEST 4.doc,175616,1,SMQ BIBLES\NSMQ QUESTIONS  - 2014\CONTEST 4.doc
abe662991a52e56271017df8876501c1ab70ef403e484c0b83623a015441ced9,loose_file,CONTEST 5.docx,.docx,SMQ BIBLES\NSMQ QUESTIONS  - 2014\CONTEST 5.docx,22449,1,SMQ BIBLES\NSMQ QUESTIONS  - 2014\CONTEST 5.docx
0b24f2a269edf27d554380718b4fad4e50523175d27676f927462dc98d7cab48,loose_file,CONTEST 6.docx,.docx,SMQ BIBLES\NSMQ QUESTIONS  - 2014\CONTEST 6.docx,29179,1,SMQ BIBLES\NSMQ QUESTIONS  - 2014\CONTEST 6.docx
d38bfaa810e5b15f56a8188a288e9183ca21318c61e1baf9837e7156e2209eba,loose_file,CONTEST 7.docx,.docx,SMQ BIBLES\NSMQ QUESTIONS  - 2014\CONTEST 7.docx,24593,1,SMQ BIBLES\NSMQ QUESTIONS  - 2014\CONTEST 7.docx
8db41e4de04fadae9f214f9425788bad7462c20bdf3e62478d3ffe651fb5b820,loose_file,CONTEST 8.docx,.docx,SMQ BIBLES\NSMQ QUESTIONS  - 2014\CONTEST 8.docx,30908,1,SMQ BIBLES\NSMQ QUESTIONS  - 2014\CONTEST 8.docx
3333de180b422be4ce367e5a6fb89e39f37c17348adf780241849b23c401af08,loose_file,CONTEST 9.docx,.docx,SMQ BIBLES\NSMQ QUESTIONS  - 2014\CONTEST 9.docx,22607,1,SMQ BIBLES\NSMQ QUESTIONS  - 2014\CONTEST 9.docx
57104bf704a9c879071500485187553b361e7939dd8f3eb3f088dc5cbbe0e2a8,loose_file,Speed race.docx,.docx,SMQ BIBLES\NSMQ-2019\Biology\Biology One -eighth - Finals\Speed race.docx,41050,1,SMQ BIBLES\NSMQ-2019\Biology\Biology One -eighth - Finals\Speed race.docx
a1aa79493c25556ef4f7efec5ba11c36e36296c5910a3595d3a8766e04ae06cd,loose_file,Round 1.docx,.docx,SMQ BIBLES\NSMQ-2019\Biology\Biology Prelims\Round 1.docx,48928,1,SMQ BIBLES\NSMQ-2019\Biology\Biology Prelims\Round 1.docx
f9eeb50fd9f500735007e2c45ce39953fdd47ab95bd27a3504799fc10c215bbe,loose_file,Speed race new.docx,.docx,SMQ BIBLES\NSMQ-2019\Biology\Biology Prelims\Speed race new.docx,33676,1,SMQ BIBLES\NSMQ-2019\Biology\Biology Prelims\Speed race new.docx
c7bf0a72d00968736062975341e421e6c6e3313ae9e173ec1ae2701c1aaa3701,loose_file,MC 1.docx,.docx,SMQ BIBLES\NSMQ-2019\Chemistry\Chemistry one-eighth to finals\MC 1.docx,13896,1,SMQ BIBLES\NSMQ-2019\Chemistry\Chemistry one-eighth to finals\MC 1.docx
72614afa5f59f7e44d494dadf3abdc4c0f168141601bdbe9589928d358059a0f,loose_file,MC 10.docx,.docx,SMQ BIBLES\NSMQ-2019\Chemistry\Chemistry one-eighth to finals\MC 10.docx,15196,1,SMQ BIBLES\NSMQ-2019\Chemistry\Chemistry one-eighth to finals\MC 10.docx
a3dd69634065c1c6b1b0dd1ce08c059d5d56ff5315c9b84a4f8f540a29b180b2,loose_file,MC 11.docx,.docx,SMQ BIBLES\NSMQ-2019\Chemistry\Chemistry one-eighth to finals\MC 11.docx,16265,1,SMQ BIBLES\NSMQ-2019\Chemistry\Chemistry one-eighth to finals\MC 11.docx
537d06d48c8b6fe19355a9da7670ae1396ce86cbe583644fcafb0efde3aaad6d,loose_file,MC 12.docx,.docx,SMQ BIBLES\NSMQ-2019\Chemistry\Chemistry one-eighth to finals\MC 12.docx,15591,1,SMQ BIBLES\NSMQ-2019\Chemistry\Chemistry one-eighth to finals\MC 12.docx
cb158ccc1472ea64d4a58797d78fe4d366d28aaca9d2e2476a95729d378fe167,loose_file,MC 13.docx,.docx,SMQ BIBLES\NSMQ-2019\Chemistry\Chemistry one-eighth to finals\MC 13.docx,16222,1,SMQ BIBLES\NSMQ-2019\Chemistry\Chemistry one-eighth to finals\MC 13.docx
a6519506c0a919cd8071736ef060f14201bc446cc7d532b8cdb3d8fdbeefc6fc,loose_file,MC 14.docx,.docx,SMQ BIBLES\NSMQ-2019\Chemistry\Chemistry one-eighth to finals\MC 14.docx,17213,1,SMQ BIBLES\NSMQ-2019\Chemistry\Chemistry one-eighth to finals\MC 14.docx
020e64d1f5b33a0df3ec96ef92575cde21af5ae7aabcbe06f82b523882da5d67,loose_file,MC 15.docx,.docx,SMQ BIBLES\NSMQ-2019\Chemistry\Chemistry one-eighth to finals\MC 15.docx,16562,1,SMQ BIBLES\NSMQ-2019\Chemistry\Chemistry one-eighth to finals\MC 15.docx
d75aa159fd69a40c5871b6e8d28556d221f762df3b63beecf64d263a3e0c7113,loose_file,MC 16.docx,.docx,SMQ BIBLES\NSMQ-2019\Chemistry\Chemistry one-eighth to finals\MC 16.docx,16471,1,SMQ BIBLES\NSMQ-2019\Chemistry\Chemistry one-eighth to finals\MC 16.docx
4fc311f9c6109663ab7f5b1e046b367b79947e049c7caabce4d2ea88d123162f,loose_file,MC 17.docx,.docx,SMQ BIBLES\NSMQ-2019\Chemistry\Chemistry one-eighth to finals\MC 17.docx,16219,1,SMQ BIBLES\NSMQ-2019\Chemistry\Chemistry one-eighth to finals\MC 17.docx
4d91d8fe2d5c5f3b6db269c0c7bc5ccce25b0e0612ad92cec1caacc8594d5d15,loose_file,MC 18.docx,.docx,SMQ BIBLES\NSMQ-2019\Chemistry\Chemistry one-eighth to finals\MC 18.docx,16317,1,SMQ BIBLES\NSMQ-2019\Chemistry\Chemistry one-eighth to finals\MC 18.docx
4ae2eb2aa7e9e82988e32bb587b958af70c7420af4dc3313093a17e969d18b76,loose_file,MC 19.docx,.docx,SMQ BIBLES\NSMQ-2019\Chemistry\Chemistry one-eighth to finals\MC 19.docx,16426,1,SMQ BIBLES\NSMQ-2019\Chemistry\Chemistry one-eighth to finals\MC 19.docx
20ec30b1d2de0c144d5237cd1cfc265538e3173dea89a38307f61b97b5eb920e,loose_file,MC 2.docx,.docx,SMQ BIBLES\NSMQ-2019\Chemistry\Chemistry one-eighth to finals\MC 2.docx,15313,1,SMQ BIBLES\NSMQ-2019\Chemistry\Chemistry one-eighth to finals\MC 2.docx
f947cb7df5efeb8e00b594f7cd4653a10f18c1a907f778bd552377f9f9b427e1,loose_file,MC 20.docx,.docx,SMQ BIBLES\NSMQ-2019\Chemistry\Chemistry one-eighth to finals\MC 20.docx,16006,1,SMQ BIBLES\NSMQ-2019\Chemistry\Chemistry one-eighth to finals\MC 20.docx
189adc70ae781118f60631b46533faa391a8864e5cbe7377b197829f494bc027,loose_file,MC 21.docx,.docx,SMQ BIBLES\NSMQ-2019\Chemistry\Chemistry one-eighth to finals\MC 21.docx,16307,1,SMQ BIBLES\NSMQ-2019\Chemistry\Chemistry one-eighth to finals\MC 21.docx
ec95f035b4fdb3922123d900d430d966e88e729d315324c0aee0016696cb0639,loose_file,MC 22.docx,.docx,SMQ BIBLES\NSMQ-2019\Chemistry\Chemistry one-eighth to finals\MC 22.docx,15792,1,SMQ BIBLES\NSMQ-2019\Chemistry\Chemistry one-eighth to finals\MC 22.docx
d9641f210806d4d1dfbbedf6b5598b60b2ea72c16374362b8cc8b0f1e57148a4,loose_file,MC 23.docx,.docx,SMQ BIBLES\NSMQ-2019\Chemistry\Chemistry one-eighth to finals\MC 23.docx,16303,1,SMQ BIBLES\NSMQ-2019\Chemistry\Chemistry one-eighth to finals\MC 23.docx
9abb53871e7b323f101a2669b3dd28e27481c48c1dcbc6156eace42619a9b9da,loose_file,MC 24.docx,.docx,SMQ BIBLES\NSMQ-2019\Chemistry\Chemistry one-eighth to finals\MC 24.docx,16648,1,SMQ BIBLES\NSMQ-2019\Chemistry\Chemistry one-eighth to finals\MC 24.docx
97d4711faf58c169c78ff339bee1880018b8b878d4f1c9417048086e2f565e8f,loose_file,MC 25.docx,.docx,SMQ BIBLES\NSMQ-2019\Chemistry\Chemistry one-eighth to finals\MC 25.docx,17065,1,SMQ BIBLES\NSMQ-2019\Chemistry\Chemistry one-eighth to finals\MC 25.docx
6b64bef121f744b3aa76c5bc258f150eafaecf76666611f81f76026d3d495501,loose_file,MC 26.docx,.docx,SMQ BIBLES\NSMQ-2019\Chemistry\Chemistry one-eighth to finals\MC 26.docx,16178,1,SMQ BIBLES\NSMQ-2019\Chemistry\Chemistry one-eighth to finals\MC 26.docx
3855223cee05494ff98f787e81651d0ad0d8f5d29a3e2a7d1324390cbc7f35a1,loose_file,MC 27.docx,.docx,SMQ BIBLES\NSMQ-2019\Chemistry\Chemistry one-eighth to finals\MC 27.docx,16075,1,SMQ BIBLES\NSMQ-2019\Chemistry\Chemistry one-eighth to finals\MC 27.docx
1721daf01765d4d18d031a81c40a0b5e359bef6fdad4ad5d1744f8b7705162f4,loose_file,MC 3.docx,.docx,SMQ BIBLES\NSMQ-2019\Chemistry\Chemistry one-eighth to finals\MC 3.docx,15090,1,SMQ BIBLES\NSMQ-2019\Chemistry\Chemistry one-eighth to finals\MC 3.docx
2037a53dac79d32a7b19eb2ba4be3b823784e4aca94bd686a8d7181fb0456f67,loose_file,MC 4.docx,.docx,SMQ BIBLES\NSMQ-2019\Chemistry\Chemistry one-eighth to finals\MC 4.docx,15372,1,SMQ BIBLES\NSMQ-2019\Chemistry\Chemistry one-eighth to finals\MC 4.docx
e11087421ffe3e173c47da7786271f4ccdcd2ed0d72579c394833d3d056c8b59,loose_file,MC 5.docx,.docx,SMQ BIBLES\NSMQ-2019\Chemistry\Chemistry one-eighth to finals\MC 5.docx,15351,1,SMQ BIBLES\NSMQ-2019\Chemistry\Chemistry one-eighth to finals\MC 5.docx
33630d59675d3d4ed2654cffe4f10e08355103dcad0314a1c15091b8067c2dd1,loose_file,MC 6.docx,.docx,SMQ BIBLES\NSMQ-2019\Chemistry\Chemistry one-eighth to finals\MC 6.docx,16303,1,SMQ BIBLES\NSMQ-2019\Chemistry\Chemistry one-eighth to finals\MC 6.docx
8b46ee40d15531766b836c9cd60368b5dab7ebc1c479b2e5894c0aa64b305b1f,loose_file,MC 7.docx,.docx,SMQ BIBLES\NSMQ-2019\Chemistry\Chemistry one-eighth to finals\MC 7.docx,16170,1,SMQ BIBLES\NSMQ-2019\Chemistry\Chemistry one-eighth to finals\MC 7.docx
3fc826798ab828f605a5d94d05f95c7e069942be4975cb51e325150e51adc4e2,loose_file,MC 8.docx,.docx,SMQ BIBLES\NSMQ-2019\Chemistry\Chemistry one-eighth to finals\MC 8.docx,15334,1,SMQ BIBLES\NSMQ-2019\Chemistry\Chemistry one-eighth to finals\MC 8.docx
636705489ea156058e726076de26432708e816e804ae2a01520988d003e42642,loose_file,MC 9.docx,.docx,SMQ BIBLES\NSMQ-2019\Chemistry\Chemistry one-eighth to finals\MC 9.docx,15048,1,SMQ BIBLES\NSMQ-2019\Chemistry\Chemistry one-eighth to finals\MC 9.docx
50b1dbaa4be4f0c60b30a87f3c1d6f7737c8b98472292c8f887f99f5a9c72f45,loose_file,PROBLEM OF THE DAY.docx,.docx,SMQ BIBLES\NSMQ-2019\Chemistry\Chemistry one-eighth to finals\PROBLEM OF THE DAY.docx,96197,1,SMQ BIBLES\NSMQ-2019\Chemistry\Chemistry one-eighth to finals\PROBLEM OF THE DAY.docx
19f4034761f8f33c2c9f367c2b753062bbd246e5009d06019aa0fb1aa5e51132,loose_file,Contest 1.docx,.docx,SMQ BIBLES\NSMQ-2019\Chemistry\Chemistry Prelims\Contest 1.docx,18676,1,SMQ BIBLES\NSMQ-2019\Chemistry\Chemistry Prelims\Contest 1.docx
b70cc48cf33b1aa6a5d259268a62f712665e469ebe249c251ccb154a02da06e7,loose_file,Contest 10.docx,.docx,SMQ BIBLES\NSMQ-2019\Chemistry\Chemistry Prelims\Contest 10.docx,23495,1,SMQ BIBLES\NSMQ-2019\Chemistry\Chemistry Prelims\Contest 10.docx
308727087ec79f6fac306d61b323e51161f4c73c25f70449e5f58c58e27c578e,loose_file,Contest 15.docx,.docx,SMQ BIBLES\NSMQ-2019\Chemistry\Chemistry Prelims\Contest 15.docx,18336,1,SMQ BIBLES\NSMQ-2019\Chemistry\Chemistry Prelims\Contest 15.docx
b50fe05b898d904a6d954d74cea263cd8cf60d34d1fd829a9f5b762f4ce411f7,loose_file,Contest 2.docx,.docx,SMQ BIBLES\NSMQ-2019\Chemistry\Chemistry Prelims\Contest 2.docx,20242,1,SMQ BIBLES\NSMQ-2019\Chemistry\Chemistry Prelims\Contest 2.docx
1d97f309d202e99bde7498f72c161f4a9e4f401c0ff11efd857e0cbd6056fd03,loose_file,Contest 3.docx,.docx,SMQ BIBLES\NSMQ-2019\Chemistry\Chemistry Prelims\Contest 3.docx,18782,1,SMQ BIBLES\NSMQ-2019\Chemistry\Chemistry Prelims\Contest 3.docx
00bac958df16609777676e39b72c36e454c4d974bdfd467408e90801cac47f36,loose_file,Contest 30B.docx,.docx,SMQ BIBLES\NSMQ-2019\Chemistry\Chemistry Prelims\Contest 30B.docx,17209,1,SMQ BIBLES\NSMQ-2019\Chemistry\Chemistry Prelims\Contest 30B.docx
b42718c172786006027b378399a30efbd9965f756b2b0ec4086bb542fd35fb78,loose_file,Contest 4.docx,.docx,SMQ BIBLES\NSMQ-2019\Chemistry\Chemistry Prelims\Contest 4.docx,19221,1,SMQ BIBLES\NSMQ-2019\Chemistry\Chemistry Prelims\Contest 4.docx
d9a0ce83000fe31e8428c9622ce6fa60a2cfe1f15ef780c96ec39cbb9802f52b,loose_file,Contest 5.docx,.docx,SMQ BIBLES\NSMQ-2019\Chemistry\Chemistry Prelims\Contest 5.docx,19433,1,SMQ BIBLES\NSMQ-2019\Chemistry\Chemistry Prelims\Contest 5.docx
d4dd1053ee6a96b15f20911670ea42e3cbd727e0bceda470f7fc9b18afdcb678,loose_file,Contest 6.docx,.docx,SMQ BIBLES\NSMQ-2019\Chemistry\Chemistry Prelims\Contest 6.docx,21277,1,SMQ BIBLES\NSMQ-2019\Chemistry\Chemistry Prelims\Contest 6.docx
993e077f0d8efc4d7927b97b32a6a254415261f4b7249845db3a9fe71351a847,loose_file,Contest 7.docx,.docx,SMQ BIBLES\NSMQ-2019\Chemistry\Chemistry Prelims\Contest 7.docx,18914,1,SMQ BIBLES\NSMQ-2019\Chemistry\Chemistry Prelims\Contest 7.docx
c0664e2470b6fb26386c0939314f45ce5573a675019b2d91757ff4a80f60cf15,loose_file,Riddles.docx,.docx,"SMQ BIBLES\NSMQ-2019\Chemistry\one-eighth riddles, tf and speed race\Riddles.docx",25741,1,"SMQ BIBLES\NSMQ-2019\Chemistry\one-eighth riddles, tf and speed race\Riddles.docx"
ded8db982f12bff259bbd2c6b6adb69c99e544d0c6b38b0bb446ad5e88ac9e48,loose_file,Speed race.docx,.docx,"SMQ BIBLES\NSMQ-2019\Chemistry\one-eighth riddles, tf and speed race\Speed race.docx",43347,1,"SMQ BIBLES\NSMQ-2019\Chemistry\one-eighth riddles, tf and speed race\Speed race.docx"
62ee419dca95ee20484ac9d2084462ef0fc6322211a9f4e8eef4962d93abeeb6,loose_file,True or False.docx,.docx,"SMQ BIBLES\NSMQ-2019\Chemistry\one-eighth riddles, tf and speed race\True or False.docx",38608,1,"SMQ BIBLES\NSMQ-2019\Chemistry\one-eighth riddles, tf and speed race\True or False.docx"
58036084a3486d60d63dad99f0f3e0bfecaeb2c4adf96771100259d7c806fb97,loose_file,Maths one-eighth to FINAL POTD.docx,.docx,SMQ BIBLES\NSMQ-2019\Maths\Maths one-eigth to finals\Maths one-eighth to FINAL POTD.docx,67686,1,SMQ BIBLES\NSMQ-2019\Maths\Maths one-eigth to finals\Maths one-eighth to FINAL POTD.docx
64a99a34fbb680b3e538d2f816ed6faf1ccbfb65406b3abe0febed15d4008c44,loose_file,Riddles.docx,.docx,SMQ BIBLES\NSMQ-2019\Maths\Maths one-eigth to finals\Riddles.docx,16856,1,SMQ BIBLES\NSMQ-2019\Maths\Maths one-eigth to finals\Riddles.docx
88d9815d859fe0424ba6b41554b334bd2d0b394a7e881737cfc75b49426a4c46,loose_file,Round 1.docx,.docx,SMQ BIBLES\NSMQ-2019\Maths\Maths one-eigth to finals\Round 1.docx,116868,1,SMQ BIBLES\NSMQ-2019\Maths\Maths one-eigth to finals\Round 1.docx
5871f6137c0a038d09ed004d36df1e1c8e680823763606bcb90f7e99804eae02,loose_file,Speed Race.docx,.docx,SMQ BIBLES\NSMQ-2019\Maths\Maths one-eigth to finals\Speed Race.docx,44594,1,SMQ BIBLES\NSMQ-2019\Maths\Maths one-eigth to finals\Speed Race.docx
fb6b6af8791b1cc6c8c01430af7edae19047ec985d5828e7d46ba22285c30840,loose_file,True or false.docx,.docx,SMQ BIBLES\NSMQ-2019\Maths\Maths one-eigth to finals\True or false.docx,30458,1,SMQ BIBLES\NSMQ-2019\Maths\Maths one-eigth to finals\True or false.docx
d748c5f2aae7e43b6ad34e0a1f75b0f47ea75ff0195cb0f2ead92be0585197e5,loose_file,Maths Prelim .docx,.docx,SMQ BIBLES\NSMQ-2019\Maths\Maths Prelims\Maths Prelim .docx,165240,1,SMQ BIBLES\NSMQ-2019\Maths\Maths Prelims\Maths Prelim .docx
d3fec0de30f1ffda09668eaa34616cee64fcd862822b714bb23f970b4b21bcf9,loose_file,Problem of the day new.docx,.docx,SMQ BIBLES\NSMQ-2019\NSMQ\Biology\Biology One -eighth - Finals\Problem of the day new.docx,38584,2,SMQ BIBLES\NSMQ-2019\Biology\Biology One -eighth - Finals\Problem of the day new.docx | SMQ BIBLES\NSMQ-2019\NSMQ\Biology\Biology One -eighth - Finals\Problem of the day new.docx
793c006ca47c3a6942657813d794c4d4b288efa61300efc85a6d7a43e2bc1786,loose_file,Riddles.docx,.docx,SMQ BIBLES\NSMQ-2019\NSMQ\Biology\Biology One -eighth - Finals\Riddles.docx,41091,2,SMQ BIBLES\NSMQ-2019\Biology\Biology One -eighth - Finals\Riddles.docx | SMQ BIBLES\NSMQ-2019\NSMQ\Biology\Biology One -eighth - Finals\Riddles.docx
3a027062ea4f82ae3c6f29e83dd389dfe3bd3991dc233c6e2fcea8e7a2a6f51b,loose_file,Round 1.docx,.docx,SMQ BIBLES\NSMQ-2019\NSMQ\Biology\Biology One -eighth - Finals\Round 1.docx,68387,2,SMQ BIBLES\NSMQ-2019\Biology\Biology One -eighth - Finals\Round 1.docx | SMQ BIBLES\NSMQ-2019\NSMQ\Biology\Biology One -eighth - Finals\Round 1.docx
f2c5728e8a852727ddecaee39b24c08ecfd63429c675ed196a8a8d60c53a7474,loose_file,Speed race.docx,.docx,SMQ BIBLES\NSMQ-2019\NSMQ\Biology\Biology One -eighth - Finals\Speed race.docx,42285,1,SMQ BIBLES\NSMQ-2019\NSMQ\Biology\Biology One -eighth - Finals\Speed race.docx
2b6143a8985a967e0a101982a526099d4c706893c0de1c400a187d540d1cc613,loose_file,True or false.docx,.docx,SMQ BIBLES\NSMQ-2019\NSMQ\Biology\Biology One -eighth - Finals\True or false.docx,46041,2,SMQ BIBLES\NSMQ-2019\Biology\Biology One -eighth - Finals\True or false.docx | SMQ BIBLES\NSMQ-2019\NSMQ\Biology\Biology One -eighth - Finals\True or false.docx
e183437d9b8b2c48b84d89535f3ecfd50209cd36a76b4e903a5db8d93660e5cc,loose_file,Riddles.docx,.docx,SMQ BIBLES\NSMQ-2019\NSMQ\Biology\Biology Prelims\Riddles.docx,39723,2,SMQ BIBLES\NSMQ-2019\Biology\Biology Prelims\Riddles.docx | SMQ BIBLES\NSMQ-2019\NSMQ\Biology\Biology Prelims\Riddles.docx
57a6cddba52d4e96ec608db967712115c37bfd1253f2c31bb43b67ed60f3d26f,loose_file,Round 1.docx,.docx,SMQ BIBLES\NSMQ-2019\NSMQ\Biology\Biology Prelims\Round 1.docx,52555,1,SMQ BIBLES\NSMQ-2019\NSMQ\Biology\Biology Prelims\Round 1.docx
035bdb1b0add537477022b036984348c60138cedfc302fe7159f509a06f97feb,loose_file,Speed race new.docx,.docx,SMQ BIBLES\NSMQ-2019\NSMQ\Biology\Biology Prelims\Speed race new.docx,37275,1,SMQ BIBLES\NSMQ-2019\NSMQ\Biology\Biology Prelims\Speed race new.docx
d952eb838043821f21b75eee4e4eb684078bd3d1b4474625166e96fc242dca4c,loose_file,True or false.docx,.docx,SMQ BIBLES\NSMQ-2019\NSMQ\Biology\Biology Prelims\True or false.docx,42490,2,SMQ BIBLES\NSMQ-2019\Biology\Biology Prelims\True or false.docx | SMQ BIBLES\NSMQ-2019\NSMQ\Biology\Biology Prelims\True or false.docx
4dfa28abff05d7d93be6beaf9753bb8883c87e5a185cfc74ed6132ed9b02db7e,loose_file,MC 1.docx,.docx,SMQ BIBLES\NSMQ-2019\NSMQ\Chemistry\Chemistry one-eighth to finals\MC 1.docx,17890,1,SMQ BIBLES\NSMQ-2019\NSMQ\Chemistry\Chemistry one-eighth to finals\MC 1.docx
f67d4c3e9fd5625bab99cd3f85147182ff426eec290672ec67f62ee4da5182db,loose_file,MC 10.docx,.docx,SMQ BIBLES\NSMQ-2019\NSMQ\Chemistry\Chemistry one-eighth to finals\MC 10.docx,18717,1,SMQ BIBLES\NSMQ-2019\NSMQ\Chemistry\Chemistry one-eighth to finals\MC 10.docx
5e9222e03219b035278d6f2bdf620a7cc3634625e6d82739305e0eb6bef491d8,loose_file,MC 11.docx,.docx,SMQ BIBLES\NSMQ-2019\NSMQ\Chemistry\Chemistry one-eighth to finals\MC 11.docx,20074,1,SMQ BIBLES\NSMQ-2019\NSMQ\Chemistry\Chemistry one-eighth to finals\MC 11.docx
c9322229d1965bf17e0154b600e28977c7b9fcf9190e03d4873b1cc9a632a465,loose_file,MC 12.docx,.docx,SMQ BIBLES\NSMQ-2019\NSMQ\Chemistry\Chemistry one-eighth to finals\MC 12.docx,19475,1,SMQ BIBLES\NSMQ-2019\NSMQ\Chemistry\Chemistry one-eighth to finals\MC 12.docx
5ddab69c20bde0020ff6dcfc052c10e6662dda5a72a07761deda396aa24d3334,loose_file,MC 13.docx,.docx,SMQ BIBLES\NSMQ-2019\NSMQ\Chemistry\Chemistry one-eighth to finals\MC 13.docx,18773,1,SMQ BIBLES\NSMQ-2019\NSMQ\Chemistry\Chemistry one-eighth to finals\MC 13.docx
4eb0c90618e74c2183381b7e29a558518e2faa58e9ca3e52c2442eac12352fd5,loose_file,MC 14.docx,.docx,SMQ BIBLES\NSMQ-2019\NSMQ\Chemistry\Chemistry one-eighth to finals\MC 14.docx,19875,1,SMQ BIBLES\NSMQ-2019\NSMQ\Chemistry\Chemistry one-eighth to finals\MC 14.docx
336281f3300f953600dc6b72391cffae3d8598538a2afdbf64cc875ea1cef471,loose_file,MC 15.docx,.docx,SMQ BIBLES\NSMQ-2019\NSMQ\Chemistry\Chemistry one-eighth to finals\MC 15.docx,19668,1,SMQ BIBLES\NSMQ-2019\NSMQ\Chemistry\Chemistry one-eighth to finals\MC 15.docx
90c55301c2b32b8bbef3daee718c88d8e7ce2786d7afe5da87b32a7839f1c3fe,loose_file,MC 16.docx,.docx,SMQ BIBLES\NSMQ-2019\NSMQ\Chemistry\Chemistry one-eighth to finals\MC 16.docx,19752,1,SMQ BIBLES\NSMQ-2019\NSMQ\Chemistry\Chemistry one-eighth to finals\MC 16.docx
0c4614c816293c533a4a65fbe0b3e57c90a20d4a4fd4b0ae19a7efd6de9ffea0,loose_file,MC 17.docx,.docx,SMQ BIBLES\NSMQ-2019\NSMQ\Chemistry\Chemistry one-eighth to finals\MC 17.docx,19305,1,SMQ BIBLES\NSMQ-2019\NSMQ\Chemistry\Chemistry one-eighth to finals\MC 17.docx
22a92dbbb86310371a677b90155c55a620628dd22d550319c65f965acce64e2a,loose_file,MC 18.docx,.docx,SMQ BIBLES\NSMQ-2019\NSMQ\Chemistry\Chemistry one-eighth to finals\MC 18.docx,19997,1,SMQ BIBLES\NSMQ-2019\NSMQ\Chemistry\Chemistry one-eighth to finals\MC 18.docx
0fd27c63babea78041b0fba206475b846b132f2c4c1fed47c686721b512fc0e6,loose_file,MC 19.docx,.docx,SMQ BIBLES\NSMQ-2019\NSMQ\Chemistry\Chemistry one-eighth to finals\MC 19.docx,19116,1,SMQ BIBLES\NSMQ-2019\NSMQ\Chemistry\Chemistry one-eighth to finals\MC 19.docx
6cfb2e57b1d345156ffa6e843f801ee290ae29660e996e513b9b71d25b3f349e,loose_file,MC 2.docx,.docx,SMQ BIBLES\NSMQ-2019\NSMQ\Chemistry\Chemistry one-eighth to finals\MC 2.docx,18493,1,SMQ BIBLES\NSMQ-2019\NSMQ\Chemistry\Chemistry one-eighth to finals\MC 2.docx
03a162cf8cd711aa25d0fe19c8a9e7d6db1818654674b32a2866f32add444480,loose_file,MC 20.docx,.docx,SMQ BIBLES\NSMQ-2019\NSMQ\Chemistry\Chemistry one-eighth to finals\MC 20.docx,18795,1,SMQ BIBLES\NSMQ-2019\NSMQ\Chemistry\Chemistry one-eighth to finals\MC 20.docx
1a718356633ac61b27ee3785e3540cdf7d165e2c9fb053d473149806afaafefb,loose_file,MC 21.docx,.docx,SMQ BIBLES\NSMQ-2019\NSMQ\Chemistry\Chemistry one-eighth to finals\MC 21.docx,19810,1,SMQ BIBLES\NSMQ-2019\NSMQ\Chemistry\Chemistry one-eighth to finals\MC 21.docx
4364a7bdbfd8cf8ee65b14fb8659a2ed4ddd4e10a4f6fe7933ac131fb4904852,loose_file,MC 22.docx,.docx,SMQ BIBLES\NSMQ-2019\NSMQ\Chemistry\Chemistry one-eighth to finals\MC 22.docx,19184,1,SMQ BIBLES\NSMQ-2019\NSMQ\Chemistry\Chemistry one-eighth to finals\MC 22.docx
0d61b820ed18fa4206c129895b33fffa10e1f216269ca37edbcbc2bbb47c462f,loose_file,MC 23.docx,.docx,SMQ BIBLES\NSMQ-2019\NSMQ\Chemistry\Chemistry one-eighth to finals\MC 23.docx,19618,1,SMQ BIBLES\NSMQ-2019\NSMQ\Chemistry\Chemistry one-eighth to finals\MC 23.docx
7f6b9afaacf70c3817cb87b6664ba0407da9bc2034519c368d5bf51b78d5d262,loose_file,MC 24.docx,.docx,SMQ BIBLES\NSMQ-2019\NSMQ\Chemistry\Chemistry one-eighth to finals\MC 24.docx,20496,1,SMQ BIBLES\NSMQ-2019\NSMQ\Chemistry\Chemistry one-eighth to finals\MC 24.docx
398839d305afae013018e7e5e523db9dca2d3ce69611dae768ef2842cd2cfe3b,loose_file,MC 25.docx,.docx,SMQ BIBLES\NSMQ-2019\NSMQ\Chemistry\Chemistry one-eighth to finals\MC 25.docx,19491,1,SMQ BIBLES\NSMQ-2019\NSMQ\Chemistry\Chemistry one-eighth to finals\MC 25.docx
36e4c9e516dbc4f8a8270537024194eeb341ae8b65e9539f5369b9e68e553453,loose_file,MC 26.docx,.docx,SMQ BIBLES\NSMQ-2019\NSMQ\Chemistry\Chemistry one-eighth to finals\MC 26.docx,19494,1,SMQ BIBLES\NSMQ-2019\NSMQ\Chemistry\Chemistry one-eighth to finals\MC 26.docx
41c28f10168d8a24f84be77e461bbc0a092171906bb1e6ce822c2fdaf44f1c7a,loose_file,MC 27.docx,.docx,SMQ BIBLES\NSMQ-2019\NSMQ\Chemistry\Chemistry one-eighth to finals\MC 27.docx,19557,1,SMQ BIBLES\NSMQ-2019\NSMQ\Chemistry\Chemistry one-eighth to finals\MC 27.docx
fc7aeae32f343e7035f305b2144d4964cb3a34d0e1da80c7cf890db6b14d280e,loose_file,MC 28.docx,.docx,SMQ BIBLES\NSMQ-2019\NSMQ\Chemistry\Chemistry one-eighth to finals\MC 28.docx,22350,2,SMQ BIBLES\NSMQ-2019\Chemistry\Chemistry one-eighth to finals\MC 28.docx | SMQ BIBLES\NSMQ-2019\NSMQ\Chemistry\Chemistry one-eighth to finals\MC 28.docx
e1b82f1858e8659c7311f968427353cdb1c4b0f4f3f2289a2bb70ce797053d9a,loose_file,MC 29.docx,.docx,SMQ BIBLES\NSMQ-2019\NSMQ\Chemistry\Chemistry one-eighth to finals\MC 29.docx,20409,2,SMQ BIBLES\NSMQ-2019\Chemistry\Chemistry one-eighth to finals\MC 29.docx | SMQ BIBLES\NSMQ-2019\NSMQ\Chemistry\Chemistry one-eighth to finals\MC 29.docx
4486eea4325dd1103c0604f1e843962ff94ce698e2a9661723f187e92a2ec80d,loose_file,MC 3.docx,.docx,SMQ BIBLES\NSMQ-2019\NSMQ\Chemistry\Chemistry one-eighth to finals\MC 3.docx,17763,1,SMQ BIBLES\NSMQ-2019\NSMQ\Chemistry\Chemistry one-eighth to finals\MC 3.docx
685caadfcb69fc4a2fbff8d48a688215209ade46918943f6c5acbf4808070c4b,loose_file,MC 30.docx,.docx,SMQ BIBLES\NSMQ-2019\NSMQ\Chemistry\Chemistry one-eighth to finals\MC 30.docx,25408,2,SMQ BIBLES\NSMQ-2019\Chemistry\Chemistry one-eighth to finals\MC 30.docx | SMQ BIBLES\NSMQ-2019\NSMQ\Chemistry\Chemistry one-eighth to finals\MC 30.docx
4c34186bf290e0a03bf1140072698f07821c068c95aea137e712e55c136c5224,loose_file,MC 31.docx,.docx,SMQ BIBLES\NSMQ-2019\NSMQ\Chemistry\Chemistry one-eighth to finals\MC 31.docx,22360,2,SMQ BIBLES\NSMQ-2019\Chemistry\Chemistry one-eighth to finals\MC 31.docx | SMQ BIBLES\NSMQ-2019\NSMQ\Chemistry\Chemistry one-eighth to finals\MC 31.docx
7d1eb73c3a92077a08d8b2addf68ea2959d2dca0ab53519dba9263e307e35419,loose_file,MC 32.docx,.docx,SMQ BIBLES\NSMQ-2019\NSMQ\Chemistry\Chemistry one-eighth to finals\MC 32.docx,21794,2,SMQ BIBLES\NSMQ-2019\Chemistry\Chemistry one-eighth to finals\MC 32.docx | SMQ BIBLES\NSMQ-2019\NSMQ\Chemistry\Chemistry one-eighth to finals\MC 32.docx
40b49bb987d7125b49b8ac07c23e32d8a77510158cef37c2d16dbb8a02d40bab,loose_file,MC 33.docx,.docx,SMQ BIBLES\NSMQ-2019\NSMQ\Chemistry\Chemistry one-eighth to finals\MC 33.docx,22224,2,SMQ BIBLES\NSMQ-2019\Chemistry\Chemistry one-eighth to finals\MC 33.docx | SMQ BIBLES\NSMQ-2019\NSMQ\Chemistry\Chemistry one-eighth to finals\MC 33.docx
6839bbea05eb123a56e5e8d2966f5fe98f5e6e362c1ccdbaa623ca2cd42d9ea5,loose_file,MC 34.docx,.docx,SMQ BIBLES\NSMQ-2019\NSMQ\Chemistry\Chemistry one-eighth to finals\MC 34.docx,19595,2,SMQ BIBLES\NSMQ-2019\Chemistry\Chemistry one-eighth to finals\MC 34.docx | SMQ BIBLES\NSMQ-2019\NSMQ\Chemistry\Chemistry one-eighth to finals\MC 34.docx
77072cb295c48abcb1349be521b1a68946e21304afd5dda2079ab0eb7e5d774c,loose_file,MC 35.docx,.docx,SMQ BIBLES\NSMQ-2019\NSMQ\Chemistry\Chemistry one-eighth to finals\MC 35.docx,22165,2,SMQ BIBLES\NSMQ-2019\Chemistry\Chemistry one-eighth to finals\MC 35.docx | SMQ BIBLES\NSMQ-2019\NSMQ\Chemistry\Chemistry one-eighth to finals\MC 35.docx
0be45e095ac57b9cb03bb0938497d705558bafa8c978abfbcb8b4764fd3cff33,loose_file,MC 36.docx,.docx,SMQ BIBLES\NSMQ-2019\NSMQ\Chemistry\Chemistry one-eighth to finals\MC 36.docx,20999,2,SMQ BIBLES\NSMQ-2019\Chemistry\Chemistry one-eighth to finals\MC 36.docx | SMQ BIBLES\NSMQ-2019\NSMQ\Chemistry\Chemistry one-eighth to finals\MC 36.docx
32f8b800757bacaef326b20cfabfcdf78215347238a68ab196abb4c3d84511c5,loose_file,MC 37.docx,.docx,SMQ BIBLES\NSMQ-2019\NSMQ\Chemistry\Chemistry one-eighth to finals\MC 37.docx,23170,2,SMQ BIBLES\NSMQ-2019\Chemistry\Chemistry one-eighth to finals\MC 37.docx | SMQ BIBLES\NSMQ-2019\NSMQ\Chemistry\Chemistry one-eighth to finals\MC 37.docx
334302a67cb04ae296c3299b3de23d6c0bd758ff0ef5e53abe79c934e2cc7c43,loose_file,MC 38.docx,.docx,SMQ BIBLES\NSMQ-2019\NSMQ\Chemistry\Chemistry one-eighth to finals\MC 38.docx,22301,2,SMQ BIBLES\NSMQ-2019\Chemistry\Chemistry one-eighth to finals\MC 38.docx | SMQ BIBLES\NSMQ-2019\NSMQ\Chemistry\Chemistry one-eighth to finals\MC 38.docx
0f1892ca3c212a28d7d8cd25a194cd33c22d6901ebfbddb2393fd54ebcebec99,loose_file,MC 39.docx,.docx,SMQ BIBLES\NSMQ-2019\NSMQ\Chemistry\Chemistry one-eighth to finals\MC 39.docx,22430,2,SMQ BIBLES\NSMQ-2019\Chemistry\Chemistry one-eighth to finals\MC 39.docx | SMQ BIBLES\NSMQ-2019\NSMQ\Chemistry\Chemistry one-eighth to finals\MC 39.docx
f439ee0b7cc0c1cc9a53f176593e14ec648736139a2e71136244b0889721f9ea,loose_file,MC 4.docx,.docx,SMQ BIBLES\NSMQ-2019\NSMQ\Chemistry\Chemistry one-eighth to finals\MC 4.docx,18345,1,SMQ BIBLES\NSMQ-2019\NSMQ\Chemistry\Chemistry one-eighth to finals\MC 4.docx
0f207b211258af23c0013aa7a2fe651137c4c953c08bfeeb5e7158fa71718e3a,loose_file,MC 40.docx,.docx,SMQ BIBLES\NSMQ-2019\NSMQ\Chemistry\Chemistry one-eighth to finals\MC 40.docx,22835,2,SMQ BIBLES\NSMQ-2019\Chemistry\Chemistry one-eighth to finals\MC 40.docx | SMQ BIBLES\NSMQ-2019\NSMQ\Chemistry\Chemistry one-eighth to finals\MC 40.docx
9b988e7319d29abab569fb758a9dcbb5324b8ea67e350796ad7d697c8aa1cd74,loose_file,MC 5.docx,.docx,SMQ BIBLES\NSMQ-2019\NSMQ\Chemistry\Chemistry one-eighth to finals\MC 5.docx,18807,1,SMQ BIBLES\NSMQ-2019\NSMQ\Chemistry\Chemistry one-eighth to finals\MC 5.docx
6130b4d1c070b3da88b7f22520e47f0417247bcbf1b9cacb36df77b51c47daa1,loose_file,MC 6.docx,.docx,SMQ BIBLES\NSMQ-2019\NSMQ\Chemistry\Chemistry one-eighth to finals\MC 6.docx,19048,1,SMQ BIBLES\NSMQ-2019\NSMQ\Chemistry\Chemistry one-eighth to finals\MC 6.docx
da06dd44071559cb8f12130731f9293b51bb7a36c1f74913dcf1b847d3b8d4da,loose_file,MC 7.docx,.docx,SMQ BIBLES\NSMQ-2019\NSMQ\Chemistry\Chemistry one-eighth to finals\MC 7.docx,20088,1,SMQ BIBLES\NSMQ-2019\NSMQ\Chemistry\Chemistry one-eighth to finals\MC 7.docx
b38a11a2dc27ed4c5bb8dd13f6d7aec695fff606b0703b049168a5645103a3e3,loose_file,MC 8.docx,.docx,SMQ BIBLES\NSMQ-2019\NSMQ\Chemistry\Chemistry one-eighth to finals\MC 8.docx,19219,1,SMQ BIBLES\NSMQ-2019\NSMQ\Chemistry\Chemistry one-eighth to finals\MC 8.docx
7153126b3d78e1fc24cb0dca331e248f8838c8abb51849f3bfae4eefaf752ed8,loose_file,MC 9.docx,.docx,SMQ BIBLES\NSMQ-2019\NSMQ\Chemistry\Chemistry one-eighth to finals\MC 9.docx,17645,1,SMQ BIBLES\NSMQ-2019\NSMQ\Chemistry\Chemistry one-eighth to finals\MC 9.docx
c969e698557906db026bfc1a1fc9cee0caa29492b111eb58d637d7d2df755985,loose_file,PROBLEM OF THE DAY.docx,.docx,SMQ BIBLES\NSMQ-2019\NSMQ\Chemistry\Chemistry one-eighth to finals\PROBLEM OF THE DAY.docx,88126,1,SMQ BIBLES\NSMQ-2019\NSMQ\Chemistry\Chemistry one-eighth to finals\PROBLEM OF THE DAY.docx
7e47175fec68cdce25c85d5af0a6143494a0c8130615b06f184b8c3bde4ae110,loose_file,Contest 1.docx,.docx,SMQ BIBLES\NSMQ-2019\NSMQ\Chemistry\Chemistry Prelims\Contest 1.docx,23704,1,SMQ BIBLES\NSMQ-2019\NSMQ\Chemistry\Chemistry Prelims\Contest 1.docx
d7c5227a83d9f886db5320393e0a639649ef592d8a787a98412a7827000145d1,loose_file,Contest 10.docx,.docx,SMQ BIBLES\NSMQ-2019\NSMQ\Chemistry\Chemistry Prelims\Contest 10.docx,23042,1,SMQ BIBLES\NSMQ-2019\NSMQ\Chemistry\Chemistry Prelims\Contest 10.docx
bf94139bad41c1faaeec84c33f8331d83f4ead3985828a7d9f84c9a64afc183a,loose_file,Contest 11.docx,.docx,SMQ BIBLES\NSMQ-2019\NSMQ\Chemistry\Chemistry Prelims\Contest 11.docx,24637,2,SMQ BIBLES\NSMQ-2019\Chemistry\Chemistry Prelims\Contest 11.docx | SMQ BIBLES\NSMQ-2019\NSMQ\Chemistry\Chemistry Prelims\Contest 11.docx
091a8fdd1309a2752918fb38969aa90f0d57cd04d14ef6eff35cd0cf01597ca9,loose_file,Contest 12.docx,.docx,SMQ BIBLES\NSMQ-2019\NSMQ\Chemistry\Chemistry Prelims\Contest 12.docx,21664,2,SMQ BIBLES\NSMQ-2019\Chemistry\Chemistry Prelims\Contest 12.docx | SMQ BIBLES\NSMQ-2019\NSMQ\Chemistry\Chemistry Prelims\Contest 12.docx
c6e759ff33bf74cfd4008105c8696cd1fd7cefd3a02b9c3176548e920fd0f504,loose_file,Contest 13.docx,.docx,SMQ BIBLES\NSMQ-2019\NSMQ\Chemistry\Chemistry Prelims\Contest 13.docx,23927,2,SMQ BIBLES\NSMQ-2019\Chemistry\Chemistry Prelims\Contest 13.docx | SMQ BIBLES\NSMQ-2019\NSMQ\Chemistry\Chemistry Prelims\Contest 13.docx
323f60a01c56e893473973b9a8982afb199334e2592d4cba23cac1f43064856a,loose_file,Contest 14.docx,.docx,SMQ BIBLES\NSMQ-2019\NSMQ\Chemistry\Chemistry Prelims\Contest 14.docx,22465,2,SMQ BIBLES\NSMQ-2019\Chemistry\Chemistry Prelims\Contest 14.docx | SMQ BIBLES\NSMQ-2019\NSMQ\Chemistry\Chemistry Prelims\Contest 14.docx
83c8e5a5be2af09a33482cbdd4a92e711156ce7bba0b5fc11165968ca974494e,loose_file,Contest 15.docx,.docx,SMQ BIBLES\NSMQ-2019\NSMQ\Chemistry\Chemistry Prelims\Contest 15.docx,22930,1,SMQ BIBLES\NSMQ-2019\NSMQ\Chemistry\Chemistry Prelims\Contest 15.docx
bc9be92be3c21d9d73e83ee5708ccc0cacdb3cb3ae1a76e3988ab9f2e6e90a2d,loose_file,Contest 16.docx,.docx,SMQ BIBLES\NSMQ-2019\NSMQ\Chemistry\Chemistry Prelims\Contest 16.docx,24770,2,SMQ BIBLES\NSMQ-2019\Chemistry\Chemistry Prelims\Contest 16.docx | SMQ BIBLES\NSMQ-2019\NSMQ\Chemistry\Chemistry Prelims\Contest 16.docx
58c5f9589c2187d7d9821ee0d3266582eacc55856e31b8c3564b1ede26859856,loose_file,Contest 17.docx,.docx,SMQ BIBLES\NSMQ-2019\NSMQ\Chemistry\Chemistry Prelims\Contest 17.docx,24723,2,SMQ BIBLES\NSMQ-2019\Chemistry\Chemistry Prelims\Contest 17.docx | SMQ BIBLES\NSMQ-2019\NSMQ\Chemistry\Chemistry Prelims\Contest 17.docx
c1c803d28f399fc3a2d01492375be4f897daa66ec23c60e0bd439f585aa11024,loose_file,Contest 18.docx,.docx,SMQ BIBLES\NSMQ-2019\NSMQ\Chemistry\Chemistry Prelims\Contest 18.docx,21278,2,SMQ BIBLES\NSMQ-2019\Chemistry\Chemistry Prelims\Contest 18.docx | SMQ BIBLES\NSMQ-2019\NSMQ\Chemistry\Chemistry Prelims\Contest 18.docx
b8653ee674f2105cafd1b50398e8de9513c98e9397865ffbab17f78f8b14a771,loose_file,Contest 19B.docx,.docx,SMQ BIBLES\NSMQ-2019\NSMQ\Chemistry\Chemistry Prelims\Contest 19B.docx,25566,2,SMQ BIBLES\NSMQ-2019\Chemistry\Chemistry Prelims\Contest 19B.docx | SMQ BIBLES\NSMQ-2019\NSMQ\Chemistry\Chemistry Prelims\Contest 19B.docx
7cdb0f8050760d2f59b98b879d30cbf9bdb2427ecb0654399993bdf40543d126,loose_file,Contest 2.docx,.docx,SMQ BIBLES\NSMQ-2019\NSMQ\Chemistry\Chemistry Prelims\Contest 2.docx,25916,1,SMQ BIBLES\NSMQ-2019\NSMQ\Chemistry\Chemistry Prelims\Contest 2.docx
205e384b5609251d3270896ff3c34785f6679639f4a0f4389aeeffc95e215ff8,loose_file,Contest 20B.docx,.docx,SMQ BIBLES\NSMQ-2019\NSMQ\Chemistry\Chemistry Prelims\Contest 20B.docx,23977,2,SMQ BIBLES\NSMQ-2019\Chemistry\Chemistry Prelims\Contest 20B.docx | SMQ BIBLES\NSMQ-2019\NSMQ\Chemistry\Chemistry Prelims\Contest 20B.docx
87d6bbc987efa37de70255bbd8632cbd24b72a370bec15661220bd88264ef459,loose_file,Contest 21B.docx,.docx,SMQ BIBLES\NSMQ-2019\NSMQ\Chemistry\Chemistry Prelims\Contest 21B.docx,24431,2,SMQ BIBLES\NSMQ-2019\Chemistry\Chemistry Prelims\Contest 21B.docx | SMQ BIBLES\NSMQ-2019\NSMQ\Chemistry\Chemistry Prelims\Contest 21B.docx
4182d0becf96022c895ec82d90e63eaad4ccf59f3679540c976b36c8d7903ca5,loose_file,Contest 22B.docx,.docx,SMQ BIBLES\NSMQ-2019\NSMQ\Chemistry\Chemistry Prelims\Contest 22B.docx,23632,2,SMQ BIBLES\NSMQ-2019\Chemistry\Chemistry Prelims\Contest 22B.docx | SMQ BIBLES\NSMQ-2019\NSMQ\Chemistry\Chemistry Prelims\Contest 22B.docx
95aa2f3eae79846db51155e8599f9775e3269bede1cbb0833b509025841ec6e3,loose_file,Contest 23B SUP 1B.docx,.docx,SMQ BIBLES\NSMQ-2019\NSMQ\Chemistry\Chemistry Prelims\Contest 23B SUP 1B.docx,17914,2,SMQ BIBLES\NSMQ-2019\Chemistry\Chemistry Prelims\Contest 23B SUP 1B.docx | SMQ BIBLES\NSMQ-2019\NSMQ\Chemistry\Chemistry Prelims\Contest 23B SUP 1B.docx
1509dafa3707f5f98598937740df93665393175a1f5560d611252735bb8b252a,loose_file,Contest 23B.docx,.docx,SMQ BIBLES\NSMQ-2019\NSMQ\Chemistry\Chemistry Prelims\Contest 23B.docx,27625,2,SMQ BIBLES\NSMQ-2019\Chemistry\Chemistry Prelims\Contest 23B.docx | SMQ BIBLES\NSMQ-2019\NSMQ\Chemistry\Chemistry Prelims\Contest 23B.docx
8c42047352e6ec5af17eb3e0bc578a023a023c13e7cc9497dbb120815f92f9f3,loose_file,Contest 24B.docx,.docx,SMQ BIBLES\NSMQ-2019\NSMQ\Chemistry\Chemistry Prelims\Contest 24B.docx,24479,2,SMQ BIBLES\NSMQ-2019\Chemistry\Chemistry Prelims\Contest 24B.docx | SMQ BIBLES\NSMQ-2019\NSMQ\Chemistry\Chemistry Prelims\Contest 24B.docx
09a55409ca36cff39b18ae87d9124d23d44a2fae1c23c869b01bfe6f2dac9480,loose_file,Contest 25B.docx,.docx,SMQ BIBLES\NSMQ-2019\NSMQ\Chemistry\Chemistry Prelims\Contest 25B.docx,22748,2,SMQ BIBLES\NSMQ-2019\Chemistry\Chemistry Prelims\Contest 25B.docx | SMQ BIBLES\NSMQ-2019\NSMQ\Chemistry\Chemistry Prelims\Contest 25B.docx
4445f1546fb21b9c37356c0d7a583d6c44a235424d84f235b72290406499d641,loose_file,Contest 26B.docx,.docx,SMQ BIBLES\NSMQ-2019\NSMQ\Chemistry\Chemistry Prelims\Contest 26B.docx,25061,2,SMQ BIBLES\NSMQ-2019\Chemistry\Chemistry Prelims\Contest 26B.docx | SMQ BIBLES\NSMQ-2019\NSMQ\Chemistry\Chemistry Prelims\Contest 26B.docx
b123dfb73e0755e34ccac670c53761bc9b9b6bfdb842d822f0c915f5226e70e8,loose_file,Contest 27B.docx,.docx,SMQ BIBLES\NSMQ-2019\NSMQ\Chemistry\Chemistry Prelims\Contest 27B.docx,25356,2,SMQ BIBLES\NSMQ-2019\Chemistry\Chemistry Prelims\Contest 27B.docx | SMQ BIBLES\NSMQ-2019\NSMQ\Chemistry\Chemistry Prelims\Contest 27B.docx
e206894ee502440d685acf9a4626b58a70cea662c7bd5feb2088d52271c43286,loose_file,Contest 28B.docx,.docx,SMQ BIBLES\NSMQ-2019\NSMQ\Chemistry\Chemistry Prelims\Contest 28B.docx,23904,2,SMQ BIBLES\NSMQ-2019\Chemistry\Chemistry Prelims\Contest 28B.docx | SMQ BIBLES\NSMQ-2019\NSMQ\Chemistry\Chemistry Prelims\Contest 28B.docx
1b15f795f2f99cdf2b3dfef3f996ca523e22cb773eaa1f534fc38e20aa794fae,loose_file,Contest 29B.docx,.docx,SMQ BIBLES\NSMQ-2019\NSMQ\Chemistry\Chemistry Prelims\Contest 29B.docx,23945,2,SMQ BIBLES\NSMQ-2019\Chemistry\Chemistry Prelims\Contest 29B.docx | SMQ BIBLES\NSMQ-2019\NSMQ\Chemistry\Chemistry Prelims\Contest 29B.docx
2332af6a7e9dce19cc3cfad519a7ff0b492623edff334aee66ced08411624cc4,loose_file,Contest 3.docx,.docx,SMQ BIBLES\NSMQ-2019\NSMQ\Chemistry\Chemistry Prelims\Contest 3.docx,24470,1,SMQ BIBLES\NSMQ-2019\NSMQ\Chemistry\Chemistry Prelims\Contest 3.docx
f3191cd281cfb39bdd37254f0b0e39e312ef147f16233b4f8f9b52a320555063,loose_file,Contest 30B.docx,.docx,SMQ BIBLES\NSMQ-2019\NSMQ\Chemistry\Chemistry Prelims\Contest 30B.docx,23037,1,SMQ BIBLES\NSMQ-2019\NSMQ\Chemistry\Chemistry Prelims\Contest 30B.docx
287789db9d8d43a6770b1b98f9a254f2c3c02ff6f23a5ddc089ec34127708ce1,loose_file,Contest 31B.docx,.docx,SMQ BIBLES\NSMQ-2019\NSMQ\Chemistry\Chemistry Prelims\Contest 31B.docx,24792,2,SMQ BIBLES\NSMQ-2019\Chemistry\Chemistry Prelims\Contest 31B.docx | SMQ BIBLES\NSMQ-2019\NSMQ\Chemistry\Chemistry Prelims\Contest 31B.docx
960ed2c429100a60b91a9dd94c678e53954dc1bb8f67ece92880502cdf24494a,loose_file,Contest 32B.docx,.docx,SMQ BIBLES\NSMQ-2019\NSMQ\Chemistry\Chemistry Prelims\Contest 32B.docx,24671,2,SMQ BIBLES\NSMQ-2019\Chemistry\Chemistry Prelims\Contest 32B.docx | SMQ BIBLES\NSMQ-2019\NSMQ\Chemistry\Chemistry Prelims\Contest 32B.docx
395b1d768fd89e179816245a7c1a4966442ba3bc412f2f32bd851f69b75c7067,loose_file,Contest 33B.docx,.docx,SMQ BIBLES\NSMQ-2019\NSMQ\Chemistry\Chemistry Prelims\Contest 33B.docx,27909,2,SMQ BIBLES\NSMQ-2019\Chemistry\Chemistry Prelims\Contest 33B.docx | SMQ BIBLES\NSMQ-2019\NSMQ\Chemistry\Chemistry Prelims\Contest 33B.docx
e591c6ff8f551f712c6eb2571e386ebfd2d9370d57764325e530004978cb60d9,loose_file,Contest 34B.docx,.docx,SMQ BIBLES\NSMQ-2019\NSMQ\Chemistry\Chemistry Prelims\Contest 34B.docx,23708,2,SMQ BIBLES\NSMQ-2019\Chemistry\Chemistry Prelims\Contest 34B.docx | SMQ BIBLES\NSMQ-2019\NSMQ\Chemistry\Chemistry Prelims\Contest 34B.docx
2a0a3e50087ba725ac796a75642e30befb7b9218c8b76dfea688692b14eaa664,loose_file,Contest 35B.docx,.docx,SMQ BIBLES\NSMQ-2019\NSMQ\Chemistry\Chemistry Prelims\Contest 35B.docx,22584,2,SMQ BIBLES\NSMQ-2019\Chemistry\Chemistry Prelims\Contest 35B.docx | SMQ BIBLES\NSMQ-2019\NSMQ\Chemistry\Chemistry Prelims\Contest 35B.docx
1b5347ae3322c84e0984a61d7813a14768c4331fdebd8b306b6685d336e85528,loose_file,Contest 36B.docx,.docx,SMQ BIBLES\NSMQ-2019\NSMQ\Chemistry\Chemistry Prelims\Contest 36B.docx,22391,2,SMQ BIBLES\NSMQ-2019\Chemistry\Chemistry Prelims\Contest 36B.docx | SMQ BIBLES\NSMQ-2019\NSMQ\Chemistry\Chemistry Prelims\Contest 36B.docx
7052f9be7dc484c0656877c940665e4fd5e074a771e43ab7719b2146f9073340,loose_file,Contest 4.docx,.docx,SMQ BIBLES\NSMQ-2019\NSMQ\Chemistry\Chemistry Prelims\Contest 4.docx,24384,1,SMQ BIBLES\NSMQ-2019\NSMQ\Chemistry\Chemistry Prelims\Contest 4.docx
5490c99c8bc6430023e1f77358c015b7c40933c92a0aec648009b206836c558a,loose_file,Contest 5.docx,.docx,SMQ BIBLES\NSMQ-2019\NSMQ\Chemistry\Chemistry Prelims\Contest 5.docx,24452,1,SMQ BIBLES\NSMQ-2019\NSMQ\Chemistry\Chemistry Prelims\Contest 5.docx
ead921606cf71f085a4b4badafd7cd8b6c4f112f0619b51de5b8fc12be4f8c70,loose_file,Contest 6.docx,.docx,SMQ BIBLES\NSMQ-2019\NSMQ\Chemistry\Chemistry Prelims\Contest 6.docx,25609,1,SMQ BIBLES\NSMQ-2019\NSMQ\Chemistry\Chemistry Prelims\Contest 6.docx
10a354a9f94f52ce6a250f0430c05b050b9dd9b59d3dec912d1b54ed82de89f0,loose_file,Contest 7.docx,.docx,SMQ BIBLES\NSMQ-2019\NSMQ\Chemistry\Chemistry Prelims\Contest 7.docx,24026,1,SMQ BIBLES\NSMQ-2019\NSMQ\Chemistry\Chemistry Prelims\Contest 7.docx
650ca4bd08ca81706405c82579bebc259e9a2c3ba37336e3e5afeab9340ef749,loose_file,Contest 8.docx,.docx,SMQ BIBLES\NSMQ-2019\NSMQ\Chemistry\Chemistry Prelims\Contest 8.docx,24184,2,SMQ BIBLES\NSMQ-2019\Chemistry\Chemistry Prelims\Contest 8.docx | SMQ BIBLES\NSMQ-2019\NSMQ\Chemistry\Chemistry Prelims\Contest 8.docx
4a7e15f5d2933b05a34fa5338efd94add3bfff8e58b90c128c8cda989011e7e0,loose_file,Contest 9.docx,.docx,SMQ BIBLES\NSMQ-2019\NSMQ\Chemistry\Chemistry Prelims\Contest 9.docx,24411,2,SMQ BIBLES\NSMQ-2019\Chemistry\Chemistry Prelims\Contest 9.docx | SMQ BIBLES\NSMQ-2019\NSMQ\Chemistry\Chemistry Prelims\Contest 9.docx
6b37eb11e25345aeb64ac968fc4d8cc087015402372af34ffc8d4c09d33777eb,loose_file,Problem of the day 1.docx,.docx,SMQ BIBLES\NSMQ-2019\NSMQ\Chemistry\Chemistry Prelims\Problem of the day 1.docx,66754,2,SMQ BIBLES\NSMQ-2019\Chemistry\Chemistry Prelims\Problem of the day 1.docx | SMQ BIBLES\NSMQ-2019\NSMQ\Chemistry\Chemistry Prelims\Problem of the day 1.docx
68355c33670693b0ca5999a1d9ba55f4d9e03a57852093bd8cf33fe62d40b9b0,loose_file,Maths one-eighth to FINAL POTD.docx,.docx,SMQ BIBLES\NSMQ-2019\NSMQ\Maths\Maths one-eigth to finals\Maths one-eighth to FINAL POTD.docx,66859,1,SMQ BIBLES\NSMQ-2019\NSMQ\Maths\Maths one-eigth to finals\Maths one-eighth to FINAL POTD.docx
27a44fc40a413c745f07dbf537dbe809c2a0d4ab0c74e4de8afc2e709eec1be4,loose_file,Maths one-eighth to FINALS.docx,.docx,SMQ BIBLES\NSMQ-2019\NSMQ\Maths\Maths one-eigth to finals\Maths one-eighth to FINALS.docx,230474,1,SMQ BIBLES\NSMQ-2019\NSMQ\Maths\Maths one-eigth to finals\Maths one-eighth to FINALS.docx
19e9d034a22cb01c7bef3e7acd522da234c72e1def68f3ab19cc4b283ccdeb0a,loose_file,Maths Prelim .docx,.docx,SMQ BIBLES\NSMQ-2019\NSMQ\Maths\Maths Prelims\Maths Prelim .docx,182275,1,SMQ BIBLES\NSMQ-2019\NSMQ\Maths\Maths Prelims\Maths Prelim .docx
b2af964782ecaf0137e9fa16a9578f215a8fbbc7884e10528803cf268bfa0359,loose_file,Maths Prelim POTD.docx,.docx,SMQ BIBLES\NSMQ-2019\NSMQ\Maths\Maths Prelims\Maths Prelim POTD.docx,38536,2,SMQ BIBLES\NSMQ-2019\Maths\Maths Prelims\Maths Prelim POTD.docx | SMQ BIBLES\NSMQ-2019\NSMQ\Maths\Maths Prelims\Maths Prelim POTD.docx
9364de90b389b276977533a8adb1aa8cbf8cc3682c27d3103de0abac8b8061ab,loose_file,Round 1 - Physics.docx,.docx,SMQ BIBLES\NSMQ-2019\NSMQ\Physics\Physics one-eigth to finals\Round 1 - Physics.docx,664704,1,SMQ BIBLES\NSMQ-2019\NSMQ\Physics\Physics one-eigth to finals\Round 1 - Physics.docx
52113eac38db0ae8ff9d75f9bc192a13acc106b254ce4caa44c72a4cf0e9fcad,loose_file,Round 2 - Physics.docx,.docx,SMQ BIBLES\NSMQ-2019\NSMQ\Physics\Physics one-eigth to finals\Round 2 - Physics.docx,95675,1,SMQ BIBLES\NSMQ-2019\NSMQ\Physics\Physics one-eigth to finals\Round 2 - Physics.docx
2291947afad2f4608465013baee0c6f3e5436090d873084417eb1c0762ec2580,loose_file,Prelims Round 1N - Physics.docx,.docx,SMQ BIBLES\NSMQ-2019\NSMQ\Physics\Physics Prelims\Prelims Round 1N - Physics.docx,130774,1,SMQ BIBLES\NSMQ-2019\NSMQ\Physics\Physics Prelims\Prelims Round 1N - Physics.docx
a61cb7f9d682a8b605f38ab779a57831a44f192d0b56dc60e8d16a0c9ea77de0,loose_file,Prelims Round 2N - Physics.docx,.docx,SMQ BIBLES\NSMQ-2019\NSMQ\Physics\Physics Prelims\Prelims Round 2N - Physics.docx,83894,1,SMQ BIBLES\NSMQ-2019\NSMQ\Physics\Physics Prelims\Prelims Round 2N - Physics.docx
0d0eb7b7739ba608af9376de3e9fbeb069e85805a99acaa134512044cfc1d5bc,loose_file,Prelims Round 5N - Physics.docx,.docx,SMQ BIBLES\NSMQ-2019\NSMQ\Physics\Physics Prelims\Prelims Round 5N - Physics.docx,38879,1,SMQ BIBLES\NSMQ-2019\NSMQ\Physics\Physics Prelims\Prelims Round 5N - Physics.docx
8aa01fcf85674cd253f44fd013b7035c91e4839f25948222b67a59ac3c60f18f,loose_file,Round 1 - Physics.docx,.docx,SMQ BIBLES\NSMQ-2019\Physics\Physics one-eigth to finals\Round 1 - Physics.docx,664445,1,SMQ BIBLES\NSMQ-2019\Physics\Physics one-eigth to finals\Round 1 - Physics.docx
d2ece03f7a46666cd2c54c9585b801b9226dd0ee2b3b9d73ef170d244d295c61,loose_file,Round 2 - Physics.docx,.docx,SMQ BIBLES\NSMQ-2019\Physics\Physics one-eigth to finals\Round 2 - Physics.docx,611344,1,SMQ BIBLES\NSMQ-2019\Physics\Physics one-eigth to finals\Round 2 - Physics.docx
e7104bc4ccb5735e5114d1b94d7ddf60c56d232e49296a6e2d01c4c76b9abee6,loose_file,Round 3 - Physics 2019 (N).docx,.docx,SMQ BIBLES\NSMQ-2019\Physics\Physics one-eigth to finals\Round 3 - Physics 2019 (N).docx,59319,2,SMQ BIBLES\NSMQ-2019\NSMQ\Physics\Physics one-eigth to finals\Round 3 - Physics 2019 (N).docx | SMQ BIBLES\NSMQ-2019\Physics\Physics one-eigth to finals\Round 3 - Physics 2019 (N).docx
3b9f18e61bb1cce596141c3368f016554d7bd8cfe66b98df941780b81c8ab2c6,loose_file,Round 4 - Physics.docx,.docx,SMQ BIBLES\NSMQ-2019\Physics\Physics one-eigth to finals\Round 4 - Physics.docx,74788,2,SMQ BIBLES\NSMQ-2019\NSMQ\Physics\Physics one-eigth to finals\Round 4 - Physics.docx | SMQ BIBLES\NSMQ-2019\Physics\Physics one-eigth to finals\Round 4 - Physics.docx
68215d0842a1c3b177ddfad93b9703c3b8f2867941e3375e41e62f594968e347,loose_file,Round 5 - Physics.docx,.docx,SMQ BIBLES\NSMQ-2019\Physics\Physics one-eigth to finals\Round 5 - Physics.docx,41211,2,SMQ BIBLES\NSMQ-2019\NSMQ\Physics\Physics one-eigth to finals\Round 5 - Physics.docx | SMQ BIBLES\NSMQ-2019\Physics\Physics one-eigth to finals\Round 5 - Physics.docx
021459e0dd480884fff3d332ecf894ad0d26acf80eb596cc769af913eda1ac15,loose_file,Prelims Round 1N - Physics.docx,.docx,SMQ BIBLES\NSMQ-2019\Physics\Physics Prelims\Prelims Round 1N - Physics.docx,162495,1,SMQ BIBLES\NSMQ-2019\Physics\Physics Prelims\Prelims Round 1N - Physics.docx
4a2d22df6d34e37367ca8abe8dfd682acdfa4384698ed8a278f074e2f599be60,loose_file,Prelims Round 2N - Physics.docx,.docx,SMQ BIBLES\NSMQ-2019\Physics\Physics Prelims\Prelims Round 2N - Physics.docx,94816,1,SMQ BIBLES\NSMQ-2019\Physics\Physics Prelims\Prelims Round 2N - Physics.docx
9a31c8a80e26bad5398a275839910b203c78b11fff7145dba05527afcc2f79d0,loose_file,Prelims Round 4N - Physics.docx,.docx,SMQ BIBLES\NSMQ-2019\Physics\Physics Prelims\Prelims Round 4N - Physics.docx,63525,2,SMQ BIBLES\NSMQ-2019\NSMQ\Physics\Physics Prelims\Prelims Round 4N - Physics.docx | SMQ BIBLES\NSMQ-2019\Physics\Physics Prelims\Prelims Round 4N - Physics.docx
003a2032dd2e23886a3a7daa302e8e134ce080bc59556595fff7db2e414a24ab,loose_file,Prelims Round 5N - Physics.docx,.docx,SMQ BIBLES\NSMQ-2019\Physics\Physics Prelims\Prelims Round 5N - Physics.docx,30481,1,SMQ BIBLES\NSMQ-2019\Physics\Physics Prelims\Prelims Round 5N - Physics.docx
a3fd8f8e24b9d266d5c7aa09eed87ba8d8f78d982ea1255eddd29a32882eff93,loose_file,One-Eighth - Finals Riddles .docx,.docx,SMQ BIBLES\NSMQ2020\BIOLOGY\One-Eighth - Finals Riddles .docx,36085,3,NSMQ2020.zip::One-Eighth - Finals Riddles .docx | SMQ BIBLES\NSMQ 2020\BIOLOGY\One-Eighth - Finals Riddles .docx | SMQ BIBLES\NSMQ2020\BIOLOGY\One-Eighth - Finals Riddles .docx
01703d85adf932d53be53889fcbe82d1f6d1578c825be17d5b018c0568a8578b,loose_file,One-Eighth - Finals Round 1.docx,.docx,SMQ BIBLES\NSMQ2020\BIOLOGY\One-Eighth - Finals Round 1.docx,66191,3,NSMQ2020.zip::One-Eighth - Finals Round 1.docx | SMQ BIBLES\NSMQ 2020\BIOLOGY\One-Eighth - Finals Round 1.docx | SMQ BIBLES\NSMQ2020\BIOLOGY\One-Eighth - Finals Round 1.docx
ea4103bc223f1fb495f5541f544a3f8fc3a8ae3008e7e1551145b9e7ed6a8e52,loose_file,One-Eighth - Finals Speed Race.docx,.docx,SMQ BIBLES\NSMQ2020\BIOLOGY\One-Eighth - Finals Speed Race.docx,41122,3,NSMQ2020.zip::One-Eighth - Finals Speed Race.docx | SMQ BIBLES\NSMQ 2020\BIOLOGY\One-Eighth - Finals Speed Race.docx | SMQ BIBLES\NSMQ2020\BIOLOGY\One-Eighth - Finals Speed Race.docx
ff865a8d28af7b275ca5291c6d7f073b94839c698492bd5b2bb4838e8b698598,loose_file,One-Eighth - Finals True or False.docx,.docx,SMQ BIBLES\NSMQ2020\BIOLOGY\One-Eighth - Finals True or False.docx,48133,3,NSMQ2020.zip::One-Eighth - Finals True or False.docx | SMQ BIBLES\NSMQ 2020\BIOLOGY\One-Eighth - Finals True or False.docx | SMQ BIBLES\NSMQ2020\BIOLOGY\One-Eighth - Finals True or False.docx
9295d3bf43cbd5ea74ed89bf786255997d43156ca15a5abfd9747254b900f609,loose_file,Problem of the day.docx,.docx,SMQ BIBLES\NSMQ2020\BIOLOGY\Problem of the day.docx,1365623,2,NSMQ2020.zip::Problem of the day.docx | SMQ BIBLES\NSMQ2020\BIOLOGY\Problem of the day.docx
f780729ae815f1c193036f63bcd6a8c6aeecca1ad51272279469cc9db3229fee,loose_file,NC 1.docx,.docx,SMQ BIBLES\NSMQ2020\CHEMISTRY\NC 1.docx,17554,3,NSMQ2020.zip::NC 1.docx | SMQ BIBLES\NSMQ 2020\Chemistry\NC 1.docx | SMQ BIBLES\NSMQ2020\CHEMISTRY\NC 1.docx
3126adab5f721e0295fb55a78b3d44f08c9ed19f45f520c0005eec75d9434f5e,loose_file,NC 10.docx,.docx,SMQ BIBLES\NSMQ2020\CHEMISTRY\NC 10.docx,19374,3,NSMQ2020.zip::NC 10.docx | SMQ BIBLES\NSMQ 2020\Chemistry\NC 10.docx | SMQ BIBLES\NSMQ2020\CHEMISTRY\NC 10.docx
5f7788c28dad58ee0fcf8283f11123d7974d002ce443e2438ca561b35d7fc203,loose_file,NC 11.docx,.docx,SMQ BIBLES\NSMQ2020\CHEMISTRY\NC 11.docx,18461,3,NSMQ2020.zip::NC 11.docx | SMQ BIBLES\NSMQ 2020\Chemistry\NC 11.docx | SMQ BIBLES\NSMQ2020\CHEMISTRY\NC 11.docx
5d03b396d6f5b2400c3c06bb7b078e5f117672d9d15730bb24b1ec9725bad2d3,loose_file,NC 12.docx,.docx,SMQ BIBLES\NSMQ2020\CHEMISTRY\NC 12.docx,18558,3,NSMQ2020.zip::NC 12.docx | SMQ BIBLES\NSMQ 2020\Chemistry\NC 12.docx | SMQ BIBLES\NSMQ2020\CHEMISTRY\NC 12.docx
87ac8c9abf34202f1afeebc0403f2c0c3b47740a65fb1d2b30c55ae30f7af88b,loose_file,NC 13.docx,.docx,SMQ BIBLES\NSMQ2020\CHEMISTRY\NC 13.docx,18825,3,NSMQ2020.zip::NC 13.docx | SMQ BIBLES\NSMQ 2020\Chemistry\NC 13.docx | SMQ BIBLES\NSMQ2020\CHEMISTRY\NC 13.docx
66a1bdb8a69a4fe363d625d31306eb1fe5b057f0569616feefd385a81a0afbb8,loose_file,NC 14.docx,.docx,SMQ BIBLES\NSMQ2020\CHEMISTRY\NC 14.docx,18721,3,NSMQ2020.zip::NC 14.docx | SMQ BIBLES\NSMQ 2020\Chemistry\NC 14.docx | SMQ BIBLES\NSMQ2020\CHEMISTRY\NC 14.docx
962d4bbf098049eb0b564cedf80e6aa3bcdd3df966def34de04e2736264d0ce9,loose_file,NC 15.docx,.docx,SMQ BIBLES\NSMQ2020\CHEMISTRY\NC 15.docx,19270,3,NSMQ2020.zip::NC 15.docx | SMQ BIBLES\NSMQ 2020\Chemistry\NC 15.docx | SMQ BIBLES\NSMQ2020\CHEMISTRY\NC 15.docx
b48b5ef99689e6440a76e12b48fbe9ffc13b7a3cbdcde2247deb0246f3b6b7f1,loose_file,NC 16.docx,.docx,SMQ BIBLES\NSMQ2020\CHEMISTRY\NC 16.docx,18476,3,NSMQ2020.zip::NC 16.docx | SMQ BIBLES\NSMQ 2020\Chemistry\NC 16.docx | SMQ BIBLES\NSMQ2020\CHEMISTRY\NC 16.docx
a7030cf12afa2bf391fb85bae34a3ae0e51528c94a1e351ec34e28aef3329265,loose_file,NC 17.docx,.docx,SMQ BIBLES\NSMQ2020\CHEMISTRY\NC 17.docx,18020,3,NSMQ2020.zip::NC 17.docx | SMQ BIBLES\NSMQ 2020\Chemistry\NC 17.docx | SMQ BIBLES\NSMQ2020\CHEMISTRY\NC 17.docx
8af2d26c4c43e64ccdca25c0fc4f4f7e711f34d823206a6cefe7954bca0afd44,loose_file,NC 18.docx,.docx,SMQ BIBLES\NSMQ2020\CHEMISTRY\NC 18.docx,19187,3,NSMQ2020.zip::NC 18.docx | SMQ BIBLES\NSMQ 2020\Chemistry\NC 18.docx | SMQ BIBLES\NSMQ2020\CHEMISTRY\NC 18.docx
6149f7ef1bcddeef5dc2f09154c0397362cd35af84040d906f24facf2af34a52,loose_file,NC 19.docx,.docx,SMQ BIBLES\NSMQ2020\CHEMISTRY\NC 19.docx,18046,3,NSMQ2020.zip::NC 19.docx | SMQ BIBLES\NSMQ 2020\Chemistry\NC 19.docx | SMQ BIBLES\NSMQ2020\CHEMISTRY\NC 19.docx
95cf935d41e3d1f7d5ff98ca8260931f198531207aa55ad43ce2cdac67462dae,loose_file,NC 2.docx,.docx,SMQ BIBLES\NSMQ2020\CHEMISTRY\NC 2.docx,17366,3,NSMQ2020.zip::NC 2.docx | SMQ BIBLES\NSMQ 2020\Chemistry\NC 2.docx | SMQ BIBLES\NSMQ2020\CHEMISTRY\NC 2.docx
35743f758ed2e84543ee7719562127309cee97df0a29f88c32006b93edbbd0ae,loose_file,NC 20.docx,.docx,SMQ BIBLES\NSMQ2020\CHEMISTRY\NC 20.docx,18117,3,NSMQ2020.zip::NC 20.docx | SMQ BIBLES\NSMQ 2020\Chemistry\NC 20.docx | SMQ BIBLES\NSMQ2020\CHEMISTRY\NC 20.docx
f1b8cb48fa19478cb4b2aeec8a16638a3b6c26ccccbea952810da6d0ba0736be,loose_file,NC 21.docx,.docx,SMQ BIBLES\NSMQ2020\CHEMISTRY\NC 21.docx,19055,3,NSMQ2020.zip::NC 21.docx | SMQ BIBLES\NSMQ 2020\Chemistry\NC 21.docx | SMQ BIBLES\NSMQ2020\CHEMISTRY\NC 21.docx
a384e3b045bd674c71e2498a94546ed406730b0b17b0382181ad4f0df7257402,loose_file,NC 22.docx,.docx,SMQ BIBLES\NSMQ2020\CHEMISTRY\NC 22.docx,18989,3,NSMQ2020.zip::NC 22.docx | SMQ BIBLES\NSMQ 2020\Chemistry\NC 22.docx | SMQ BIBLES\NSMQ2020\CHEMISTRY\NC 22.docx
f100041232ae3851f3682e35160d2251619cd3d8886fe28e2e6b1411d37f996b,loose_file,NC 23.docx,.docx,SMQ BIBLES\NSMQ2020\CHEMISTRY\NC 23.docx,19601,3,NSMQ2020.zip::NC 23.docx | SMQ BIBLES\NSMQ 2020\Chemistry\NC 23.docx | SMQ BIBLES\NSMQ2020\CHEMISTRY\NC 23.docx
a6f6f1065ab65ce40f8dfcc644cec8be8fadf96a92b54e3f02ff5104c7291746,loose_file,NC 24.docx,.docx,SMQ BIBLES\NSMQ2020\CHEMISTRY\NC 24.docx,19322,3,NSMQ2020.zip::NC 24.docx | SMQ BIBLES\NSMQ 2020\Chemistry\NC 24.docx | SMQ BIBLES\NSMQ2020\CHEMISTRY\NC 24.docx
6ae985ba7c254cfdf22c01d1859b3c3fe7cd90ac93aa36378a878dca5c1b3b73,loose_file,NC 25.docx,.docx,SMQ BIBLES\NSMQ2020\CHEMISTRY\NC 25.docx,19070,3,NSMQ2020.zip::NC 25.docx | SMQ BIBLES\NSMQ 2020\Chemistry\NC 25.docx | SMQ BIBLES\NSMQ2020\CHEMISTRY\NC 25.docx
304c374e433165c67478ecf27981c9f1858986f30a0be10a65a03bbec32ad799,loose_file,NC 26.docx,.docx,SMQ BIBLES\NSMQ2020\CHEMISTRY\NC 26.docx,18214,3,NSMQ2020.zip::NC 26.docx | SMQ BIBLES\NSMQ 2020\Chemistry\NC 26.docx | SMQ BIBLES\NSMQ2020\CHEMISTRY\NC 26.docx
3697901e6e2acd253fd8a3d5a3ae7b0ae2dc7e90e72d94912e9dc730fc7e8f4c,loose_file,NC 27.docx,.docx,SMQ BIBLES\NSMQ2020\CHEMISTRY\NC 27.docx,18029,3,NSMQ2020.zip::NC 27.docx | SMQ BIBLES\NSMQ 2020\Chemistry\NC 27.docx | SMQ BIBLES\NSMQ2020\CHEMISTRY\NC 27.docx
3d042d79913fcbafeffb0b6809b56dd41c84aa1563d48afab85a875ee05b6687,loose_file,NC 28.docx,.docx,SMQ BIBLES\NSMQ2020\CHEMISTRY\NC 28.docx,19904,3,NSMQ2020.zip::NC 28.docx | SMQ BIBLES\NSMQ 2020\Chemistry\NC 28.docx | SMQ BIBLES\NSMQ2020\CHEMISTRY\NC 28.docx
20d54cc467bfcc425fb7f81a7973e1a52aa7008457ede171fb0fac6507498a00,loose_file,NC 29.docx,.docx,SMQ BIBLES\NSMQ2020\CHEMISTRY\NC 29.docx,19813,3,NSMQ2020.zip::NC 29.docx | SMQ BIBLES\NSMQ 2020\Chemistry\NC 29.docx | SMQ BIBLES\NSMQ2020\CHEMISTRY\NC 29.docx
6b32e630a68e68302eb243808769727cfa8525ca20cfbe5b58d17d39a9d37992,loose_file,NC 3.docx,.docx,SMQ BIBLES\NSMQ2020\CHEMISTRY\NC 3.docx,16990,3,NSMQ2020.zip::NC 3.docx | SMQ BIBLES\NSMQ 2020\Chemistry\NC 3.docx | SMQ BIBLES\NSMQ2020\CHEMISTRY\NC 3.docx
b73ef26a94c7265a166be0e10b20f887eeea9534092e532ce8565d52f6a49b89,loose_file,NC 30.docx,.docx,SMQ BIBLES\NSMQ2020\CHEMISTRY\NC 30.docx,19603,3,NSMQ2020.zip::NC 30.docx | SMQ BIBLES\NSMQ 2020\Chemistry\NC 30.docx | SMQ BIBLES\NSMQ2020\CHEMISTRY\NC 30.docx
0106c5ae3ef3723662084bc649e8f76f2dba174049b6ffe4961ac15be42ea209,loose_file,NC 31.docx,.docx,SMQ BIBLES\NSMQ2020\CHEMISTRY\NC 31.docx,18824,3,NSMQ2020.zip::NC 31.docx | SMQ BIBLES\NSMQ 2020\Chemistry\NC 31.docx | SMQ BIBLES\NSMQ2020\CHEMISTRY\NC 31.docx
12fbc2f29c8d7dcaff4f4345db9709fda0d7142251bc41e0ada6707e10dba4b5,loose_file,NC 32.docx,.docx,SMQ BIBLES\NSMQ2020\CHEMISTRY\NC 32.docx,20373,3,NSMQ2020.zip::NC 32.docx | SMQ BIBLES\NSMQ 2020\Chemistry\NC 32.docx | SMQ BIBLES\NSMQ2020\CHEMISTRY\NC 32.docx
9be96d401ac3600a38766d5c0d1cf89850f191f1a743e96bfa5e40e6c52859c1,loose_file,NC 33.docx,.docx,SMQ BIBLES\NSMQ2020\CHEMISTRY\NC 33.docx,19555,3,NSMQ2020.zip::NC 33.docx | SMQ BIBLES\NSMQ 2020\Chemistry\NC 33.docx | SMQ BIBLES\NSMQ2020\CHEMISTRY\NC 33.docx
185a11232be4a135298012e549ea022a6e50101a9156ee5b2a166d92a8eec8e5,loose_file,NC 34.docx,.docx,SMQ BIBLES\NSMQ2020\CHEMISTRY\NC 34.docx,20799,3,NSMQ2020.zip::NC 34.docx | SMQ BIBLES\NSMQ 2020\Chemistry\NC 34.docx | SMQ BIBLES\NSMQ2020\CHEMISTRY\NC 34.docx
f1a5b03abf29bcbd0c61f8b802bd8ab5a55807f78ef8f078b3945c82cedd8081,loose_file,NC 35.docx,.docx,SMQ BIBLES\NSMQ2020\CHEMISTRY\NC 35.docx,20125,3,NSMQ2020.zip::NC 35.docx | SMQ BIBLES\NSMQ 2020\Chemistry\NC 35.docx | SMQ BIBLES\NSMQ2020\CHEMISTRY\NC 35.docx
422398d2031ca1696dd59b6d8f7c7ee131614ec4d7126485852c8189e7a6ef86,loose_file,NC 36.docx,.docx,SMQ BIBLES\NSMQ2020\CHEMISTRY\NC 36.docx,20012,3,NSMQ2020.zip::NC 36.docx | SMQ BIBLES\NSMQ 2020\Chemistry\NC 36.docx | SMQ BIBLES\NSMQ2020\CHEMISTRY\NC 36.docx
5d26b5a51dc594ab431eba2292969bf875d783bcaf6b58ceef80100b95445ffe,loose_file,NC 37.docx,.docx,SMQ BIBLES\NSMQ2020\CHEMISTRY\NC 37.docx,21151,3,NSMQ2020.zip::NC 37.docx | SMQ BIBLES\NSMQ 2020\Chemistry\NC 37.docx | SMQ BIBLES\NSMQ2020\CHEMISTRY\NC 37.docx
78846b82f099a450198c784eed3e022d18618731080ecec0bf0df04e14eed725,loose_file,NC 38.docx,.docx,SMQ BIBLES\NSMQ2020\CHEMISTRY\NC 38.docx,21423,3,NSMQ2020.zip::NC 38.docx | SMQ BIBLES\NSMQ 2020\Chemistry\NC 38.docx | SMQ BIBLES\NSMQ2020\CHEMISTRY\NC 38.docx
29ee6060f5cb46fedb2afd224b74e709b2c0e767c7a084b48aa1df1257c80850,loose_file,NC 39.docx,.docx,SMQ BIBLES\NSMQ2020\CHEMISTRY\NC 39.docx,28268,3,NSMQ2020.zip::NC 39.docx | SMQ BIBLES\NSMQ 2020\Chemistry\NC 39.docx | SMQ BIBLES\NSMQ2020\CHEMISTRY\NC 39.docx
fa89fb8d0ebece6125fed56f109c7c9b6b9f0939811e09a89fec97aff69281a8,loose_file,NC 4.docx,.docx,SMQ BIBLES\NSMQ2020\CHEMISTRY\NC 4.docx,19440,3,NSMQ2020.zip::NC 4.docx | SMQ BIBLES\NSMQ 2020\Chemistry\NC 4.docx | SMQ BIBLES\NSMQ2020\CHEMISTRY\NC 4.docx
d7ae54aadeb20eb6131ec0d1e61912bf67ea25eff9369d4176df7ec477bec649,loose_file,NC 40.docx,.docx,SMQ BIBLES\NSMQ2020\CHEMISTRY\NC 40.docx,21074,3,NSMQ2020.zip::NC 40.docx | SMQ BIBLES\NSMQ 2020\Chemistry\NC 40.docx | SMQ BIBLES\NSMQ2020\CHEMISTRY\NC 40.docx
b71e2f8aca3418dd3f91f0bae978346595ad6bc06980d6d032ea120a164d9f3f,loose_file,NC 5.docx,.docx,SMQ BIBLES\NSMQ2020\CHEMISTRY\NC 5.docx,18782,3,NSMQ2020.zip::NC 5.docx | SMQ BIBLES\NSMQ 2020\Chemistry\NC 5.docx | SMQ BIBLES\NSMQ2020\CHEMISTRY\NC 5.docx
35561d3f9fbb6ede7e9efd4748798cc39063609e2e592f765f588fdc6d748216,loose_file,NC 6.docx,.docx,SMQ BIBLES\NSMQ2020\CHEMISTRY\NC 6.docx,18964,3,NSMQ2020.zip::NC 6.docx | SMQ BIBLES\NSMQ 2020\Chemistry\NC 6.docx | SMQ BIBLES\NSMQ2020\CHEMISTRY\NC 6.docx
7025e12534e7fe88bc698e1e4fb3855ee16d9e75b4cb921cf5fbae1e64251da2,loose_file,NC 7.docx,.docx,SMQ BIBLES\NSMQ2020\CHEMISTRY\NC 7.docx,18339,3,NSMQ2020.zip::NC 7.docx | SMQ BIBLES\NSMQ 2020\Chemistry\NC 7.docx | SMQ BIBLES\NSMQ2020\CHEMISTRY\NC 7.docx
4fab5787b99d200ac86cb5fadb027bbc690e5d5411dc2fc5ebbfc0f03b1a625b,loose_file,NC 8.docx,.docx,SMQ BIBLES\NSMQ2020\CHEMISTRY\NC 8.docx,18127,3,NSMQ2020.zip::NC 8.docx | SMQ BIBLES\NSMQ 2020\Chemistry\NC 8.docx | SMQ BIBLES\NSMQ2020\CHEMISTRY\NC 8.docx
6858f679229f647b5152c8527c686b67bbcd1623034b7aaa94360f5f6f53cc09,loose_file,NC 9.docx,.docx,SMQ BIBLES\NSMQ2020\CHEMISTRY\NC 9.docx,17656,3,NSMQ2020.zip::NC 9.docx | SMQ BIBLES\NSMQ 2020\Chemistry\NC 9.docx | SMQ BIBLES\NSMQ2020\CHEMISTRY\NC 9.docx
9d24187f0f8021f43d037de7a8d1403245a8e3f03193751a1755c041ad88f889,loose_file,PROBLEM OF THE DAY-2020.docx,.docx,SMQ BIBLES\NSMQ2020\CHEMISTRY\PROBLEM OF THE DAY-2020.docx,42418,3,NSMQ2020.zip::PROBLEM OF THE DAY-2020.docx | SMQ BIBLES\NSMQ 2020\BIOLOGY\PROBLEM OF THE DAY-2020.docx | SMQ BIBLES\NSMQ2020\CHEMISTRY\PROBLEM OF THE DAY-2020.docx
c7a8449364f25cf638d880813600b07b9a8796a0bab984fad70ce8ca5fadeb7f,loose_file,PROBLEM OF THE DAY_1.docx,.docx,SMQ BIBLES\NSMQ2020\CHEMISTRY\PROBLEM OF THE DAY_1.docx,61034,2,NSMQ2020.zip::PROBLEM OF THE DAY_1.docx | SMQ BIBLES\NSMQ2020\CHEMISTRY\PROBLEM OF THE DAY_1.docx
55c8b08b6f335cd0051c269cb3e921a09c337d19c13026ccd5cdb189b175ecad,loose_file,NSMQ 2020 Mathematics One-Eighth .docx,.docx,SMQ BIBLES\NSMQ2020\MATHEMATICS\NSMQ 2020 Mathematics One-Eighth .docx,341016,3,NSMQ2020.zip::NSMQ 2020 Mathematics One-Eighth .docx | SMQ BIBLES\NSMQ 2020\Mathematics_\NSMQ 2020 Mathematics One-Eighth .docx | SMQ BIBLES\NSMQ2020\MATHEMATICS\NSMQ 2020 Mathematics One-Eighth .docx
38184876d6ab996d68d59ea39cb9eda658a3f9e913af20c4c8c2013dbfcf79a1,loose_file,NSMQ 2020 Mathematics One-Eighth to Finals POTD.docx,.docx,SMQ BIBLES\NSMQ2020\MATHEMATICS\NSMQ 2020 Mathematics One-Eighth to Finals POTD.docx,96209,3,NSMQ2020.zip::NSMQ 2020 Mathematics One-Eighth to Finals POTD.docx | SMQ BIBLES\NSMQ 2020\Mathematics_\NSMQ 2020 Mathematics One-Eighth to Finals POTD.docx | SMQ BIBLES\NSMQ2020\MATHEMATICS\NSMQ 2020 Mathematics One-Eighth to Finals POTD.docx
5bc55300ce20dda5d56a522b106d236d0a5dccbf4feeed8d0bb5e43f70401bf6,loose_file,POTD - Physics 2020.docx,.docx,SMQ BIBLES\NSMQ2020\PHYSICS\POTD - Physics 2020.docx,70865,3,NSMQ2020.zip::POTD - Physics 2020.docx | SMQ BIBLES\NSMQ 2020\Physics\POTD - Physics 2020.docx | SMQ BIBLES\NSMQ2020\PHYSICS\POTD - Physics 2020.docx
2035421845fe3288f366de32fe0ffb81dfee31cc42549fb8ae0ab9fe52e3e3f7,loose_file,Round 1 - Physics 2020.docx,.docx,SMQ BIBLES\NSMQ2020\PHYSICS\Round 1 - Physics 2020.docx,202925,3,NSMQ2020.zip::Round 1 - Physics 2020.docx | SMQ BIBLES\NSMQ 2020\Physics\Round 1 - Physics 2020.docx | SMQ BIBLES\NSMQ2020\PHYSICS\Round 1 - Physics 2020.docx
11013df7642a551243b6465751b9f881e48f4d22050bc12d7141d1d276966d80,loose_file,Round 2 - Physics 2020.docx,.docx,SMQ BIBLES\NSMQ2020\PHYSICS\Round 2 - Physics 2020.docx,111586,3,NSMQ2020.zip::Round 2 - Physics 2020.docx | SMQ BIBLES\NSMQ 2020\Physics\Round 2 - Physics 2020.docx | SMQ BIBLES\NSMQ2020\PHYSICS\Round 2 - Physics 2020.docx
449e61669f65093fcc90022cbfe4a6118b163ca554f3ae3c8c85896c9ad22d60,loose_file,Round 4 - Physics 2020.docx,.docx,SMQ BIBLES\NSMQ2020\PHYSICS\Round 4 - Physics 2020.docx,79825,3,NSMQ2020.zip::Round 4 - Physics 2020.docx | SMQ BIBLES\NSMQ 2020\Physics\Round 4 - Physics 2020.docx | SMQ BIBLES\NSMQ2020\PHYSICS\Round 4 - Physics 2020.docx
42a856a825371b4676b69018f3d7bb3da43398430b6323a9b2ec2d7604bafe42,loose_file,Round 5 - Physics 2020.docx,.docx,SMQ BIBLES\NSMQ2020\PHYSICS\Round 5 - Physics 2020.docx,42007,3,NSMQ2020.zip::Round 5 - Physics 2020.docx | SMQ BIBLES\NSMQ 2020\Physics\Round 5 - Physics 2020.docx | SMQ BIBLES\NSMQ2020\PHYSICS\Round 5 - Physics 2020.docx
e3b0c44298fc1c149afbf4c8996fb92427ae41e4649b934ca495991b7852b855,loose_file,biology.docx,.docx,SMQ BIBLES\sampled\biology.docx,0,3,SMQ BIBLES\sampled\biology.docx | SMQ BIBLES\sampled\chemistry.docx | SMQ BIBLES\sampled\maths.docx
253914bc09dcd1a6a86911b062185a0837cc13d0b6af9dcbafa99becd5413beb,loose_file,physics.docx,.docx,SMQ BIBLES\sampled\physics.docx,34864,1,SMQ BIBLES\sampled\physics.docx
30558bcd329b5f69ef523d2456cd8ea1ee3beb53f254d698e29036884c7d5366,loose_file,speed race.docx,.docx,SMQ BIBLES\speed race practice\speed race.docx,40984,1,SMQ BIBLES\speed race practice\speed race.docx
5dad2eb855a430e465215e430e6e2ab7901ca205fca15fcf0e08b1481271da87,loose_file,CONTEST 02.doc,.doc,SMQ BIBLES\Uncategorised\CONTEST 02.doc,361472,1,SMQ BIBLES\Uncategorised\CONTEST 02.doc
169d949fa84471a838240aeb8647df7b4518d5f825378e40c720f50c4da80344,loose_file,CONTESTONETRIAL.docx,.docx,SMQ BIBLES\Uncategorised\CONTESTONETRIAL.docx,15361,1,SMQ BIBLES\Uncategorised\CONTESTONETRIAL.docx
4b0ee8b9f1756119fabd3c9e31f9f610e385b4b4f03020b97c09400e1b57b59d,loose_file,CONTESTTWOTRIAL.docx,.docx,SMQ BIBLES\Uncategorised\CONTESTTWOTRIAL.docx,15996,1,SMQ BIBLES\Uncategorised\CONTESTTWOTRIAL.docx
c0bbfd4ad1f7140b61b4fe3139e347a73e5328038862f0685e74e49a06fa4835,loose_file,NSMQ CONTEST 2021.pdf,.pdf,SMQ BIBLES\Uncategorised\NSMQ CONTEST 2021.pdf,168151,1,SMQ BIBLES\Uncategorised\NSMQ CONTEST 2021.pdf
2b2fa1f8e59a35d3793a899ac91c67b786875304a63c857de67edb5c44ba6401,loose_file,sample quiz questions EDITED.docx,.docx,SMQ BIBLES\Uncategorised\sample quiz questions EDITED.docx,15540,1,SMQ BIBLES\Uncategorised\sample quiz questions EDITED.docx
b320ce07c58fdad043b6e9146e4b1d8435711dbe63de8e3efdcc186823dfb8f2,loose_file,tepa.docx,.docx,SMQ BIBLES\Uncategorised\tepa.docx,13584,1,SMQ BIBLES\Uncategorised\tepa.docx
6d01060b0fee89c544d0a781f2078f91bff745e3abe9883a8e5826f4a849728d,loose_file,biology.docx,.docx,SMQ BIBLES\weekends\complicated questions\biology.docx,19604,1,SMQ BIBLES\weekends\complicated questions\biology.docx
431bb956b494b21df651f502a8273bbe9958731e7395dee4f321cabb6648ef84,loose_file,chemistry.docx,.docx,SMQ BIBLES\weekends\complicated questions\chemistry.docx,21639,1,SMQ BIBLES\weekends\complicated questions\chemistry.docx
d10fb4ca7fe5ab6a57e8726db8b67f1989bf12b6d84587825e00558db49b64fb,loose_file,maths.docx,.docx,SMQ BIBLES\weekends\complicated questions\maths.docx,46672,1,SMQ BIBLES\weekends\complicated questions\maths.docx
cef8b6dfcd01d8123d78ba71c0f2942dd8482cd592e100277d7d227eb080e750,loose_file,physics questions.docx,.docx,SMQ BIBLES\weekends\complicated questions\physics questions.docx,30930,1,SMQ BIBLES\weekends\complicated questions\physics questions.docx
9ecb709d27b350101fb4fa7805005c66bf106aff9d86aef34142dd70f9d9c92d,loose_file,1.doc,.doc,SMQ BIBLES\weekends\complicated questions\riddles\1.doc,33792,4,SMQ BIBLES\NSMQ 2009\CONTEST1 GA\ROUND 5.doc | SMQ BIBLES\NSMQ 2009\CONTEST2 GA\CONTEST1 GA\ROUND 5.doc | SMQ BIBLES\NSMQ 2009\Ready for Editing\CONTEST1\ROUND 5.doc | SMQ BIBLES\weekends\complicated questions\riddles\1.doc
2d764c1cfcc4ae9f43be881f0a9e20f03ffa7b391f080f5d4c40f075890e3d41,loose_file,10.docx,.docx,SMQ BIBLES\weekends\complicated questions\riddles\10.docx,24733,3,SMQ BIBLES\NSMQ 2009\CONTEST10 FF\Round 5.docx | SMQ BIBLES\NSMQ 2009\Ready for Editing\CONTEST10\Round 5.docx | SMQ BIBLES\weekends\complicated questions\riddles\10.docx
2f99e93874fe11eebca5fc7278848303914b81a6e7f5624d056e695aaf097ab5,loose_file,11.doc,.doc,SMQ BIBLES\weekends\complicated questions\riddles\11.doc,36864,2,SMQ BIBLES\NSMQ 2009\Ready for Editing\CONTEST11\ROUND5.doc | SMQ BIBLES\weekends\complicated questions\riddles\11.doc
5e1b6f43dfb46150956635d040201400f68497eb879079b2101ffddc72ceb100,loose_file,12.doc,.doc,SMQ BIBLES\weekends\complicated questions\riddles\12.doc,34816,3,SMQ BIBLES\NSMQ 2009\CONTEST12 SAF\ROUND 5.doc | SMQ BIBLES\NSMQ 2009\Ready for Editing\CONTEST12\ROUND 5.doc | SMQ BIBLES\weekends\complicated questions\riddles\12.doc
875f07bf827846c800ab349f2823474bae78c7185dc00c69150fb2b7fe465ee3,loose_file,13.doc,.doc,SMQ BIBLES\weekends\complicated questions\riddles\13.doc,35840,2,SMQ BIBLES\NSMQ 2009\Ready for Editing\CONTEST13\ROUND5.doc | SMQ BIBLES\weekends\complicated questions\riddles\13.doc
98442487191518aae359f8c048ad8dd2479b673b4a15924a976d5483e5a03f6f,loose_file,14.doc,.doc,SMQ BIBLES\weekends\complicated questions\riddles\14.doc,40448,3,SMQ BIBLES\NSMQ 2009\CONTEST14 FA\ROUND5.doc | SMQ BIBLES\NSMQ 2009\Ready for Editing\CONTEST14\ROUND5.doc | SMQ BIBLES\weekends\complicated questions\riddles\14.doc
4e21049b64761e21c54eb6830dbb3c1adb78a19df7621f43f347ce307fd9b6bb,loose_file,15.doc,.doc,SMQ BIBLES\weekends\complicated questions\riddles\15.doc,52224,3,SMQ BIBLES\NSMQ 2009\CONTEST15 GA\ROUND 5.doc | SMQ BIBLES\NSMQ 2009\Ready for Editing\CONTEST15\ROUND 5.doc | SMQ BIBLES\weekends\complicated questions\riddles\15.doc
95c40fc136a4e961b12705e355fb97c5af2f494af03a162e4fc8f5b1ea81fde4,loose_file,16.doc,.doc,SMQ BIBLES\weekends\complicated questions\riddles\16.doc,50176,3,SMQ BIBLES\NSMQ 2009\CONTEST16 GA\ROUND 5.doc | SMQ BIBLES\NSMQ 2009\Ready for Editing\CONTEST16\ROUND 5.doc | SMQ BIBLES\weekends\complicated questions\riddles\16.doc
3578320ccdf9b0864d5958193740cf6ed4a200708ab75cb15a91f57a8b99d0e4,loose_file,17.doc,.doc,SMQ BIBLES\weekends\complicated questions\riddles\17.doc,62976,2,SMQ BIBLES\NSMQ 2009\Ready for Editing\CONTEST17\ROUND 5.doc | SMQ BIBLES\weekends\complicated questions\riddles\17.doc
32b5c1aa13da0c33a88e49cbf1ae7afa1bcf7805babc7ede01a7ae713c0792e1,loose_file,18.doc,.doc,SMQ BIBLES\weekends\complicated questions\riddles\18.doc,48640,3,SMQ BIBLES\NSMQ 2009\CONTEST18 GA\ROUND 5.doc | SMQ BIBLES\NSMQ 2009\Ready for Editing\CONTEST18\ROUND 5.doc | SMQ BIBLES\weekends\complicated questions\riddles\18.doc
85437d9d11bc933e05f0f3d82cb55f388c45b83acb1a6f4240c3afa7d903322b,loose_file,19.doc,.doc,SMQ BIBLES\weekends\complicated questions\riddles\19.doc,53248,3,SMQ BIBLES\NSMQ 2009\CONTEST19 FA\ROUND 5.doc | SMQ BIBLES\NSMQ 2009\Ready for Editing\CONTEST19\ROUND 5.doc | SMQ BIBLES\weekends\complicated questions\riddles\19.doc
415212010830a2089726aaaeacce4c2542aa996e9417571251fbc0f294ba13f4,loose_file,2.doc,.doc,SMQ BIBLES\weekends\complicated questions\riddles\2.doc,35840,2,SMQ BIBLES\NSMQ 2009\Ready for Editing\CONTEST2\Round 5.doc | SMQ BIBLES\weekends\complicated questions\riddles\2.doc
39ccd9d9e221b20fd01e2f529eaf0a7a3e60a23e1faecafb5785863cd91f10f6,loose_file,20.doc,.doc,SMQ BIBLES\weekends\complicated questions\riddles\20.doc,50688,3,SMQ BIBLES\NSMQ 2009\CONTEST20 GA\ROUND 5.doc | SMQ BIBLES\NSMQ 2009\Ready for Editing\CONTEST20\ROUND 5.doc | SMQ BIBLES\weekends\complicated questions\riddles\20.doc
800e302f27d3f703c2cd983806d828b7e0b754751f27e1784d1832e7841ec0b1,loose_file,21.doc,.doc,SMQ BIBLES\weekends\complicated questions\riddles\21.doc,60416,2,SMQ BIBLES\NSMQ 2009\Ready for Editing\CONTEST21\ROUND 5.doc | SMQ BIBLES\weekends\complicated questions\riddles\21.doc
d31b598a7cefee18fa93e566b7079417203c9ae1a62ef9868360968305702033,loose_file,22.docx,.docx,SMQ BIBLES\weekends\complicated questions\riddles\22.docx,22888,3,SMQ BIBLES\NSMQ 2009\CONTEST22 FF\Round 5.docx | SMQ BIBLES\NSMQ 2009\Ready for Editing\CONTEST22\Round 5.docx | SMQ BIBLES\weekends\complicated questions\riddles\22.docx
57a3f60f6c06698a2c0cb53a8a3f975bb7e844264c0880e49096a0be69647275,loose_file,3.doc,.doc,SMQ BIBLES\weekends\complicated questions\riddles\3.doc,33280,2,SMQ BIBLES\NSMQ 2009\Ready for Editing\CONTEST3\ROUND5.doc | SMQ BIBLES\weekends\complicated questions\riddles\3.doc
45b029b952a251b3518d94c383779985b08050d5d8fe6fd228529b4f214ac8c1,loose_file,4.doc,.doc,SMQ BIBLES\weekends\complicated questions\riddles\4.doc,32768,3,SMQ BIBLES\NSMQ 2009\CONTEST4 GA\ROUND 5.doc | SMQ BIBLES\NSMQ 2009\Ready for Editing\CONTEST4\ROUND 5.doc | SMQ BIBLES\weekends\complicated questions\riddles\4.doc
b040ecdcd359050d536137401c4d4c48d43f4675a0a6df38a434105c06ed2753,loose_file,5.doc,.doc,SMQ BIBLES\weekends\complicated questions\riddles\5.doc,37376,3,SMQ BIBLES\NSMQ 2009\CONTEST5 GA\ROUND 5.doc | SMQ BIBLES\NSMQ 2009\Ready for Editing\CONTEST5\ROUND 5.doc | SMQ BIBLES\weekends\complicated questions\riddles\5.doc
7c7f3d5f18bea723382537a7d2a3c40f9fd067218afa40da465f1359d76dea12,loose_file,6.doc,.doc,SMQ BIBLES\weekends\complicated questions\riddles\6.doc,46592,3,SMQ BIBLES\NSMQ 2009\CONTEST6 SAF\ROUND 5.doc | SMQ BIBLES\NSMQ 2009\Ready for Editing\CONTEST6\ROUND 5.doc | SMQ BIBLES\weekends\complicated questions\riddles\6.doc
f717cc4b4e26c874b1ab8badd97a02b579f91de5c7e356666064aeb9a25d9c64,loose_file,7.doc,.doc,SMQ BIBLES\weekends\complicated questions\riddles\7.doc,45568,1,SMQ BIBLES\weekends\complicated questions\riddles\7.doc
c9f381df870a7052b920926ada4ede30c881f2c77f946a88896f248d1bb011f6,loose_file,8.doc,.doc,SMQ BIBLES\weekends\complicated questions\riddles\8.doc,35840,4,SMQ BIBLES\NSMQ 2009\CONTEST7 FA\CONTEST8 FA\ROUND5.doc | SMQ BIBLES\NSMQ 2009\CONTEST8 FA\ROUND5.doc | SMQ BIBLES\NSMQ 2009\Ready for Editing\CONTEST8\ROUND5.doc | SMQ BIBLES\weekends\complicated questions\riddles\8.doc
25c7e90ddf1c7fea20646bab58160d6df2c399c5ec0c4b831615f4bb69a8e5a5,loose_file,9.doc,.doc,SMQ BIBLES\weekends\complicated questions\riddles\9.doc,37888,1,SMQ BIBLES\weekends\complicated questions\riddles\9.doc
fe119fda227a07358ba77651913a5ad8e9d80d58b5dd511cbe0967a4500ce7ce,loose_file,1.doc,.doc,SMQ BIBLES\weekends\complicated questions\true or false\1.doc,75776,4,SMQ BIBLES\NSMQ 2009\CONTEST1 GA\ROUND 4.doc | SMQ BIBLES\NSMQ 2009\CONTEST2 GA\CONTEST1 GA\ROUND 4.doc | SMQ BIBLES\NSMQ 2009\Ready for Editing\CONTEST1\ROUND 4.doc | SMQ BIBLES\weekends\complicated questions\true or false\1.doc
5371e579b8b282aaca04ee507c36d0e2845b856ed50760f9691f1908cae5d39f,loose_file,10.docx,.docx,SMQ BIBLES\weekends\complicated questions\true or false\10.docx,77895,2,SMQ BIBLES\NSMQ 2009\Ready for Editing\CONTEST10\Round 4.docx | SMQ BIBLES\weekends\complicated questions\true or false\10.docx
211183bb541cd669c293c71f38728ed6ff261a6138e6f3aedd70a4dd95d1cac0,loose_file,11.doc,.doc,SMQ BIBLES\weekends\complicated questions\true or false\11.doc,84480,3,SMQ BIBLES\NSMQ 2009\CONTEST11 SAF\ROUND4.doc | SMQ BIBLES\NSMQ 2009\Ready for Editing\CONTEST11\ROUND4.doc | SMQ BIBLES\weekends\complicated questions\true or false\11.doc
78d35c4028fd7bee99dfda4c2330195ebd9ea5808389b70cdaa3bb8c978b26be,loose_file,12.doc,.doc,SMQ BIBLES\weekends\complicated questions\true or false\12.doc,89088,3,SMQ BIBLES\NSMQ 2009\CONTEST12 SAF\ROUND 4.doc | SMQ BIBLES\NSMQ 2009\Ready for Editing\CONTEST12\ROUND 4.doc | SMQ BIBLES\weekends\complicated questions\true or false\12.doc
920245e14ba86f24e9f9fa72e114b693403753bedcc0489237634fabf8c758d6,loose_file,13.doc,.doc,SMQ BIBLES\weekends\complicated questions\true or false\13.doc,157184,3,SMQ BIBLES\NSMQ 2009\CONTEST13 SAF\ROUND4.doc | SMQ BIBLES\NSMQ 2009\Ready for Editing\CONTEST13\ROUND4.doc | SMQ BIBLES\weekends\complicated questions\true or false\13.doc
43e03dfd14b3daa11462f7b4dafccdbbccb4ec38890d6dc6494f24473221bfea,loose_file,14.doc,.doc,SMQ BIBLES\weekends\complicated questions\true or false\14.doc,104960,2,SMQ BIBLES\NSMQ 2009\Ready for Editing\CONTEST14\ROUND4.doc | SMQ BIBLES\weekends\complicated questions\true or false\14.doc
90f92b585da0b5175839c1ac42c0edcf80655523b1ed62fc87932759f857a258,loose_file,15.doc,.doc,SMQ BIBLES\weekends\complicated questions\true or false\15.doc,122368,3,SMQ BIBLES\NSMQ 2009\CONTEST15 GA\ROUND 4.doc | SMQ BIBLES\NSMQ 2009\Ready for Editing\CONTEST15\ROUND 4.doc | SMQ BIBLES\weekends\complicated questions\true or false\15.doc
cb35660a35648607859ef3b57e89c1a6fb1fe043ba53b01199d86eb3fd25072b,loose_file,16.doc,.doc,SMQ BIBLES\weekends\complicated questions\true or false\16.doc,128000,3,SMQ BIBLES\NSMQ 2009\CONTEST16 GA\ROUND 4.doc | SMQ BIBLES\NSMQ 2009\Ready for Editing\CONTEST16\ROUND 4.doc | SMQ BIBLES\weekends\complicated questions\true or false\16.doc
6804ea0611b3b42e8109d4294e5b6335f24f82f66c9080eef374a81854df10d1,loose_file,17.doc,.doc,SMQ BIBLES\weekends\complicated questions\true or false\17.doc,88576,2,SMQ BIBLES\NSMQ 2009\Ready for Editing\CONTEST17\ROUND 4.doc | SMQ BIBLES\weekends\complicated questions\true or false\17.doc
94fd20095df58ce1fe36c4e71b146305ee3a25fb0f4bc89e9ef0dbfb1a036730,loose_file,18.doc,.doc,SMQ BIBLES\weekends\complicated questions\true or false\18.doc,98304,3,SMQ BIBLES\NSMQ 2009\CONTEST18 GA\ROUND 4.doc | SMQ BIBLES\NSMQ 2009\Ready for Editing\CONTEST18\ROUND 4.doc | SMQ BIBLES\weekends\complicated questions\true or false\18.doc
ebb6ef1022f3ff56938835f56641808699f5208cc9a21ba7f2057cd7039f523b,loose_file,19.doc,.doc,SMQ BIBLES\weekends\complicated questions\true or false\19.doc,297984,3,SMQ BIBLES\NSMQ 2009\CONTEST19 FA\ROUND 4.doc | SMQ BIBLES\NSMQ 2009\Ready for Editing\CONTEST19\ROUND 4.doc | SMQ BIBLES\weekends\complicated questions\true or false\19.doc
736e6e4f3aacd1026f8d20ca98b8af4e3f091d02ce132ee1da05d368356fb351,loose_file,2.doc,.doc,SMQ BIBLES\weekends\complicated questions\true or false\2.doc,92672,3,SMQ BIBLES\NSMQ 2009\CONTEST2 GA\Round 4.doc | SMQ BIBLES\NSMQ 2009\Ready for Editing\CONTEST2\Round 4.doc | SMQ BIBLES\weekends\complicated questions\true or false\2.doc
fc25a1dae43cb952db31d0bbf5eebe0c49334360356240abf4a623d3a149c56f,loose_file,20.doc,.doc,SMQ BIBLES\weekends\complicated questions\true or false\20.doc,136192,3,SMQ BIBLES\NSMQ 2009\CONTEST20 GA\ROUND 4.doc | SMQ BIBLES\NSMQ 2009\Ready for Editing\CONTEST20\ROUND 4.doc | SMQ BIBLES\weekends\complicated questions\true or false\20.doc
1cde478bc264a56e7bfd99a9fa639f9677bb5348515896373b728adac7e460eb,loose_file,21.doc,.doc,SMQ BIBLES\weekends\complicated questions\true or false\21.doc,114688,2,SMQ BIBLES\NSMQ 2009\Ready for Editing\CONTEST21\ROUND 4.doc | SMQ BIBLES\weekends\complicated questions\true or false\21.doc
83154156bb95ad0ee4dc06b6a4b7e3911e71c6b49f62f79534fa9159ad041155,loose_file,22.doc,.doc,SMQ BIBLES\weekends\complicated questions\true or false\22.doc,75264,3,SMQ BIBLES\NSMQ 2009\CONTEST22\ROUND 4.doc | SMQ BIBLES\NSMQ 2009\Ready for Editing\CONTEST22\ROUND 4.doc | SMQ BIBLES\weekends\complicated questions\true or false\22.doc
8f079c198b8075fbeedaa51577b03e4e1613b19c55de4c6766f9677bdd960108,loose_file,3.doc,.doc,SMQ BIBLES\weekends\complicated questions\true or false\3.doc,102400,3,SMQ BIBLES\NSMQ 2009\CONTEST3 GA\ROUND4.doc | SMQ BIBLES\NSMQ 2009\Ready for Editing\CONTEST3\ROUND4.doc | SMQ BIBLES\weekends\complicated questions\true or false\3.doc
d28186a67d40425015290259a3c4e0f2fb7b414d16fa6a45612814bc2334dfc8,loose_file,4.doc,.doc,SMQ BIBLES\weekends\complicated questions\true or false\4.doc,62464,3,SMQ BIBLES\NSMQ 2009\CONTEST4 GA\ROUND 4.doc | SMQ BIBLES\NSMQ 2009\Ready for Editing\CONTEST4\ROUND 4.doc | SMQ BIBLES\weekends\complicated questions\true or false\4.doc
04a5498c1cb610fbf21f3eaaea8695ffb60e6551bad3143f13486d6ac0206565,loose_file,5.doc,.doc,SMQ BIBLES\weekends\complicated questions\true or false\5.doc,78336,3,SMQ BIBLES\NSMQ 2009\CONTEST5 GA\ROUND 4.doc | SMQ BIBLES\NSMQ 2009\Ready for Editing\CONTEST5\ROUND 4.doc | SMQ BIBLES\weekends\complicated questions\true or false\5.doc
799d91262b82bbbbf67eadbfe31005cc22a1241d015138fc65ff85cecba2e36f,loose_file,6.doc,.doc,SMQ BIBLES\weekends\complicated questions\true or false\6.doc,104448,3,SMQ BIBLES\NSMQ 2009\CONTEST6 SAF\ROUND 4.doc | SMQ BIBLES\NSMQ 2009\Ready for Editing\CONTEST6\ROUND 4.doc | SMQ BIBLES\weekends\complicated questions\true or false\6.doc
ef52208efdd6ac29481876697d2f998bd5f984a46d7411888c48688788f8aed7,loose_file,7.doc,.doc,SMQ BIBLES\weekends\complicated questions\true or false\7.doc,90624,1,SMQ BIBLES\weekends\complicated questions\true or false\7.doc
8b7d624e5e94c069e435b9ea4ae8c0ba3f8461acee5b021c8e09b30e3cee1ae3,loose_file,8.doc,.doc,SMQ BIBLES\weekends\complicated questions\true or false\8.doc,115200,4,SMQ BIBLES\NSMQ 2009\CONTEST7 FA\CONTEST8 FA\ROUND4.doc | SMQ BIBLES\NSMQ 2009\CONTEST8 FA\ROUND4.doc | SMQ BIBLES\NSMQ 2009\Ready for Editing\CONTEST8\ROUND4.doc | SMQ BIBLES\weekends\complicated questions\true or false\8.doc
06b627249a4d38b36beba5aee623464d20d88d01e39371e130a49c442f25e3b2,loose_file,9.doc,.doc,SMQ BIBLES\weekends\complicated questions\true or false\9.doc,123904,2,SMQ BIBLES\NSMQ 2009\Ready for Editing\CONTEST9\ROUND 4.doc | SMQ BIBLES\weekends\complicated questions\true or false\9.doc
de18b64b9836ac56b48ff9a1ae952dbe0d27d33bf8c2a496e50e7d348fae3de6,loose_file,evening contest.docx,.docx,SMQ BIBLES\weekends\practice\SET 1\evening contest.docx,40221,1,SMQ BIBLES\weekends\practice\SET 1\evening contest.docx
c876d4df9f57f4f43e7980dd9f60806cd356ac126a51e9fa20ef924f569781d0,loose_file,CONTEST 27.docx,.docx,SMQ BIBLES\weekends\practice\SET 2\CONTEST 27.docx,69645,1,SMQ BIBLES\weekends\practice\SET 2\CONTEST 27.docx
e3df2e9fbe733c24972460cc029923e5b3175e7c70505b6084862b51248b0ef1,loose_file,random practice set.docx,.docx,SMQ BIBLES\weekends\regionals\random practice set.docx,36697,1,SMQ BIBLES\weekends\regionals\random practice set.docx
b7abde4c4513195fd924f26d99295ede2b34a110193f6b45384dbba536ea434b,loose_file,speed race set 1.docx,.docx,SMQ BIBLES\weekends\regionals\speed race set 1.docx,18494,1,SMQ BIBLES\weekends\regionals\speed race set 1.docx
e19e374c1d718ee9a69538052267301cdc47aa297e0874716dfa1da7be80e071,loose_file,TONIGHT CONTEST.docx,.docx,SMQ BIBLES\weekends\TONIGHT CONTEST.docx,30964,1,SMQ BIBLES\weekends\TONIGHT CONTEST.docx
